solid OpenSCAD_Model
  facet normal -0.956951 0 0.290248
    outer loop
      vertex 81.1433 0 91.3039
      vertex 81.4847 3 92.4295
      vertex 81.1433 3 91.3039
    endloop
  endfacet
  facet normal -0.956951 0 0.290248
    outer loop
      vertex 81.4847 3 92.4295
      vertex 81.1433 0 91.3039
      vertex 81.4847 0 92.4295
    endloop
  endfacet
  facet normal -0.995183 0 0.0980305
    outer loop
      vertex 81.4847 0 92.4295
      vertex 81.6 3 93.6
      vertex 81.4847 3 92.4295
    endloop
  endfacet
  facet normal -0.995183 0 0.0980305
    outer loop
      vertex 81.6 3 93.6
      vertex 81.4847 0 92.4295
      vertex 81.6 0 93.6
    endloop
  endfacet
  facet normal -0.881903 0 0.471431
    outer loop
      vertex 80.5888 0 90.2666
      vertex 81.1433 3 91.3039
      vertex 80.5888 3 90.2666
    endloop
  endfacet
  facet normal -0.881903 0 0.471431
    outer loop
      vertex 81.1433 3 91.3039
      vertex 80.5888 0 90.2666
      vertex 81.1433 0 91.3039
    endloop
  endfacet
  facet normal 0.634413 0 0.772994
    outer loop
      vertex 71.3574 3 89.3574
      vertex 72.2666 0 88.6112
      vertex 72.2666 3 88.6112
    endloop
  endfacet
  facet normal 0.634413 0 0.772994
    outer loop
      vertex 72.2666 0 88.6112
      vertex 71.3574 3 89.3574
      vertex 71.3574 0 89.3574
    endloop
  endfacet
  facet normal -0.290248 0 0.956951
    outer loop
      vertex 76.7705 3 87.7153
      vertex 77.8961 0 88.0567
      vertex 77.8961 3 88.0567
    endloop
  endfacet
  facet normal -0.290248 0 0.956951
    outer loop
      vertex 77.8961 0 88.0567
      vertex 76.7705 3 87.7153
      vertex 76.7705 0 87.7153
    endloop
  endfacet
  facet normal -0.772994 0 0.634413
    outer loop
      vertex 79.8426 0 89.3574
      vertex 80.5888 3 90.2666
      vertex 79.8426 3 89.3574
    endloop
  endfacet
  facet normal -0.772994 0 0.634413
    outer loop
      vertex 80.5888 3 90.2666
      vertex 79.8426 0 89.3574
      vertex 80.5888 0 90.2666
    endloop
  endfacet
  facet normal 0.772994 -0 0.634413
    outer loop
      vertex 70.6112 0 90.2666
      vertex 71.3574 3 89.3574
      vertex 70.6112 3 90.2666
    endloop
  endfacet
  facet normal 0.772994 0 0.634413
    outer loop
      vertex 71.3574 3 89.3574
      vertex 70.6112 0 90.2666
      vertex 71.3574 0 89.3574
    endloop
  endfacet
  facet normal 0.881903 0 -0.471431
    outer loop
      vertex 70.6112 0 96.9334
      vertex 70.0567 3 95.8961
      vertex 70.6112 3 96.9334
    endloop
  endfacet
  facet normal 0.881903 0 -0.471431
    outer loop
      vertex 70.0567 3 95.8961
      vertex 70.6112 0 96.9334
      vertex 70.0567 0 95.8961
    endloop
  endfacet
  facet normal -0.881903 0 -0.471431
    outer loop
      vertex 81.1433 0 95.8961
      vertex 80.5888 3 96.9334
      vertex 81.1433 3 95.8961
    endloop
  endfacet
  facet normal -0.881903 -0 -0.471431
    outer loop
      vertex 80.5888 3 96.9334
      vertex 81.1433 0 95.8961
      vertex 80.5888 0 96.9334
    endloop
  endfacet
  facet normal 0.290248 0 0.956951
    outer loop
      vertex 73.3039 3 88.0567
      vertex 74.4295 0 87.7153
      vertex 74.4295 3 87.7153
    endloop
  endfacet
  facet normal 0.290248 0 0.956951
    outer loop
      vertex 74.4295 0 87.7153
      vertex 73.3039 3 88.0567
      vertex 73.3039 0 88.0567
    endloop
  endfacet
  facet normal -0.290248 0 -0.956951
    outer loop
      vertex 76.7705 0 99.4847
      vertex 77.8961 3 99.1433
      vertex 77.8961 0 99.1433
    endloop
  endfacet
  facet normal -0.290248 0 -0.956951
    outer loop
      vertex 77.8961 3 99.1433
      vertex 76.7705 0 99.4847
      vertex 76.7705 3 99.4847
    endloop
  endfacet
  facet normal -0.634413 0 0.772994
    outer loop
      vertex 78.9334 3 88.6112
      vertex 79.8426 0 89.3574
      vertex 79.8426 3 89.3574
    endloop
  endfacet
  facet normal -0.634413 0 0.772994
    outer loop
      vertex 79.8426 0 89.3574
      vertex 78.9334 3 88.6112
      vertex 78.9334 0 88.6112
    endloop
  endfacet
  facet normal 0.0980305 0 0.995183
    outer loop
      vertex 74.4295 3 87.7153
      vertex 75.6 0 87.6
      vertex 75.6 3 87.6
    endloop
  endfacet
  facet normal 0.0980305 0 0.995183
    outer loop
      vertex 75.6 0 87.6
      vertex 74.4295 3 87.7153
      vertex 74.4295 0 87.7153
    endloop
  endfacet
  facet normal -0.634413 0 -0.772994
    outer loop
      vertex 78.9334 0 98.5888
      vertex 79.8426 3 97.8426
      vertex 79.8426 0 97.8426
    endloop
  endfacet
  facet normal -0.634413 0 -0.772994
    outer loop
      vertex 79.8426 3 97.8426
      vertex 78.9334 0 98.5888
      vertex 78.9334 3 98.5888
    endloop
  endfacet
  facet normal -0.471431 0 -0.881903
    outer loop
      vertex 77.8961 0 99.1433
      vertex 78.9334 3 98.5888
      vertex 78.9334 0 98.5888
    endloop
  endfacet
  facet normal -0.471431 0 -0.881903
    outer loop
      vertex 78.9334 3 98.5888
      vertex 77.8961 0 99.1433
      vertex 77.8961 3 99.1433
    endloop
  endfacet
  facet normal 0.634413 0 -0.772994
    outer loop
      vertex 71.3574 0 97.8426
      vertex 72.2666 3 98.5888
      vertex 72.2666 0 98.5888
    endloop
  endfacet
  facet normal 0.634413 0 -0.772994
    outer loop
      vertex 72.2666 3 98.5888
      vertex 71.3574 0 97.8426
      vertex 71.3574 3 97.8426
    endloop
  endfacet
  facet normal -0.772994 0 -0.634413
    outer loop
      vertex 80.5888 0 96.9334
      vertex 79.8426 3 97.8426
      vertex 80.5888 3 96.9334
    endloop
  endfacet
  facet normal -0.772994 -0 -0.634413
    outer loop
      vertex 79.8426 3 97.8426
      vertex 80.5888 0 96.9334
      vertex 79.8426 0 97.8426
    endloop
  endfacet
  facet normal -0.995183 0 -0.0980305
    outer loop
      vertex 81.6 0 93.6
      vertex 81.4847 3 94.7705
      vertex 81.6 3 93.6
    endloop
  endfacet
  facet normal -0.995183 -0 -0.0980305
    outer loop
      vertex 81.4847 3 94.7705
      vertex 81.6 0 93.6
      vertex 81.4847 0 94.7705
    endloop
  endfacet
  facet normal -0.956951 0 -0.290248
    outer loop
      vertex 81.4847 0 94.7705
      vertex 81.1433 3 95.8961
      vertex 81.4847 3 94.7705
    endloop
  endfacet
  facet normal -0.956951 -0 -0.290248
    outer loop
      vertex 81.1433 3 95.8961
      vertex 81.4847 0 94.7705
      vertex 81.1433 0 95.8961
    endloop
  endfacet
  facet normal 0.471431 0 0.881903
    outer loop
      vertex 72.2666 3 88.6112
      vertex 73.3039 0 88.0567
      vertex 73.3039 3 88.0567
    endloop
  endfacet
  facet normal 0.471431 0 0.881903
    outer loop
      vertex 73.3039 0 88.0567
      vertex 72.2666 3 88.6112
      vertex 72.2666 0 88.6112
    endloop
  endfacet
  facet normal -0.471431 0 0.881903
    outer loop
      vertex 77.8961 3 88.0567
      vertex 78.9334 0 88.6112
      vertex 78.9334 3 88.6112
    endloop
  endfacet
  facet normal -0.471431 0 0.881903
    outer loop
      vertex 78.9334 0 88.6112
      vertex 77.8961 3 88.0567
      vertex 77.8961 0 88.0567
    endloop
  endfacet
  facet normal 0.956951 -0 0.290248
    outer loop
      vertex 69.7153 0 92.4295
      vertex 70.0567 3 91.3039
      vertex 69.7153 3 92.4295
    endloop
  endfacet
  facet normal 0.956951 0 0.290248
    outer loop
      vertex 70.0567 3 91.3039
      vertex 69.7153 0 92.4295
      vertex 70.0567 0 91.3039
    endloop
  endfacet
  facet normal -0.0980305 0 -0.995183
    outer loop
      vertex 75.6 0 99.6
      vertex 76.7705 3 99.4847
      vertex 76.7705 0 99.4847
    endloop
  endfacet
  facet normal -0.0980305 0 -0.995183
    outer loop
      vertex 76.7705 3 99.4847
      vertex 75.6 0 99.6
      vertex 75.6 3 99.6
    endloop
  endfacet
  facet normal 0.881903 -0 0.471431
    outer loop
      vertex 70.0567 0 91.3039
      vertex 70.6112 3 90.2666
      vertex 70.0567 3 91.3039
    endloop
  endfacet
  facet normal 0.881903 0 0.471431
    outer loop
      vertex 70.6112 3 90.2666
      vertex 70.0567 0 91.3039
      vertex 70.6112 0 90.2666
    endloop
  endfacet
  facet normal 0.956951 0 -0.290248
    outer loop
      vertex 70.0567 0 95.8961
      vertex 69.7153 3 94.7705
      vertex 70.0567 3 95.8961
    endloop
  endfacet
  facet normal 0.956951 0 -0.290248
    outer loop
      vertex 69.7153 3 94.7705
      vertex 70.0567 0 95.8961
      vertex 69.7153 0 94.7705
    endloop
  endfacet
  facet normal 0.995183 0 -0.0980305
    outer loop
      vertex 69.7153 0 94.7705
      vertex 69.6 3 93.6
      vertex 69.7153 3 94.7705
    endloop
  endfacet
  facet normal 0.995183 0 -0.0980305
    outer loop
      vertex 69.6 3 93.6
      vertex 69.7153 0 94.7705
      vertex 69.6 0 93.6
    endloop
  endfacet
  facet normal 0.772994 0 -0.634413
    outer loop
      vertex 71.3574 0 97.8426
      vertex 70.6112 3 96.9334
      vertex 71.3574 3 97.8426
    endloop
  endfacet
  facet normal 0.772994 0 -0.634413
    outer loop
      vertex 70.6112 3 96.9334
      vertex 71.3574 0 97.8426
      vertex 70.6112 0 96.9334
    endloop
  endfacet
  facet normal 0.471431 0 -0.881903
    outer loop
      vertex 72.2666 0 98.5888
      vertex 73.3039 3 99.1433
      vertex 73.3039 0 99.1433
    endloop
  endfacet
  facet normal 0.471431 0 -0.881903
    outer loop
      vertex 73.3039 3 99.1433
      vertex 72.2666 0 98.5888
      vertex 72.2666 3 98.5888
    endloop
  endfacet
  facet normal -0.0980305 0 0.995183
    outer loop
      vertex 75.6 3 87.6
      vertex 76.7705 0 87.7153
      vertex 76.7705 3 87.7153
    endloop
  endfacet
  facet normal -0.0980305 0 0.995183
    outer loop
      vertex 76.7705 0 87.7153
      vertex 75.6 3 87.6
      vertex 75.6 0 87.6
    endloop
  endfacet
  facet normal 0.995183 -0 0.0980305
    outer loop
      vertex 69.6 0 93.6
      vertex 69.7153 3 92.4295
      vertex 69.6 3 93.6
    endloop
  endfacet
  facet normal 0.995183 0 0.0980305
    outer loop
      vertex 69.7153 3 92.4295
      vertex 69.6 0 93.6
      vertex 69.7153 0 92.4295
    endloop
  endfacet
  facet normal 0.0980305 0 -0.995183
    outer loop
      vertex 74.4295 0 99.4847
      vertex 75.6 3 99.6
      vertex 75.6 0 99.6
    endloop
  endfacet
  facet normal 0.0980305 0 -0.995183
    outer loop
      vertex 75.6 3 99.6
      vertex 74.4295 0 99.4847
      vertex 74.4295 3 99.4847
    endloop
  endfacet
  facet normal 0.290248 0 -0.956951
    outer loop
      vertex 73.3039 0 99.1433
      vertex 74.4295 3 99.4847
      vertex 74.4295 0 99.4847
    endloop
  endfacet
  facet normal 0.290248 0 -0.956951
    outer loop
      vertex 74.4295 3 99.4847
      vertex 73.3039 0 99.1433
      vertex 73.3039 3 99.1433
    endloop
  endfacet
  facet normal -1 0 0
    outer loop
      vertex 13.5 0 14
      vertex 13.5 3 34
      vertex 13.5 3 14
    endloop
  endfacet
  facet normal -1 -0 0
    outer loop
      vertex 13.5 3 34
      vertex 13.5 0 14
      vertex 13.5 0 34
    endloop
  endfacet
  facet normal 0 0 -1
    outer loop
      vertex 10 0 34
      vertex 13.5 3 34
      vertex 13.5 0 34
    endloop
  endfacet
  facet normal -0 0 -1
    outer loop
      vertex 13.5 3 34
      vertex 10 0 34
      vertex 10 3 34
    endloop
  endfacet
  facet normal -0 0 1
    outer loop
      vertex 10 3 14
      vertex 13.5 0 14
      vertex 13.5 3 14
    endloop
  endfacet
  facet normal 0 0 1
    outer loop
      vertex 13.5 0 14
      vertex 10 3 14
      vertex 10 0 14
    endloop
  endfacet
  facet normal 1 -0 0
    outer loop
      vertex 10 0 34
      vertex 10 3 14
      vertex 10 3 34
    endloop
  endfacet
  facet normal 1 0 0
    outer loop
      vertex 10 3 14
      vertex 10 0 34
      vertex 10 0 14
    endloop
  endfacet
  facet normal -1 0 0
    outer loop
      vertex 19 0 14
      vertex 19 3 34
      vertex 19 3 14
    endloop
  endfacet
  facet normal -1 -0 0
    outer loop
      vertex 19 3 34
      vertex 19 0 14
      vertex 19 0 34
    endloop
  endfacet
  facet normal 0 0 -1
    outer loop
      vertex 15.5 0 34
      vertex 19 3 34
      vertex 19 0 34
    endloop
  endfacet
  facet normal -0 0 -1
    outer loop
      vertex 19 3 34
      vertex 15.5 0 34
      vertex 15.5 3 34
    endloop
  endfacet
  facet normal -0 0 1
    outer loop
      vertex 15.5 3 14
      vertex 19 0 14
      vertex 19 3 14
    endloop
  endfacet
  facet normal 0 0 1
    outer loop
      vertex 19 0 14
      vertex 15.5 3 14
      vertex 15.5 0 14
    endloop
  endfacet
  facet normal 1 -0 0
    outer loop
      vertex 15.5 0 34
      vertex 15.5 3 14
      vertex 15.5 3 34
    endloop
  endfacet
  facet normal 1 0 0
    outer loop
      vertex 15.5 3 14
      vertex 15.5 0 34
      vertex 15.5 0 14
    endloop
  endfacet
  facet normal -1 0 0
    outer loop
      vertex 24.5 0 14
      vertex 24.5 3 34
      vertex 24.5 3 14
    endloop
  endfacet
  facet normal -1 -0 0
    outer loop
      vertex 24.5 3 34
      vertex 24.5 0 14
      vertex 24.5 0 34
    endloop
  endfacet
  facet normal 0 0 -1
    outer loop
      vertex 21 0 34
      vertex 24.5 3 34
      vertex 24.5 0 34
    endloop
  endfacet
  facet normal -0 0 -1
    outer loop
      vertex 24.5 3 34
      vertex 21 0 34
      vertex 21 3 34
    endloop
  endfacet
  facet normal -0 0 1
    outer loop
      vertex 21 3 14
      vertex 24.5 0 14
      vertex 24.5 3 14
    endloop
  endfacet
  facet normal 0 0 1
    outer loop
      vertex 24.5 0 14
      vertex 21 3 14
      vertex 21 0 14
    endloop
  endfacet
  facet normal 1 -0 0
    outer loop
      vertex 21 0 34
      vertex 21 3 14
      vertex 21 3 34
    endloop
  endfacet
  facet normal 1 0 0
    outer loop
      vertex 21 3 14
      vertex 21 0 34
      vertex 21 0 14
    endloop
  endfacet
  facet normal -1 0 0
    outer loop
      vertex 30 0 14
      vertex 30 3 34
      vertex 30 3 14
    endloop
  endfacet
  facet normal -1 -0 0
    outer loop
      vertex 30 3 34
      vertex 30 0 14
      vertex 30 0 34
    endloop
  endfacet
  facet normal 0 0 -1
    outer loop
      vertex 26.5 0 34
      vertex 30 3 34
      vertex 30 0 34
    endloop
  endfacet
  facet normal -0 0 -1
    outer loop
      vertex 30 3 34
      vertex 26.5 0 34
      vertex 26.5 3 34
    endloop
  endfacet
  facet normal -0 0 1
    outer loop
      vertex 26.5 3 14
      vertex 30 0 14
      vertex 30 3 14
    endloop
  endfacet
  facet normal 0 0 1
    outer loop
      vertex 30 0 14
      vertex 26.5 3 14
      vertex 26.5 0 14
    endloop
  endfacet
  facet normal 1 -0 0
    outer loop
      vertex 26.5 0 34
      vertex 26.5 3 14
      vertex 26.5 3 34
    endloop
  endfacet
  facet normal 1 0 0
    outer loop
      vertex 26.5 3 14
      vertex 26.5 0 34
      vertex 26.5 0 14
    endloop
  endfacet
  facet normal -1 0 0
    outer loop
      vertex 35.5 0 14
      vertex 35.5 3 34
      vertex 35.5 3 14
    endloop
  endfacet
  facet normal -1 -0 0
    outer loop
      vertex 35.5 3 34
      vertex 35.5 0 14
      vertex 35.5 0 34
    endloop
  endfacet
  facet normal 0 0 -1
    outer loop
      vertex 32 0 34
      vertex 35.5 3 34
      vertex 35.5 0 34
    endloop
  endfacet
  facet normal -0 0 -1
    outer loop
      vertex 35.5 3 34
      vertex 32 0 34
      vertex 32 3 34
    endloop
  endfacet
  facet normal -0 0 1
    outer loop
      vertex 32 3 14
      vertex 35.5 0 14
      vertex 35.5 3 14
    endloop
  endfacet
  facet normal 0 0 1
    outer loop
      vertex 35.5 0 14
      vertex 32 3 14
      vertex 32 0 14
    endloop
  endfacet
  facet normal 1 -0 0
    outer loop
      vertex 32 0 34
      vertex 32 3 14
      vertex 32 3 34
    endloop
  endfacet
  facet normal 1 0 0
    outer loop
      vertex 32 3 14
      vertex 32 0 34
      vertex 32 0 14
    endloop
  endfacet
  facet normal -1 0 0
    outer loop
      vertex 41 0 14
      vertex 41 3 34
      vertex 41 3 14
    endloop
  endfacet
  facet normal -1 -0 0
    outer loop
      vertex 41 3 34
      vertex 41 0 14
      vertex 41 0 34
    endloop
  endfacet
  facet normal 0 0 -1
    outer loop
      vertex 37.5 0 34
      vertex 41 3 34
      vertex 41 0 34
    endloop
  endfacet
  facet normal -0 0 -1
    outer loop
      vertex 41 3 34
      vertex 37.5 0 34
      vertex 37.5 3 34
    endloop
  endfacet
  facet normal -0 0 1
    outer loop
      vertex 37.5 3 14
      vertex 41 0 14
      vertex 41 3 14
    endloop
  endfacet
  facet normal 0 0 1
    outer loop
      vertex 41 0 14
      vertex 37.5 3 14
      vertex 37.5 0 14
    endloop
  endfacet
  facet normal 1 -0 0
    outer loop
      vertex 37.5 0 34
      vertex 37.5 3 14
      vertex 37.5 3 34
    endloop
  endfacet
  facet normal 1 0 0
    outer loop
      vertex 37.5 3 14
      vertex 37.5 0 34
      vertex 37.5 0 14
    endloop
  endfacet
  facet normal -0.891027 0 0.453951
    outer loop
      vertex 27.5225 81 52.5305
      vertex 27.8776 84 53.2275
      vertex 27.5225 84 52.5305
    endloop
  endfacet
  facet normal -0.891027 0 0.453951
    outer loop
      vertex 27.8776 84 53.2275
      vertex 27.5225 81 52.5305
      vertex 27.8776 81 53.2275
    endloop
  endfacet
  facet normal -0.987679 0 0.156494
    outer loop
      vertex 27.8776 81 53.2275
      vertex 28 84 54
      vertex 27.8776 84 53.2275
    endloop
  endfacet
  facet normal -0.987679 0 0.156494
    outer loop
      vertex 28 84 54
      vertex 27.8776 81 53.2275
      vertex 28 81 54
    endloop
  endfacet
  facet normal -0.453951 0 -0.891027
    outer loop
      vertex 26.2725 81 56.3776
      vertex 26.9695 84 56.0225
      vertex 26.9695 81 56.0225
    endloop
  endfacet
  facet normal -0.453951 0 -0.891027
    outer loop
      vertex 26.9695 84 56.0225
      vertex 26.2725 81 56.3776
      vertex 26.2725 84 56.3776
    endloop
  endfacet
  facet normal 0.453951 0 0.891027
    outer loop
      vertex 24.0305 84 51.9775
      vertex 24.7275 81 51.6224
      vertex 24.7275 84 51.6224
    endloop
  endfacet
  facet normal 0.453951 0 0.891027
    outer loop
      vertex 24.7275 81 51.6224
      vertex 24.0305 84 51.9775
      vertex 24.0305 81 51.9775
    endloop
  endfacet
  facet normal 0.156494 0 -0.987679
    outer loop
      vertex 24.7275 81 56.3776
      vertex 25.5 84 56.5
      vertex 25.5 81 56.5
    endloop
  endfacet
  facet normal 0.156494 0 -0.987679
    outer loop
      vertex 25.5 84 56.5
      vertex 24.7275 81 56.3776
      vertex 24.7275 84 56.3776
    endloop
  endfacet
  facet normal -0.707107 0 -0.707107
    outer loop
      vertex 27.5225 81 55.4695
      vertex 26.9695 84 56.0225
      vertex 27.5225 84 55.4695
    endloop
  endfacet
  facet normal -0.707107 -0 -0.707107
    outer loop
      vertex 26.9695 84 56.0225
      vertex 27.5225 81 55.4695
      vertex 26.9695 81 56.0225
    endloop
  endfacet
  facet normal 0.156494 0 0.987679
    outer loop
      vertex 24.7275 84 51.6224
      vertex 25.5 81 51.5
      vertex 25.5 84 51.5
    endloop
  endfacet
  facet normal 0.156494 0 0.987679
    outer loop
      vertex 25.5 81 51.5
      vertex 24.7275 84 51.6224
      vertex 24.7275 81 51.6224
    endloop
  endfacet
  facet normal 0.891027 0 -0.453951
    outer loop
      vertex 23.4775 81 55.4695
      vertex 23.1224 84 54.7725
      vertex 23.4775 84 55.4695
    endloop
  endfacet
  facet normal 0.891027 0 -0.453951
    outer loop
      vertex 23.1224 84 54.7725
      vertex 23.4775 81 55.4695
      vertex 23.1224 81 54.7725
    endloop
  endfacet
  facet normal 0.707107 -0 0.707107
    outer loop
      vertex 23.4775 81 52.5305
      vertex 24.0305 84 51.9775
      vertex 23.4775 84 52.5305
    endloop
  endfacet
  facet normal 0.707107 0 0.707107
    outer loop
      vertex 24.0305 84 51.9775
      vertex 23.4775 81 52.5305
      vertex 24.0305 81 51.9775
    endloop
  endfacet
  facet normal 0.987679 0 -0.156494
    outer loop
      vertex 23.1224 81 54.7725
      vertex 23 84 54
      vertex 23.1224 84 54.7725
    endloop
  endfacet
  facet normal 0.987679 0 -0.156494
    outer loop
      vertex 23 84 54
      vertex 23.1224 81 54.7725
      vertex 23 81 54
    endloop
  endfacet
  facet normal 0.987679 -0 0.156494
    outer loop
      vertex 23 81 54
      vertex 23.1224 84 53.2275
      vertex 23 84 54
    endloop
  endfacet
  facet normal 0.987679 0 0.156494
    outer loop
      vertex 23.1224 84 53.2275
      vertex 23 81 54
      vertex 23.1224 81 53.2275
    endloop
  endfacet
  facet normal -0.891027 0 -0.453951
    outer loop
      vertex 27.8776 81 54.7725
      vertex 27.5225 84 55.4695
      vertex 27.8776 84 54.7725
    endloop
  endfacet
  facet normal -0.891027 -0 -0.453951
    outer loop
      vertex 27.5225 84 55.4695
      vertex 27.8776 81 54.7725
      vertex 27.5225 81 55.4695
    endloop
  endfacet
  facet normal -0.156494 0 0.987679
    outer loop
      vertex 25.5 84 51.5
      vertex 26.2725 81 51.6224
      vertex 26.2725 84 51.6224
    endloop
  endfacet
  facet normal -0.156494 0 0.987679
    outer loop
      vertex 26.2725 81 51.6224
      vertex 25.5 84 51.5
      vertex 25.5 81 51.5
    endloop
  endfacet
  facet normal -0.156494 0 -0.987679
    outer loop
      vertex 25.5 81 56.5
      vertex 26.2725 84 56.3776
      vertex 26.2725 81 56.3776
    endloop
  endfacet
  facet normal -0.156494 0 -0.987679
    outer loop
      vertex 26.2725 84 56.3776
      vertex 25.5 81 56.5
      vertex 25.5 84 56.5
    endloop
  endfacet
  facet normal 0.453951 0 -0.891027
    outer loop
      vertex 24.0305 81 56.0225
      vertex 24.7275 84 56.3776
      vertex 24.7275 81 56.3776
    endloop
  endfacet
  facet normal 0.453951 0 -0.891027
    outer loop
      vertex 24.7275 84 56.3776
      vertex 24.0305 81 56.0225
      vertex 24.0305 84 56.0225
    endloop
  endfacet
  facet normal -0.453951 0 0.891027
    outer loop
      vertex 26.2725 84 51.6224
      vertex 26.9695 81 51.9775
      vertex 26.9695 84 51.9775
    endloop
  endfacet
  facet normal -0.453951 0 0.891027
    outer loop
      vertex 26.9695 81 51.9775
      vertex 26.2725 84 51.6224
      vertex 26.2725 81 51.6224
    endloop
  endfacet
  facet normal -0.707107 0 0.707107
    outer loop
      vertex 26.9695 81 51.9775
      vertex 27.5225 84 52.5305
      vertex 26.9695 84 51.9775
    endloop
  endfacet
  facet normal -0.707107 0 0.707107
    outer loop
      vertex 27.5225 84 52.5305
      vertex 26.9695 81 51.9775
      vertex 27.5225 81 52.5305
    endloop
  endfacet
  facet normal -0.987679 0 -0.156494
    outer loop
      vertex 28 81 54
      vertex 27.8776 84 54.7725
      vertex 28 84 54
    endloop
  endfacet
  facet normal -0.987679 -0 -0.156494
    outer loop
      vertex 27.8776 84 54.7725
      vertex 28 81 54
      vertex 27.8776 81 54.7725
    endloop
  endfacet
  facet normal 0.891027 -0 0.453951
    outer loop
      vertex 23.1224 81 53.2275
      vertex 23.4775 84 52.5305
      vertex 23.1224 84 53.2275
    endloop
  endfacet
  facet normal 0.891027 0 0.453951
    outer loop
      vertex 23.4775 84 52.5305
      vertex 23.1224 81 53.2275
      vertex 23.4775 81 52.5305
    endloop
  endfacet
  facet normal 0.707107 0 -0.707107
    outer loop
      vertex 23.4775 81 55.4695
      vertex 24.0305 84 56.0225
      vertex 24.0305 81 56.0225
    endloop
  endfacet
  facet normal 0.707107 0 -0.707107
    outer loop
      vertex 24.0305 84 56.0225
      vertex 23.4775 81 55.4695
      vertex 23.4775 84 55.4695
    endloop
  endfacet
  facet normal -0.891027 0 0.453951
    outer loop
      vertex 36.5225 81 52.5305
      vertex 36.8776 84 53.2275
      vertex 36.5225 84 52.5305
    endloop
  endfacet
  facet normal -0.891027 0 0.453951
    outer loop
      vertex 36.8776 84 53.2275
      vertex 36.5225 81 52.5305
      vertex 36.8776 81 53.2275
    endloop
  endfacet
  facet normal -0.987679 0 0.156494
    outer loop
      vertex 36.8776 81 53.2275
      vertex 37 84 54
      vertex 36.8776 84 53.2275
    endloop
  endfacet
  facet normal -0.987679 0 0.156494
    outer loop
      vertex 37 84 54
      vertex 36.8776 81 53.2275
      vertex 37 81 54
    endloop
  endfacet
  facet normal -0.453951 0 -0.891027
    outer loop
      vertex 35.2725 81 56.3776
      vertex 35.9695 84 56.0225
      vertex 35.9695 81 56.0225
    endloop
  endfacet
  facet normal -0.453951 0 -0.891027
    outer loop
      vertex 35.9695 84 56.0225
      vertex 35.2725 81 56.3776
      vertex 35.2725 84 56.3776
    endloop
  endfacet
  facet normal 0.453951 0 0.891027
    outer loop
      vertex 33.0305 84 51.9775
      vertex 33.7275 81 51.6224
      vertex 33.7275 84 51.6224
    endloop
  endfacet
  facet normal 0.453951 0 0.891027
    outer loop
      vertex 33.7275 81 51.6224
      vertex 33.0305 84 51.9775
      vertex 33.0305 81 51.9775
    endloop
  endfacet
  facet normal 0.156494 0 -0.987679
    outer loop
      vertex 33.7275 81 56.3776
      vertex 34.5 84 56.5
      vertex 34.5 81 56.5
    endloop
  endfacet
  facet normal 0.156494 0 -0.987679
    outer loop
      vertex 34.5 84 56.5
      vertex 33.7275 81 56.3776
      vertex 33.7275 84 56.3776
    endloop
  endfacet
  facet normal -0.707107 0 -0.707107
    outer loop
      vertex 36.5225 81 55.4695
      vertex 35.9695 84 56.0225
      vertex 36.5225 84 55.4695
    endloop
  endfacet
  facet normal -0.707107 -0 -0.707107
    outer loop
      vertex 35.9695 84 56.0225
      vertex 36.5225 81 55.4695
      vertex 35.9695 81 56.0225
    endloop
  endfacet
  facet normal 0.156494 0 0.987679
    outer loop
      vertex 33.7275 84 51.6224
      vertex 34.5 81 51.5
      vertex 34.5 84 51.5
    endloop
  endfacet
  facet normal 0.156494 0 0.987679
    outer loop
      vertex 34.5 81 51.5
      vertex 33.7275 84 51.6224
      vertex 33.7275 81 51.6224
    endloop
  endfacet
  facet normal 0.891027 0 -0.453951
    outer loop
      vertex 32.4775 81 55.4695
      vertex 32.1224 84 54.7725
      vertex 32.4775 84 55.4695
    endloop
  endfacet
  facet normal 0.891027 0 -0.453951
    outer loop
      vertex 32.1224 84 54.7725
      vertex 32.4775 81 55.4695
      vertex 32.1224 81 54.7725
    endloop
  endfacet
  facet normal 0.707107 -0 0.707107
    outer loop
      vertex 32.4775 81 52.5305
      vertex 33.0305 84 51.9775
      vertex 32.4775 84 52.5305
    endloop
  endfacet
  facet normal 0.707107 0 0.707107
    outer loop
      vertex 33.0305 84 51.9775
      vertex 32.4775 81 52.5305
      vertex 33.0305 81 51.9775
    endloop
  endfacet
  facet normal 0.987679 0 -0.156494
    outer loop
      vertex 32.1224 81 54.7725
      vertex 32 84 54
      vertex 32.1224 84 54.7725
    endloop
  endfacet
  facet normal 0.987679 0 -0.156494
    outer loop
      vertex 32 84 54
      vertex 32.1224 81 54.7725
      vertex 32 81 54
    endloop
  endfacet
  facet normal 0.987679 -0 0.156494
    outer loop
      vertex 32 81 54
      vertex 32.1224 84 53.2275
      vertex 32 84 54
    endloop
  endfacet
  facet normal 0.987679 0 0.156494
    outer loop
      vertex 32.1224 84 53.2275
      vertex 32 81 54
      vertex 32.1224 81 53.2275
    endloop
  endfacet
  facet normal -0.891027 0 -0.453951
    outer loop
      vertex 36.8776 81 54.7725
      vertex 36.5225 84 55.4695
      vertex 36.8776 84 54.7725
    endloop
  endfacet
  facet normal -0.891027 -0 -0.453951
    outer loop
      vertex 36.5225 84 55.4695
      vertex 36.8776 81 54.7725
      vertex 36.5225 81 55.4695
    endloop
  endfacet
  facet normal -0.156494 0 0.987679
    outer loop
      vertex 34.5 84 51.5
      vertex 35.2725 81 51.6224
      vertex 35.2725 84 51.6224
    endloop
  endfacet
  facet normal -0.156494 0 0.987679
    outer loop
      vertex 35.2725 81 51.6224
      vertex 34.5 84 51.5
      vertex 34.5 81 51.5
    endloop
  endfacet
  facet normal -0.156494 0 -0.987679
    outer loop
      vertex 34.5 81 56.5
      vertex 35.2725 84 56.3776
      vertex 35.2725 81 56.3776
    endloop
  endfacet
  facet normal -0.156494 0 -0.987679
    outer loop
      vertex 35.2725 84 56.3776
      vertex 34.5 81 56.5
      vertex 34.5 84 56.5
    endloop
  endfacet
  facet normal 0.453951 0 -0.891027
    outer loop
      vertex 33.0305 81 56.0225
      vertex 33.7275 84 56.3776
      vertex 33.7275 81 56.3776
    endloop
  endfacet
  facet normal 0.453951 0 -0.891027
    outer loop
      vertex 33.7275 84 56.3776
      vertex 33.0305 81 56.0225
      vertex 33.0305 84 56.0225
    endloop
  endfacet
  facet normal -0.453951 0 0.891027
    outer loop
      vertex 35.2725 84 51.6224
      vertex 35.9695 81 51.9775
      vertex 35.9695 84 51.9775
    endloop
  endfacet
  facet normal -0.453951 0 0.891027
    outer loop
      vertex 35.9695 81 51.9775
      vertex 35.2725 84 51.6224
      vertex 35.2725 81 51.6224
    endloop
  endfacet
  facet normal -0.707107 0 0.707107
    outer loop
      vertex 35.9695 81 51.9775
      vertex 36.5225 84 52.5305
      vertex 35.9695 84 51.9775
    endloop
  endfacet
  facet normal -0.707107 0 0.707107
    outer loop
      vertex 36.5225 84 52.5305
      vertex 35.9695 81 51.9775
      vertex 36.5225 81 52.5305
    endloop
  endfacet
  facet normal -0.987679 0 -0.156494
    outer loop
      vertex 37 81 54
      vertex 36.8776 84 54.7725
      vertex 37 84 54
    endloop
  endfacet
  facet normal -0.987679 -0 -0.156494
    outer loop
      vertex 36.8776 84 54.7725
      vertex 37 81 54
      vertex 36.8776 81 54.7725
    endloop
  endfacet
  facet normal 0.891027 -0 0.453951
    outer loop
      vertex 32.1224 81 53.2275
      vertex 32.4775 84 52.5305
      vertex 32.1224 84 53.2275
    endloop
  endfacet
  facet normal 0.891027 0 0.453951
    outer loop
      vertex 32.4775 84 52.5305
      vertex 32.1224 81 53.2275
      vertex 32.4775 81 52.5305
    endloop
  endfacet
  facet normal 0.707107 0 -0.707107
    outer loop
      vertex 32.4775 81 55.4695
      vertex 33.0305 84 56.0225
      vertex 33.0305 81 56.0225
    endloop
  endfacet
  facet normal 0.707107 0 -0.707107
    outer loop
      vertex 33.0305 84 56.0225
      vertex 32.4775 81 55.4695
      vertex 32.4775 84 55.4695
    endloop
  endfacet
  facet normal -0.891027 0 0.453951
    outer loop
      vertex 45.5225 81 52.5305
      vertex 45.8776 84 53.2275
      vertex 45.5225 84 52.5305
    endloop
  endfacet
  facet normal -0.891027 0 0.453951
    outer loop
      vertex 45.8776 84 53.2275
      vertex 45.5225 81 52.5305
      vertex 45.8776 81 53.2275
    endloop
  endfacet
  facet normal -0.987679 0 0.156494
    outer loop
      vertex 45.8776 81 53.2275
      vertex 46 84 54
      vertex 45.8776 84 53.2275
    endloop
  endfacet
  facet normal -0.987679 0 0.156494
    outer loop
      vertex 46 84 54
      vertex 45.8776 81 53.2275
      vertex 46 81 54
    endloop
  endfacet
  facet normal -0.453951 0 -0.891027
    outer loop
      vertex 44.2725 81 56.3776
      vertex 44.9695 84 56.0225
      vertex 44.9695 81 56.0225
    endloop
  endfacet
  facet normal -0.453951 0 -0.891027
    outer loop
      vertex 44.9695 84 56.0225
      vertex 44.2725 81 56.3776
      vertex 44.2725 84 56.3776
    endloop
  endfacet
  facet normal 0.453951 0 0.891027
    outer loop
      vertex 42.0305 84 51.9775
      vertex 42.7275 81 51.6224
      vertex 42.7275 84 51.6224
    endloop
  endfacet
  facet normal 0.453951 0 0.891027
    outer loop
      vertex 42.7275 81 51.6224
      vertex 42.0305 84 51.9775
      vertex 42.0305 81 51.9775
    endloop
  endfacet
  facet normal 0.156494 0 -0.987679
    outer loop
      vertex 42.7275 81 56.3776
      vertex 43.5 84 56.5
      vertex 43.5 81 56.5
    endloop
  endfacet
  facet normal 0.156494 0 -0.987679
    outer loop
      vertex 43.5 84 56.5
      vertex 42.7275 81 56.3776
      vertex 42.7275 84 56.3776
    endloop
  endfacet
  facet normal -0.707107 0 -0.707107
    outer loop
      vertex 45.5225 81 55.4695
      vertex 44.9695 84 56.0225
      vertex 45.5225 84 55.4695
    endloop
  endfacet
  facet normal -0.707107 -0 -0.707107
    outer loop
      vertex 44.9695 84 56.0225
      vertex 45.5225 81 55.4695
      vertex 44.9695 81 56.0225
    endloop
  endfacet
  facet normal 0.156494 0 0.987679
    outer loop
      vertex 42.7275 84 51.6224
      vertex 43.5 81 51.5
      vertex 43.5 84 51.5
    endloop
  endfacet
  facet normal 0.156494 0 0.987679
    outer loop
      vertex 43.5 81 51.5
      vertex 42.7275 84 51.6224
      vertex 42.7275 81 51.6224
    endloop
  endfacet
  facet normal 0.891027 0 -0.453951
    outer loop
      vertex 41.4775 81 55.4695
      vertex 41.1224 84 54.7725
      vertex 41.4775 84 55.4695
    endloop
  endfacet
  facet normal 0.891027 0 -0.453951
    outer loop
      vertex 41.1224 84 54.7725
      vertex 41.4775 81 55.4695
      vertex 41.1224 81 54.7725
    endloop
  endfacet
  facet normal 0.707107 -0 0.707107
    outer loop
      vertex 41.4775 81 52.5305
      vertex 42.0305 84 51.9775
      vertex 41.4775 84 52.5305
    endloop
  endfacet
  facet normal 0.707107 0 0.707107
    outer loop
      vertex 42.0305 84 51.9775
      vertex 41.4775 81 52.5305
      vertex 42.0305 81 51.9775
    endloop
  endfacet
  facet normal 0.987679 0 -0.156494
    outer loop
      vertex 41.1224 81 54.7725
      vertex 41 84 54
      vertex 41.1224 84 54.7725
    endloop
  endfacet
  facet normal 0.987679 0 -0.156494
    outer loop
      vertex 41 84 54
      vertex 41.1224 81 54.7725
      vertex 41 81 54
    endloop
  endfacet
  facet normal 0.987679 -0 0.156494
    outer loop
      vertex 41 81 54
      vertex 41.1224 84 53.2275
      vertex 41 84 54
    endloop
  endfacet
  facet normal 0.987679 0 0.156494
    outer loop
      vertex 41.1224 84 53.2275
      vertex 41 81 54
      vertex 41.1224 81 53.2275
    endloop
  endfacet
  facet normal -0.891027 0 -0.453951
    outer loop
      vertex 45.8776 81 54.7725
      vertex 45.5225 84 55.4695
      vertex 45.8776 84 54.7725
    endloop
  endfacet
  facet normal -0.891027 -0 -0.453951
    outer loop
      vertex 45.5225 84 55.4695
      vertex 45.8776 81 54.7725
      vertex 45.5225 81 55.4695
    endloop
  endfacet
  facet normal -0.156494 0 0.987679
    outer loop
      vertex 43.5 84 51.5
      vertex 44.2725 81 51.6224
      vertex 44.2725 84 51.6224
    endloop
  endfacet
  facet normal -0.156494 0 0.987679
    outer loop
      vertex 44.2725 81 51.6224
      vertex 43.5 84 51.5
      vertex 43.5 81 51.5
    endloop
  endfacet
  facet normal -0.156494 0 -0.987679
    outer loop
      vertex 43.5 81 56.5
      vertex 44.2725 84 56.3776
      vertex 44.2725 81 56.3776
    endloop
  endfacet
  facet normal -0.156494 0 -0.987679
    outer loop
      vertex 44.2725 84 56.3776
      vertex 43.5 81 56.5
      vertex 43.5 84 56.5
    endloop
  endfacet
  facet normal 0.453951 0 -0.891027
    outer loop
      vertex 42.0305 81 56.0225
      vertex 42.7275 84 56.3776
      vertex 42.7275 81 56.3776
    endloop
  endfacet
  facet normal 0.453951 0 -0.891027
    outer loop
      vertex 42.7275 84 56.3776
      vertex 42.0305 81 56.0225
      vertex 42.0305 84 56.0225
    endloop
  endfacet
  facet normal -0.453951 0 0.891027
    outer loop
      vertex 44.2725 84 51.6224
      vertex 44.9695 81 51.9775
      vertex 44.9695 84 51.9775
    endloop
  endfacet
  facet normal -0.453951 0 0.891027
    outer loop
      vertex 44.9695 81 51.9775
      vertex 44.2725 84 51.6224
      vertex 44.2725 81 51.6224
    endloop
  endfacet
  facet normal -0.707107 0 0.707107
    outer loop
      vertex 44.9695 81 51.9775
      vertex 45.5225 84 52.5305
      vertex 44.9695 84 51.9775
    endloop
  endfacet
  facet normal -0.707107 0 0.707107
    outer loop
      vertex 45.5225 84 52.5305
      vertex 44.9695 81 51.9775
      vertex 45.5225 81 52.5305
    endloop
  endfacet
  facet normal -0.987679 0 -0.156494
    outer loop
      vertex 46 81 54
      vertex 45.8776 84 54.7725
      vertex 46 84 54
    endloop
  endfacet
  facet normal -0.987679 -0 -0.156494
    outer loop
      vertex 45.8776 84 54.7725
      vertex 46 81 54
      vertex 45.8776 81 54.7725
    endloop
  endfacet
  facet normal 0.891027 -0 0.453951
    outer loop
      vertex 41.1224 81 53.2275
      vertex 41.4775 84 52.5305
      vertex 41.1224 84 53.2275
    endloop
  endfacet
  facet normal 0.891027 0 0.453951
    outer loop
      vertex 41.4775 84 52.5305
      vertex 41.1224 81 53.2275
      vertex 41.4775 81 52.5305
    endloop
  endfacet
  facet normal 0.707107 0 -0.707107
    outer loop
      vertex 41.4775 81 55.4695
      vertex 42.0305 84 56.0225
      vertex 42.0305 81 56.0225
    endloop
  endfacet
  facet normal 0.707107 0 -0.707107
    outer loop
      vertex 42.0305 84 56.0225
      vertex 41.4775 81 55.4695
      vertex 41.4775 84 55.4695
    endloop
  endfacet
  facet normal -0.891027 0 0.453951
    outer loop
      vertex 54.5225 81 52.5305
      vertex 54.8776 84 53.2275
      vertex 54.5225 84 52.5305
    endloop
  endfacet
  facet normal -0.891027 0 0.453951
    outer loop
      vertex 54.8776 84 53.2275
      vertex 54.5225 81 52.5305
      vertex 54.8776 81 53.2275
    endloop
  endfacet
  facet normal -0.987679 0 0.156494
    outer loop
      vertex 54.8776 81 53.2275
      vertex 55 84 54
      vertex 54.8776 84 53.2275
    endloop
  endfacet
  facet normal -0.987679 0 0.156494
    outer loop
      vertex 55 84 54
      vertex 54.8776 81 53.2275
      vertex 55 81 54
    endloop
  endfacet
  facet normal -0.453951 0 -0.891027
    outer loop
      vertex 53.2725 81 56.3776
      vertex 53.9695 84 56.0225
      vertex 53.9695 81 56.0225
    endloop
  endfacet
  facet normal -0.453951 0 -0.891027
    outer loop
      vertex 53.9695 84 56.0225
      vertex 53.2725 81 56.3776
      vertex 53.2725 84 56.3776
    endloop
  endfacet
  facet normal 0.453951 0 0.891027
    outer loop
      vertex 51.0305 84 51.9775
      vertex 51.7275 81 51.6224
      vertex 51.7275 84 51.6224
    endloop
  endfacet
  facet normal 0.453951 0 0.891027
    outer loop
      vertex 51.7275 81 51.6224
      vertex 51.0305 84 51.9775
      vertex 51.0305 81 51.9775
    endloop
  endfacet
  facet normal 0.156494 0 -0.987679
    outer loop
      vertex 51.7275 81 56.3776
      vertex 52.5 84 56.5
      vertex 52.5 81 56.5
    endloop
  endfacet
  facet normal 0.156494 0 -0.987679
    outer loop
      vertex 52.5 84 56.5
      vertex 51.7275 81 56.3776
      vertex 51.7275 84 56.3776
    endloop
  endfacet
  facet normal -0.707107 0 -0.707107
    outer loop
      vertex 54.5225 81 55.4695
      vertex 53.9695 84 56.0225
      vertex 54.5225 84 55.4695
    endloop
  endfacet
  facet normal -0.707107 -0 -0.707107
    outer loop
      vertex 53.9695 84 56.0225
      vertex 54.5225 81 55.4695
      vertex 53.9695 81 56.0225
    endloop
  endfacet
  facet normal 0.156494 0 0.987679
    outer loop
      vertex 51.7275 84 51.6224
      vertex 52.5 81 51.5
      vertex 52.5 84 51.5
    endloop
  endfacet
  facet normal 0.156494 0 0.987679
    outer loop
      vertex 52.5 81 51.5
      vertex 51.7275 84 51.6224
      vertex 51.7275 81 51.6224
    endloop
  endfacet
  facet normal 0.891027 0 -0.453951
    outer loop
      vertex 50.4775 81 55.4695
      vertex 50.1224 84 54.7725
      vertex 50.4775 84 55.4695
    endloop
  endfacet
  facet normal 0.891027 0 -0.453951
    outer loop
      vertex 50.1224 84 54.7725
      vertex 50.4775 81 55.4695
      vertex 50.1224 81 54.7725
    endloop
  endfacet
  facet normal 0.707107 -0 0.707107
    outer loop
      vertex 50.4775 81 52.5305
      vertex 51.0305 84 51.9775
      vertex 50.4775 84 52.5305
    endloop
  endfacet
  facet normal 0.707107 0 0.707107
    outer loop
      vertex 51.0305 84 51.9775
      vertex 50.4775 81 52.5305
      vertex 51.0305 81 51.9775
    endloop
  endfacet
  facet normal 0.987679 0 -0.156494
    outer loop
      vertex 50.1224 81 54.7725
      vertex 50 84 54
      vertex 50.1224 84 54.7725
    endloop
  endfacet
  facet normal 0.987679 0 -0.156494
    outer loop
      vertex 50 84 54
      vertex 50.1224 81 54.7725
      vertex 50 81 54
    endloop
  endfacet
  facet normal 0.707107 0 -0.707107
    outer loop
      vertex 50.4775 81 55.4695
      vertex 51.0305 84 56.0225
      vertex 51.0305 81 56.0225
    endloop
  endfacet
  facet normal 0.707107 0 -0.707107
    outer loop
      vertex 51.0305 84 56.0225
      vertex 50.4775 81 55.4695
      vertex 50.4775 84 55.4695
    endloop
  endfacet
  facet normal 0.987679 -0 0.156494
    outer loop
      vertex 50 81 54
      vertex 50.1224 84 53.2275
      vertex 50 84 54
    endloop
  endfacet
  facet normal 0.987679 0 0.156494
    outer loop
      vertex 50.1224 84 53.2275
      vertex 50 81 54
      vertex 50.1224 81 53.2275
    endloop
  endfacet
  facet normal -0.891027 0 -0.453951
    outer loop
      vertex 54.8776 81 54.7725
      vertex 54.5225 84 55.4695
      vertex 54.8776 84 54.7725
    endloop
  endfacet
  facet normal -0.891027 -0 -0.453951
    outer loop
      vertex 54.5225 84 55.4695
      vertex 54.8776 81 54.7725
      vertex 54.5225 81 55.4695
    endloop
  endfacet
  facet normal -0.156494 0 0.987679
    outer loop
      vertex 52.5 84 51.5
      vertex 53.2725 81 51.6224
      vertex 53.2725 84 51.6224
    endloop
  endfacet
  facet normal -0.156494 0 0.987679
    outer loop
      vertex 53.2725 81 51.6224
      vertex 52.5 84 51.5
      vertex 52.5 81 51.5
    endloop
  endfacet
  facet normal -0.156494 0 -0.987679
    outer loop
      vertex 52.5 81 56.5
      vertex 53.2725 84 56.3776
      vertex 53.2725 81 56.3776
    endloop
  endfacet
  facet normal -0.156494 0 -0.987679
    outer loop
      vertex 53.2725 84 56.3776
      vertex 52.5 81 56.5
      vertex 52.5 84 56.5
    endloop
  endfacet
  facet normal 0.453951 0 -0.891027
    outer loop
      vertex 51.0305 81 56.0225
      vertex 51.7275 84 56.3776
      vertex 51.7275 81 56.3776
    endloop
  endfacet
  facet normal 0.453951 0 -0.891027
    outer loop
      vertex 51.7275 84 56.3776
      vertex 51.0305 81 56.0225
      vertex 51.0305 84 56.0225
    endloop
  endfacet
  facet normal -0.453951 0 0.891027
    outer loop
      vertex 53.2725 84 51.6224
      vertex 53.9695 81 51.9775
      vertex 53.9695 84 51.9775
    endloop
  endfacet
  facet normal -0.453951 0 0.891027
    outer loop
      vertex 53.9695 81 51.9775
      vertex 53.2725 84 51.6224
      vertex 53.2725 81 51.6224
    endloop
  endfacet
  facet normal -0.707107 0 0.707107
    outer loop
      vertex 53.9695 81 51.9775
      vertex 54.5225 84 52.5305
      vertex 53.9695 84 51.9775
    endloop
  endfacet
  facet normal -0.707107 0 0.707107
    outer loop
      vertex 54.5225 84 52.5305
      vertex 53.9695 81 51.9775
      vertex 54.5225 81 52.5305
    endloop
  endfacet
  facet normal -0.987679 0 -0.156494
    outer loop
      vertex 55 81 54
      vertex 54.8776 84 54.7725
      vertex 55 84 54
    endloop
  endfacet
  facet normal -0.987679 -0 -0.156494
    outer loop
      vertex 54.8776 84 54.7725
      vertex 55 81 54
      vertex 54.8776 81 54.7725
    endloop
  endfacet
  facet normal 0.891027 -0 0.453951
    outer loop
      vertex 50.1224 81 53.2275
      vertex 50.4775 84 52.5305
      vertex 50.1224 84 53.2275
    endloop
  endfacet
  facet normal 0.891027 0 0.453951
    outer loop
      vertex 50.4775 84 52.5305
      vertex 50.1224 81 53.2275
      vertex 50.4775 81 52.5305
    endloop
  endfacet
  facet normal -0.891027 0 0.453951
    outer loop
      vertex 63.5225 81 52.5305
      vertex 63.8776 84 53.2275
      vertex 63.5225 84 52.5305
    endloop
  endfacet
  facet normal -0.891027 0 0.453951
    outer loop
      vertex 63.8776 84 53.2275
      vertex 63.5225 81 52.5305
      vertex 63.8776 81 53.2275
    endloop
  endfacet
  facet normal -0.987679 0 0.156494
    outer loop
      vertex 63.8776 81 53.2275
      vertex 64 84 54
      vertex 63.8776 84 53.2275
    endloop
  endfacet
  facet normal -0.987679 0 0.156494
    outer loop
      vertex 64 84 54
      vertex 63.8776 81 53.2275
      vertex 64 81 54
    endloop
  endfacet
  facet normal -0.453951 0 -0.891027
    outer loop
      vertex 62.2725 81 56.3776
      vertex 62.9695 84 56.0225
      vertex 62.9695 81 56.0225
    endloop
  endfacet
  facet normal -0.453951 0 -0.891027
    outer loop
      vertex 62.9695 84 56.0225
      vertex 62.2725 81 56.3776
      vertex 62.2725 84 56.3776
    endloop
  endfacet
  facet normal 0.453951 0 0.891027
    outer loop
      vertex 60.0305 84 51.9775
      vertex 60.7275 81 51.6224
      vertex 60.7275 84 51.6224
    endloop
  endfacet
  facet normal 0.453951 0 0.891027
    outer loop
      vertex 60.7275 81 51.6224
      vertex 60.0305 84 51.9775
      vertex 60.0305 81 51.9775
    endloop
  endfacet
  facet normal 0.156494 0 -0.987679
    outer loop
      vertex 60.7275 81 56.3776
      vertex 61.5 84 56.5
      vertex 61.5 81 56.5
    endloop
  endfacet
  facet normal 0.156494 0 -0.987679
    outer loop
      vertex 61.5 84 56.5
      vertex 60.7275 81 56.3776
      vertex 60.7275 84 56.3776
    endloop
  endfacet
  facet normal -0.707107 0 -0.707107
    outer loop
      vertex 63.5225 81 55.4695
      vertex 62.9695 84 56.0225
      vertex 63.5225 84 55.4695
    endloop
  endfacet
  facet normal -0.707107 -0 -0.707107
    outer loop
      vertex 62.9695 84 56.0225
      vertex 63.5225 81 55.4695
      vertex 62.9695 81 56.0225
    endloop
  endfacet
  facet normal 0.156494 0 0.987679
    outer loop
      vertex 60.7275 84 51.6224
      vertex 61.5 81 51.5
      vertex 61.5 84 51.5
    endloop
  endfacet
  facet normal 0.156494 0 0.987679
    outer loop
      vertex 61.5 81 51.5
      vertex 60.7275 84 51.6224
      vertex 60.7275 81 51.6224
    endloop
  endfacet
  facet normal 0.891027 0 -0.453951
    outer loop
      vertex 59.4775 81 55.4695
      vertex 59.1224 84 54.7725
      vertex 59.4775 84 55.4695
    endloop
  endfacet
  facet normal 0.891027 0 -0.453951
    outer loop
      vertex 59.1224 84 54.7725
      vertex 59.4775 81 55.4695
      vertex 59.1224 81 54.7725
    endloop
  endfacet
  facet normal 0.707107 -0 0.707107
    outer loop
      vertex 59.4775 81 52.5305
      vertex 60.0305 84 51.9775
      vertex 59.4775 84 52.5305
    endloop
  endfacet
  facet normal 0.707107 0 0.707107
    outer loop
      vertex 60.0305 84 51.9775
      vertex 59.4775 81 52.5305
      vertex 60.0305 81 51.9775
    endloop
  endfacet
  facet normal 0.987679 0 -0.156494
    outer loop
      vertex 59.1224 81 54.7725
      vertex 59 84 54
      vertex 59.1224 84 54.7725
    endloop
  endfacet
  facet normal 0.987679 0 -0.156494
    outer loop
      vertex 59 84 54
      vertex 59.1224 81 54.7725
      vertex 59 81 54
    endloop
  endfacet
  facet normal 0.707107 0 -0.707107
    outer loop
      vertex 59.4775 81 55.4695
      vertex 60.0305 84 56.0225
      vertex 60.0305 81 56.0225
    endloop
  endfacet
  facet normal 0.707107 0 -0.707107
    outer loop
      vertex 60.0305 84 56.0225
      vertex 59.4775 81 55.4695
      vertex 59.4775 84 55.4695
    endloop
  endfacet
  facet normal 0.987679 -0 0.156494
    outer loop
      vertex 59 81 54
      vertex 59.1224 84 53.2275
      vertex 59 84 54
    endloop
  endfacet
  facet normal 0.987679 0 0.156494
    outer loop
      vertex 59.1224 84 53.2275
      vertex 59 81 54
      vertex 59.1224 81 53.2275
    endloop
  endfacet
  facet normal -0.891027 0 -0.453951
    outer loop
      vertex 63.8776 81 54.7725
      vertex 63.5225 84 55.4695
      vertex 63.8776 84 54.7725
    endloop
  endfacet
  facet normal -0.891027 -0 -0.453951
    outer loop
      vertex 63.5225 84 55.4695
      vertex 63.8776 81 54.7725
      vertex 63.5225 81 55.4695
    endloop
  endfacet
  facet normal -0.156494 0 0.987679
    outer loop
      vertex 61.5 84 51.5
      vertex 62.2725 81 51.6224
      vertex 62.2725 84 51.6224
    endloop
  endfacet
  facet normal -0.156494 0 0.987679
    outer loop
      vertex 62.2725 81 51.6224
      vertex 61.5 84 51.5
      vertex 61.5 81 51.5
    endloop
  endfacet
  facet normal -0.156494 0 -0.987679
    outer loop
      vertex 61.5 81 56.5
      vertex 62.2725 84 56.3776
      vertex 62.2725 81 56.3776
    endloop
  endfacet
  facet normal -0.156494 0 -0.987679
    outer loop
      vertex 62.2725 84 56.3776
      vertex 61.5 81 56.5
      vertex 61.5 84 56.5
    endloop
  endfacet
  facet normal 0.453951 0 -0.891027
    outer loop
      vertex 60.0305 81 56.0225
      vertex 60.7275 84 56.3776
      vertex 60.7275 81 56.3776
    endloop
  endfacet
  facet normal 0.453951 0 -0.891027
    outer loop
      vertex 60.7275 84 56.3776
      vertex 60.0305 81 56.0225
      vertex 60.0305 84 56.0225
    endloop
  endfacet
  facet normal -0.453951 0 0.891027
    outer loop
      vertex 62.2725 84 51.6224
      vertex 62.9695 81 51.9775
      vertex 62.9695 84 51.9775
    endloop
  endfacet
  facet normal -0.453951 0 0.891027
    outer loop
      vertex 62.9695 81 51.9775
      vertex 62.2725 84 51.6224
      vertex 62.2725 81 51.6224
    endloop
  endfacet
  facet normal -0.707107 0 0.707107
    outer loop
      vertex 62.9695 81 51.9775
      vertex 63.5225 84 52.5305
      vertex 62.9695 84 51.9775
    endloop
  endfacet
  facet normal -0.707107 0 0.707107
    outer loop
      vertex 63.5225 84 52.5305
      vertex 62.9695 81 51.9775
      vertex 63.5225 81 52.5305
    endloop
  endfacet
  facet normal -0.987679 0 -0.156494
    outer loop
      vertex 64 81 54
      vertex 63.8776 84 54.7725
      vertex 64 84 54
    endloop
  endfacet
  facet normal -0.987679 -0 -0.156494
    outer loop
      vertex 63.8776 84 54.7725
      vertex 64 81 54
      vertex 63.8776 81 54.7725
    endloop
  endfacet
  facet normal 0.891027 -0 0.453951
    outer loop
      vertex 59.1224 81 53.2275
      vertex 59.4775 84 52.5305
      vertex 59.1224 84 53.2275
    endloop
  endfacet
  facet normal 0.891027 0 0.453951
    outer loop
      vertex 59.4775 84 52.5305
      vertex 59.1224 81 53.2275
      vertex 59.4775 81 52.5305
    endloop
  endfacet
  facet normal -0.891027 0 0.453951
    outer loop
      vertex 72.5225 81 52.5305
      vertex 72.8776 84 53.2275
      vertex 72.5225 84 52.5305
    endloop
  endfacet
  facet normal -0.891027 0 0.453951
    outer loop
      vertex 72.8776 84 53.2275
      vertex 72.5225 81 52.5305
      vertex 72.8776 81 53.2275
    endloop
  endfacet
  facet normal -0.987679 0 0.156494
    outer loop
      vertex 72.8776 81 53.2275
      vertex 73 84 54
      vertex 72.8776 84 53.2275
    endloop
  endfacet
  facet normal -0.987679 0 0.156494
    outer loop
      vertex 73 84 54
      vertex 72.8776 81 53.2275
      vertex 73 81 54
    endloop
  endfacet
  facet normal -0.453951 0 -0.891027
    outer loop
      vertex 71.2725 81 56.3776
      vertex 71.9695 84 56.0225
      vertex 71.9695 81 56.0225
    endloop
  endfacet
  facet normal -0.453951 0 -0.891027
    outer loop
      vertex 71.9695 84 56.0225
      vertex 71.2725 81 56.3776
      vertex 71.2725 84 56.3776
    endloop
  endfacet
  facet normal 0.453951 0 0.891027
    outer loop
      vertex 69.0305 84 51.9775
      vertex 69.7275 81 51.6224
      vertex 69.7275 84 51.6224
    endloop
  endfacet
  facet normal 0.453951 0 0.891027
    outer loop
      vertex 69.7275 81 51.6224
      vertex 69.0305 84 51.9775
      vertex 69.0305 81 51.9775
    endloop
  endfacet
  facet normal 0.156494 0 -0.987679
    outer loop
      vertex 69.7275 81 56.3776
      vertex 70.5 84 56.5
      vertex 70.5 81 56.5
    endloop
  endfacet
  facet normal 0.156494 0 -0.987679
    outer loop
      vertex 70.5 84 56.5
      vertex 69.7275 81 56.3776
      vertex 69.7275 84 56.3776
    endloop
  endfacet
  facet normal -0.707107 0 -0.707107
    outer loop
      vertex 71.9695 81 56.0225
      vertex 72.5225 84 55.4695
      vertex 72.5225 81 55.4695
    endloop
  endfacet
  facet normal -0.707107 0 -0.707107
    outer loop
      vertex 72.5225 84 55.4695
      vertex 71.9695 81 56.0225
      vertex 71.9695 84 56.0225
    endloop
  endfacet
  facet normal 0.156494 0 0.987679
    outer loop
      vertex 69.7275 84 51.6224
      vertex 70.5 81 51.5
      vertex 70.5 84 51.5
    endloop
  endfacet
  facet normal 0.156494 0 0.987679
    outer loop
      vertex 70.5 81 51.5
      vertex 69.7275 84 51.6224
      vertex 69.7275 81 51.6224
    endloop
  endfacet
  facet normal 0.891027 0 -0.453951
    outer loop
      vertex 68.4775 81 55.4695
      vertex 68.1224 84 54.7725
      vertex 68.4775 84 55.4695
    endloop
  endfacet
  facet normal 0.891027 0 -0.453951
    outer loop
      vertex 68.1224 84 54.7725
      vertex 68.4775 81 55.4695
      vertex 68.1224 81 54.7725
    endloop
  endfacet
  facet normal 0.707107 -0 0.707107
    outer loop
      vertex 68.4775 81 52.5305
      vertex 69.0305 84 51.9775
      vertex 68.4775 84 52.5305
    endloop
  endfacet
  facet normal 0.707107 0 0.707107
    outer loop
      vertex 69.0305 84 51.9775
      vertex 68.4775 81 52.5305
      vertex 69.0305 81 51.9775
    endloop
  endfacet
  facet normal 0.987679 0 -0.156494
    outer loop
      vertex 68.1224 81 54.7725
      vertex 68 84 54
      vertex 68.1224 84 54.7725
    endloop
  endfacet
  facet normal 0.987679 0 -0.156494
    outer loop
      vertex 68 84 54
      vertex 68.1224 81 54.7725
      vertex 68 81 54
    endloop
  endfacet
  facet normal 0.987679 -0 0.156494
    outer loop
      vertex 68 81 54
      vertex 68.1224 84 53.2275
      vertex 68 84 54
    endloop
  endfacet
  facet normal 0.987679 0 0.156494
    outer loop
      vertex 68.1224 84 53.2275
      vertex 68 81 54
      vertex 68.1224 81 53.2275
    endloop
  endfacet
  facet normal -0.891027 0 -0.453951
    outer loop
      vertex 72.8776 81 54.7725
      vertex 72.5225 84 55.4695
      vertex 72.8776 84 54.7725
    endloop
  endfacet
  facet normal -0.891027 -0 -0.453951
    outer loop
      vertex 72.5225 84 55.4695
      vertex 72.8776 81 54.7725
      vertex 72.5225 81 55.4695
    endloop
  endfacet
  facet normal -0.156494 0 0.987679
    outer loop
      vertex 70.5 84 51.5
      vertex 71.2725 81 51.6224
      vertex 71.2725 84 51.6224
    endloop
  endfacet
  facet normal -0.156494 0 0.987679
    outer loop
      vertex 71.2725 81 51.6224
      vertex 70.5 84 51.5
      vertex 70.5 81 51.5
    endloop
  endfacet
  facet normal -0.156494 0 -0.987679
    outer loop
      vertex 70.5 81 56.5
      vertex 71.2725 84 56.3776
      vertex 71.2725 81 56.3776
    endloop
  endfacet
  facet normal -0.156494 0 -0.987679
    outer loop
      vertex 71.2725 84 56.3776
      vertex 70.5 81 56.5
      vertex 70.5 84 56.5
    endloop
  endfacet
  facet normal 0.453951 0 -0.891027
    outer loop
      vertex 69.0305 81 56.0225
      vertex 69.7275 84 56.3776
      vertex 69.7275 81 56.3776
    endloop
  endfacet
  facet normal 0.453951 0 -0.891027
    outer loop
      vertex 69.7275 84 56.3776
      vertex 69.0305 81 56.0225
      vertex 69.0305 84 56.0225
    endloop
  endfacet
  facet normal -0.453951 0 0.891027
    outer loop
      vertex 71.2725 84 51.6224
      vertex 71.9695 81 51.9775
      vertex 71.9695 84 51.9775
    endloop
  endfacet
  facet normal -0.453951 0 0.891027
    outer loop
      vertex 71.9695 81 51.9775
      vertex 71.2725 84 51.6224
      vertex 71.2725 81 51.6224
    endloop
  endfacet
  facet normal -0.707107 0 0.707107
    outer loop
      vertex 71.9695 84 51.9775
      vertex 72.5225 81 52.5305
      vertex 72.5225 84 52.5305
    endloop
  endfacet
  facet normal -0.707107 0 0.707107
    outer loop
      vertex 72.5225 81 52.5305
      vertex 71.9695 84 51.9775
      vertex 71.9695 81 51.9775
    endloop
  endfacet
  facet normal -0.987679 0 -0.156494
    outer loop
      vertex 73 81 54
      vertex 72.8776 84 54.7725
      vertex 73 84 54
    endloop
  endfacet
  facet normal -0.987679 -0 -0.156494
    outer loop
      vertex 72.8776 84 54.7725
      vertex 73 81 54
      vertex 72.8776 81 54.7725
    endloop
  endfacet
  facet normal 0.891027 -0 0.453951
    outer loop
      vertex 68.1224 81 53.2275
      vertex 68.4775 84 52.5305
      vertex 68.1224 84 53.2275
    endloop
  endfacet
  facet normal 0.891027 0 0.453951
    outer loop
      vertex 68.4775 84 52.5305
      vertex 68.1224 81 53.2275
      vertex 68.4775 81 52.5305
    endloop
  endfacet
  facet normal 0.707107 0 -0.707107
    outer loop
      vertex 69.0305 81 56.0225
      vertex 68.4775 84 55.4695
      vertex 69.0305 84 56.0225
    endloop
  endfacet
  facet normal 0.707107 0 -0.707107
    outer loop
      vertex 68.4775 84 55.4695
      vertex 69.0305 81 56.0225
      vertex 68.4775 81 55.4695
    endloop
  endfacet
  facet normal -0.891027 0 0.453951
    outer loop
      vertex 81.5225 81 52.5305
      vertex 81.8776 84 53.2275
      vertex 81.5225 84 52.5305
    endloop
  endfacet
  facet normal -0.891027 0 0.453951
    outer loop
      vertex 81.8776 84 53.2275
      vertex 81.5225 81 52.5305
      vertex 81.8776 81 53.2275
    endloop
  endfacet
  facet normal -0.987679 0 0.156494
    outer loop
      vertex 81.8776 81 53.2275
      vertex 82 84 54
      vertex 81.8776 84 53.2275
    endloop
  endfacet
  facet normal -0.987679 0 0.156494
    outer loop
      vertex 82 84 54
      vertex 81.8776 81 53.2275
      vertex 82 81 54
    endloop
  endfacet
  facet normal -0.453951 0 -0.891027
    outer loop
      vertex 80.2725 81 56.3776
      vertex 80.9695 84 56.0225
      vertex 80.9695 81 56.0225
    endloop
  endfacet
  facet normal -0.453951 0 -0.891027
    outer loop
      vertex 80.9695 84 56.0225
      vertex 80.2725 81 56.3776
      vertex 80.2725 84 56.3776
    endloop
  endfacet
  facet normal 0.453951 0 0.891027
    outer loop
      vertex 78.0305 84 51.9775
      vertex 78.7275 81 51.6224
      vertex 78.7275 84 51.6224
    endloop
  endfacet
  facet normal 0.453951 0 0.891027
    outer loop
      vertex 78.7275 81 51.6224
      vertex 78.0305 84 51.9775
      vertex 78.0305 81 51.9775
    endloop
  endfacet
  facet normal 0.156494 0 -0.987679
    outer loop
      vertex 78.7275 81 56.3776
      vertex 79.5 84 56.5
      vertex 79.5 81 56.5
    endloop
  endfacet
  facet normal 0.156494 0 -0.987679
    outer loop
      vertex 79.5 84 56.5
      vertex 78.7275 81 56.3776
      vertex 78.7275 84 56.3776
    endloop
  endfacet
  facet normal -0.707107 0 -0.707107
    outer loop
      vertex 80.9695 81 56.0225
      vertex 81.5225 84 55.4695
      vertex 81.5225 81 55.4695
    endloop
  endfacet
  facet normal -0.707107 0 -0.707107
    outer loop
      vertex 81.5225 84 55.4695
      vertex 80.9695 81 56.0225
      vertex 80.9695 84 56.0225
    endloop
  endfacet
  facet normal 0.156494 0 0.987679
    outer loop
      vertex 78.7275 84 51.6224
      vertex 79.5 81 51.5
      vertex 79.5 84 51.5
    endloop
  endfacet
  facet normal 0.156494 0 0.987679
    outer loop
      vertex 79.5 81 51.5
      vertex 78.7275 84 51.6224
      vertex 78.7275 81 51.6224
    endloop
  endfacet
  facet normal 0.891027 0 -0.453951
    outer loop
      vertex 77.4775 81 55.4695
      vertex 77.1224 84 54.7725
      vertex 77.4775 84 55.4695
    endloop
  endfacet
  facet normal 0.891027 0 -0.453951
    outer loop
      vertex 77.1224 84 54.7725
      vertex 77.4775 81 55.4695
      vertex 77.1224 81 54.7725
    endloop
  endfacet
  facet normal 0.707107 -0 0.707107
    outer loop
      vertex 77.4775 81 52.5305
      vertex 78.0305 84 51.9775
      vertex 77.4775 84 52.5305
    endloop
  endfacet
  facet normal 0.707107 0 0.707107
    outer loop
      vertex 78.0305 84 51.9775
      vertex 77.4775 81 52.5305
      vertex 78.0305 81 51.9775
    endloop
  endfacet
  facet normal 0.987679 0 -0.156494
    outer loop
      vertex 77.1224 81 54.7725
      vertex 77 84 54
      vertex 77.1224 84 54.7725
    endloop
  endfacet
  facet normal 0.987679 0 -0.156494
    outer loop
      vertex 77 84 54
      vertex 77.1224 81 54.7725
      vertex 77 81 54
    endloop
  endfacet
  facet normal 0.707107 0 -0.707107
    outer loop
      vertex 78.0305 81 56.0225
      vertex 77.4775 84 55.4695
      vertex 78.0305 84 56.0225
    endloop
  endfacet
  facet normal 0.707107 0 -0.707107
    outer loop
      vertex 77.4775 84 55.4695
      vertex 78.0305 81 56.0225
      vertex 77.4775 81 55.4695
    endloop
  endfacet
  facet normal 0.987679 -0 0.156494
    outer loop
      vertex 77 81 54
      vertex 77.1224 84 53.2275
      vertex 77 84 54
    endloop
  endfacet
  facet normal 0.987679 0 0.156494
    outer loop
      vertex 77.1224 84 53.2275
      vertex 77 81 54
      vertex 77.1224 81 53.2275
    endloop
  endfacet
  facet normal -0.891027 0 -0.453951
    outer loop
      vertex 81.8776 81 54.7725
      vertex 81.5225 84 55.4695
      vertex 81.8776 84 54.7725
    endloop
  endfacet
  facet normal -0.891027 -0 -0.453951
    outer loop
      vertex 81.5225 84 55.4695
      vertex 81.8776 81 54.7725
      vertex 81.5225 81 55.4695
    endloop
  endfacet
  facet normal -0.156494 0 0.987679
    outer loop
      vertex 79.5 84 51.5
      vertex 80.2725 81 51.6224
      vertex 80.2725 84 51.6224
    endloop
  endfacet
  facet normal -0.156494 0 0.987679
    outer loop
      vertex 80.2725 81 51.6224
      vertex 79.5 84 51.5
      vertex 79.5 81 51.5
    endloop
  endfacet
  facet normal -0.156494 0 -0.987679
    outer loop
      vertex 79.5 81 56.5
      vertex 80.2725 84 56.3776
      vertex 80.2725 81 56.3776
    endloop
  endfacet
  facet normal -0.156494 0 -0.987679
    outer loop
      vertex 80.2725 84 56.3776
      vertex 79.5 81 56.5
      vertex 79.5 84 56.5
    endloop
  endfacet
  facet normal 0.453951 0 -0.891027
    outer loop
      vertex 78.0305 81 56.0225
      vertex 78.7275 84 56.3776
      vertex 78.7275 81 56.3776
    endloop
  endfacet
  facet normal 0.453951 0 -0.891027
    outer loop
      vertex 78.7275 84 56.3776
      vertex 78.0305 81 56.0225
      vertex 78.0305 84 56.0225
    endloop
  endfacet
  facet normal -0.453951 0 0.891027
    outer loop
      vertex 80.2725 84 51.6224
      vertex 80.9695 81 51.9775
      vertex 80.9695 84 51.9775
    endloop
  endfacet
  facet normal -0.453951 0 0.891027
    outer loop
      vertex 80.9695 81 51.9775
      vertex 80.2725 84 51.6224
      vertex 80.2725 81 51.6224
    endloop
  endfacet
  facet normal -0.707107 0 0.707107
    outer loop
      vertex 80.9695 84 51.9775
      vertex 81.5225 81 52.5305
      vertex 81.5225 84 52.5305
    endloop
  endfacet
  facet normal -0.707107 0 0.707107
    outer loop
      vertex 81.5225 81 52.5305
      vertex 80.9695 84 51.9775
      vertex 80.9695 81 51.9775
    endloop
  endfacet
  facet normal -0.987679 0 -0.156494
    outer loop
      vertex 82 81 54
      vertex 81.8776 84 54.7725
      vertex 82 84 54
    endloop
  endfacet
  facet normal -0.987679 -0 -0.156494
    outer loop
      vertex 81.8776 84 54.7725
      vertex 82 81 54
      vertex 81.8776 81 54.7725
    endloop
  endfacet
  facet normal 0.891027 -0 0.453951
    outer loop
      vertex 77.1224 81 53.2275
      vertex 77.4775 84 52.5305
      vertex 77.1224 84 53.2275
    endloop
  endfacet
  facet normal 0.891027 0 0.453951
    outer loop
      vertex 77.4775 84 52.5305
      vertex 77.1224 81 53.2275
      vertex 77.4775 81 52.5305
    endloop
  endfacet
  facet normal -1 0 0
    outer loop
      vertex 20 31 0
      vertex 20 53 4
      vertex 20 53 0
    endloop
  endfacet
  facet normal -1 -0 0
    outer loop
      vertex 20 53 4
      vertex 20 31 0
      vertex 20 31 4
    endloop
  endfacet
  facet normal 1 -0 0
    outer loop
      vertex 11 31 4
      vertex 11 53 0
      vertex 11 53 4
    endloop
  endfacet
  facet normal 1 0 0
    outer loop
      vertex 11 53 0
      vertex 11 31 4
      vertex 11 31 0
    endloop
  endfacet
  facet normal 0 -1 0
    outer loop
      vertex 11 53 0
      vertex 20 53 4
      vertex 11 53 4
    endloop
  endfacet
  facet normal 0 -1 -0
    outer loop
      vertex 20 53 4
      vertex 11 53 0
      vertex 20 53 0
    endloop
  endfacet
  facet normal 0 1 -0
    outer loop
      vertex 20 31 0
      vertex 11 31 4
      vertex 20 31 4
    endloop
  endfacet
  facet normal 0 1 0
    outer loop
      vertex 11 31 4
      vertex 20 31 0
      vertex 11 31 0
    endloop
  endfacet
  facet normal -1 0 0
    outer loop
      vertex 37 31 0
      vertex 37 53 4
      vertex 37 53 0
    endloop
  endfacet
  facet normal -1 -0 0
    outer loop
      vertex 37 53 4
      vertex 37 31 0
      vertex 37 31 4
    endloop
  endfacet
  facet normal 1 -0 0
    outer loop
      vertex 28 31 4
      vertex 28 53 0
      vertex 28 53 4
    endloop
  endfacet
  facet normal 1 0 0
    outer loop
      vertex 28 53 0
      vertex 28 31 4
      vertex 28 31 0
    endloop
  endfacet
  facet normal 0 -1 0
    outer loop
      vertex 28 53 0
      vertex 37 53 4
      vertex 28 53 4
    endloop
  endfacet
  facet normal 0 -1 -0
    outer loop
      vertex 37 53 4
      vertex 28 53 0
      vertex 37 53 0
    endloop
  endfacet
  facet normal 0 1 -0
    outer loop
      vertex 37 31 0
      vertex 28 31 4
      vertex 37 31 4
    endloop
  endfacet
  facet normal 0 1 0
    outer loop
      vertex 28 31 4
      vertex 37 31 0
      vertex 28 31 0
    endloop
  endfacet
  facet normal -1 0 0
    outer loop
      vertex 54 31 0
      vertex 54 53 4
      vertex 54 53 0
    endloop
  endfacet
  facet normal -1 -0 0
    outer loop
      vertex 54 53 4
      vertex 54 31 0
      vertex 54 31 4
    endloop
  endfacet
  facet normal 1 -0 0
    outer loop
      vertex 45 31 4
      vertex 45 53 0
      vertex 45 53 4
    endloop
  endfacet
  facet normal 1 0 0
    outer loop
      vertex 45 53 0
      vertex 45 31 4
      vertex 45 31 0
    endloop
  endfacet
  facet normal 0 -1 0
    outer loop
      vertex 45 53 0
      vertex 54 53 4
      vertex 45 53 4
    endloop
  endfacet
  facet normal 0 -1 -0
    outer loop
      vertex 54 53 4
      vertex 45 53 0
      vertex 54 53 0
    endloop
  endfacet
  facet normal 0 1 -0
    outer loop
      vertex 54 31 0
      vertex 45 31 4
      vertex 54 31 4
    endloop
  endfacet
  facet normal 0 1 0
    outer loop
      vertex 45 31 4
      vertex 54 31 0
      vertex 45 31 0
    endloop
  endfacet
  facet normal -1 0 0
    outer loop
      vertex 71 31 0
      vertex 71 53 4
      vertex 71 53 0
    endloop
  endfacet
  facet normal -1 -0 0
    outer loop
      vertex 71 53 4
      vertex 71 31 0
      vertex 71 31 4
    endloop
  endfacet
  facet normal 1 -0 0
    outer loop
      vertex 62 31 4
      vertex 62 53 0
      vertex 62 53 4
    endloop
  endfacet
  facet normal 1 0 0
    outer loop
      vertex 62 53 0
      vertex 62 31 4
      vertex 62 31 0
    endloop
  endfacet
  facet normal 0 -1 0
    outer loop
      vertex 62 53 0
      vertex 71 53 4
      vertex 62 53 4
    endloop
  endfacet
  facet normal 0 -1 -0
    outer loop
      vertex 71 53 4
      vertex 62 53 0
      vertex 71 53 0
    endloop
  endfacet
  facet normal 0 1 -0
    outer loop
      vertex 71 31 0
      vertex 62 31 4
      vertex 71 31 4
    endloop
  endfacet
  facet normal 0 1 0
    outer loop
      vertex 62 31 4
      vertex 71 31 0
      vertex 62 31 0
    endloop
  endfacet
  facet normal -1 0 0
    outer loop
      vertex 88 31 0
      vertex 88 53 4
      vertex 88 53 0
    endloop
  endfacet
  facet normal -1 -0 0
    outer loop
      vertex 88 53 4
      vertex 88 31 0
      vertex 88 31 4
    endloop
  endfacet
  facet normal 1 -0 0
    outer loop
      vertex 79 31 4
      vertex 79 53 0
      vertex 79 53 4
    endloop
  endfacet
  facet normal 1 0 0
    outer loop
      vertex 79 53 0
      vertex 79 31 4
      vertex 79 31 0
    endloop
  endfacet
  facet normal 0 -1 0
    outer loop
      vertex 79 53 0
      vertex 88 53 4
      vertex 79 53 4
    endloop
  endfacet
  facet normal 0 -1 -0
    outer loop
      vertex 88 53 4
      vertex 79 53 0
      vertex 88 53 0
    endloop
  endfacet
  facet normal 0 1 -0
    outer loop
      vertex 88 31 0
      vertex 79 31 4
      vertex 88 31 4
    endloop
  endfacet
  facet normal 0 1 0
    outer loop
      vertex 79 31 4
      vertex 88 31 0
      vertex 79 31 0
    endloop
  endfacet
  facet normal -0.0980169 -0.995185 0
    outer loop
      vertex 4.02455 0.0960732 0
      vertex 5 0 52.8
      vertex 4.02455 0.0960732 52.8
    endloop
  endfacet
  facet normal -0.0980169 -0.995185 -0
    outer loop
      vertex 5 0 52.8
      vertex 4.02455 0.0960732 0
      vertex 5 0 0
    endloop
  endfacet
  facet normal -0.0980169 -0.995185 0
    outer loop
      vertex 4.02455 0.0960732 54
      vertex 5 0 120
      vertex 4.02455 0.0960732 120
    endloop
  endfacet
  facet normal -0.0980169 -0.995185 -0
    outer loop
      vertex 5 0 120
      vertex 4.02455 0.0960732 54
      vertex 5 0 54
    endloop
  endfacet
  facet normal -0.773007 -0.634398 0
    outer loop
      vertex 1.46447 1.46447 0
      vertex 0.842651 2.22215 120
      vertex 0.842651 2.22215 0
    endloop
  endfacet
  facet normal -0.773007 -0.634398 0
    outer loop
      vertex 0.842651 2.22215 120
      vertex 1.46447 1.46447 0
      vertex 1.46447 1.46447 120
    endloop
  endfacet
  facet normal 0.773417 -0.633898 0
    outer loop
      vertex 103.536 1.46447 120
      vertex 104.157 2.22215 0
      vertex 104.157 2.22215 120
    endloop
  endfacet
  facet normal 0.773417 -0.633898 0
    outer loop
      vertex 104.157 2.22215 0
      vertex 103.536 1.46447 120
      vertex 103.536 1.46447 0
    endloop
  endfacet
  facet normal -0.881921 -0.471398 0
    outer loop
      vertex 0.842651 2.22215 0
      vertex 0.380602 3.08658 120
      vertex 0.380602 3.08658 0
    endloop
  endfacet
  facet normal -0.881921 -0.471398 0
    outer loop
      vertex 0.380602 3.08658 120
      vertex 0.842651 2.22215 0
      vertex 0.842651 2.22215 120
    endloop
  endfacet
  facet normal 1 0 0
    outer loop
      vertex 105 79 120
      vertex 105 66.8 25.3
      vertex 105 79 0
    endloop
  endfacet
  facet normal 1 -0 0
    outer loop
      vertex 105 46.8 27.3
      vertex 105 66.8 25.3
      vertex 105 79 120
    endloop
  endfacet
  facet normal 1 0 0
    outer loop
      vertex 105 46.8 11.2
      vertex 105 50.2 25.3
      vertex 105 46.8 27.3
    endloop
  endfacet
  facet normal 1 0 0
    outer loop
      vertex 105 66.8 25.3
      vertex 105 46.8 27.3
      vertex 105 50.2 25.3
    endloop
  endfacet
  facet normal 1 -0 0
    outer loop
      vertex 105 5 120
      vertex 105 46.8 27.3
      vertex 105 79 120
    endloop
  endfacet
  facet normal 1 0 0
    outer loop
      vertex 105 32.2 27.3
      vertex 105 29.8 27.3
      vertex 105 32.2 11.2
    endloop
  endfacet
  facet normal 1 0 0
    outer loop
      vertex 105 46.8 27.3
      vertex 105 5 120
      vertex 105 32.2 27.3
    endloop
  endfacet
  facet normal 1 0 0
    outer loop
      vertex 105 32.2 27.3
      vertex 105 5 120
      vertex 105 29.8 27.3
    endloop
  endfacet
  facet normal 1 0 0
    outer loop
      vertex 105 5 0
      vertex 105 15.2 27.3
      vertex 105 5 120
    endloop
  endfacet
  facet normal 1 0 0
    outer loop
      vertex 105 29.8 27.3
      vertex 105 5 120
      vertex 105 15.2 27.3
    endloop
  endfacet
  facet normal 1 -0 0
    outer loop
      vertex 105 66.8 11.2
      vertex 105 79 0
      vertex 105 66.8 25.3
    endloop
  endfacet
  facet normal 1 -0 0
    outer loop
      vertex 105 50.2 11.2
      vertex 105 79 0
      vertex 105 66.8 11.2
    endloop
  endfacet
  facet normal 1 0 0
    outer loop
      vertex 105 50.2 25.3
      vertex 105 46.8 11.2
      vertex 105 50.2 11.2
    endloop
  endfacet
  facet normal 1 -0 0
    outer loop
      vertex 105 46.8 11.2
      vertex 105 79 0
      vertex 105 50.2 11.2
    endloop
  endfacet
  facet normal 1 0 0
    outer loop
      vertex 105 5 0
      vertex 105 46.8 11.2
      vertex 105 32.2 11.2
    endloop
  endfacet
  facet normal 1 0 0
    outer loop
      vertex 105 29.8 11.2
      vertex 105 32.2 11.2
      vertex 105 29.8 27.3
    endloop
  endfacet
  facet normal 1 0 0
    outer loop
      vertex 105 5 0
      vertex 105 32.2 11.2
      vertex 105 29.8 11.2
    endloop
  endfacet
  facet normal 1 0 0
    outer loop
      vertex 105 5 0
      vertex 105 29.8 11.2
      vertex 105 15.2 11.2
    endloop
  endfacet
  facet normal 1 0 0
    outer loop
      vertex 105 46.8 11.2
      vertex 105 5 0
      vertex 105 79 0
    endloop
  endfacet
  facet normal 1 0 0
    outer loop
      vertex 105 15.2 27.3
      vertex 105 5 0
      vertex 105 15.2 11.2
    endloop
  endfacet
  facet normal 0.290248 0.956951 -0
    outer loop
      vertex 101.913 83.6194 0
      vertex 100.975 83.9039 120
      vertex 101.913 83.6194 120
    endloop
  endfacet
  facet normal 0.290248 0.956951 0
    outer loop
      vertex 100.975 83.9039 120
      vertex 101.913 83.6194 0
      vertex 100.975 83.9039 0
    endloop
  endfacet
  facet normal -0.634398 -0.773007 0
    outer loop
      vertex 1.46447 1.46447 0
      vertex 2.22215 0.842651 120
      vertex 1.46447 1.46447 120
    endloop
  endfacet
  facet normal -0.634398 -0.773007 -0
    outer loop
      vertex 2.22215 0.842651 120
      vertex 1.46447 1.46447 0
      vertex 2.22215 0.842651 0
    endloop
  endfacet
  facet normal -1 0 0
    outer loop
      vertex 0 58.3316 15.3502
      vertex 0 79 0
      vertex 0 58.3316 14.6498
    endloop
  endfacet
  facet normal -1 0 0
    outer loop
      vertex 0 79 0
      vertex 0 58.186 13.9648
      vertex 0 58.3316 14.6498
    endloop
  endfacet
  facet normal -1 0 0
    outer loop
      vertex 0 79 0
      vertex 0 57.9012 13.325
      vertex 0 58.186 13.9648
    endloop
  endfacet
  facet normal -1 0 0
    outer loop
      vertex 0 79 0
      vertex 0 57.4895 12.7584
      vertex 0 57.9012 13.325
    endloop
  endfacet
  facet normal -1 0 0
    outer loop
      vertex 0 79 0
      vertex 0 56.9691 12.2898
      vertex 0 57.4895 12.7584
    endloop
  endfacet
  facet normal -1 0 0
    outer loop
      vertex 0 79 0
      vertex 0 56.3626 11.9396
      vertex 0 56.9691 12.2898
    endloop
  endfacet
  facet normal -1 0 0
    outer loop
      vertex 0 79 0
      vertex 0 55.6965 11.7232
      vertex 0 56.3626 11.9396
    endloop
  endfacet
  facet normal -1 0 0
    outer loop
      vertex 0 79 0
      vertex 0 55 11.65
      vertex 0 55.6965 11.7232
    endloop
  endfacet
  facet normal -1 0 0
    outer loop
      vertex 0 45.5 11.2
      vertex 0 55 11.65
      vertex 0 79 0
    endloop
  endfacet
  facet normal -1 -0 0
    outer loop
      vertex 0 55 11.65
      vertex 0 45.5 11.2
      vertex 0 54.3035 11.7232
    endloop
  endfacet
  facet normal -1 0 0
    outer loop
      vertex 0 45.5 16.25
      vertex 0 51.6684 14.6498
      vertex 0 45.5 11.2
    endloop
  endfacet
  facet normal -1 -0 0
    outer loop
      vertex 0 51.814 13.9648
      vertex 0 45.5 11.2
      vertex 0 51.6684 14.6498
    endloop
  endfacet
  facet normal -1 -0 0
    outer loop
      vertex 0 52.0988 13.325
      vertex 0 45.5 11.2
      vertex 0 51.814 13.9648
    endloop
  endfacet
  facet normal -1 -0 0
    outer loop
      vertex 0 52.5105 12.7584
      vertex 0 45.5 11.2
      vertex 0 52.0988 13.325
    endloop
  endfacet
  facet normal -1 -0 0
    outer loop
      vertex 0 53.0309 12.2898
      vertex 0 45.5 11.2
      vertex 0 52.5105 12.7584
    endloop
  endfacet
  facet normal -1 -0 0
    outer loop
      vertex 0 53.6374 11.9396
      vertex 0 45.5 11.2
      vertex 0 53.0309 12.2898
    endloop
  endfacet
  facet normal -1 -0 0
    outer loop
      vertex 0 54.3035 11.7232
      vertex 0 45.5 11.2
      vertex 0 53.6374 11.9396
    endloop
  endfacet
  facet normal -1 0 0
    outer loop
      vertex 0 79 0
      vertex 0 37.5 11.2
      vertex 0 45.5 11.2
    endloop
  endfacet
  facet normal -1 0 0
    outer loop
      vertex 0 37.5 11.2
      vertex 0 35.5 11.2
      vertex 0 37.5 16.25
    endloop
  endfacet
  facet normal -1 0 0
    outer loop
      vertex 0 5 0
      vertex 0 37.5 11.2
      vertex 0 79 0
    endloop
  endfacet
  facet normal -1 -0 0
    outer loop
      vertex 0 37.5 11.2
      vertex 0 5 0
      vertex 0 35.5 11.2
    endloop
  endfacet
  facet normal -1 0 0
    outer loop
      vertex 0 25.7 15.3
      vertex 0 27.5 11.2
      vertex 0 25.7 11.2
    endloop
  endfacet
  facet normal -1 -0 0
    outer loop
      vertex 0 35.5 11.2
      vertex 0 5 0
      vertex 0 27.5 11.2
    endloop
  endfacet
  facet normal -1 -0 0
    outer loop
      vertex 0 27.5 11.2
      vertex 0 5 0
      vertex 0 25.7 11.2
    endloop
  endfacet
  facet normal -1 -0 0
    outer loop
      vertex 0 16.2 11.2
      vertex 0 5 0
      vertex 0 16.2 15.3
    endloop
  endfacet
  facet normal -1 -0 0
    outer loop
      vertex 0 25.7 11.2
      vertex 0 5 0
      vertex 0 16.2 11.2
    endloop
  endfacet
  facet normal -1 0 0
    outer loop
      vertex 0 58.186 16.0352
      vertex 0 79 0
      vertex 0 58.3316 15.3502
    endloop
  endfacet
  facet normal -1 0 0
    outer loop
      vertex 0 57.9012 16.675
      vertex 0 79 0
      vertex 0 58.186 16.0352
    endloop
  endfacet
  facet normal -1 0 0
    outer loop
      vertex 0 57.4895 17.2416
      vertex 0 79 0
      vertex 0 57.9012 16.675
    endloop
  endfacet
  facet normal -1 0 0
    outer loop
      vertex 0 79 0
      vertex 0 57.4895 17.2416
      vertex 0 79 120
    endloop
  endfacet
  facet normal -1 0 0
    outer loop
      vertex 0 56.9691 17.7102
      vertex 0 79 120
      vertex 0 57.4895 17.2416
    endloop
  endfacet
  facet normal -1 0 0
    outer loop
      vertex 0 56.3626 18.0604
      vertex 0 79 120
      vertex 0 56.9691 17.7102
    endloop
  endfacet
  facet normal -1 0 0
    outer loop
      vertex 0 55.6965 18.2768
      vertex 0 79 120
      vertex 0 56.3626 18.0604
    endloop
  endfacet
  facet normal -1 0 0
    outer loop
      vertex 0 55 18.35
      vertex 0 79 120
      vertex 0 55.6965 18.2768
    endloop
  endfacet
  facet normal -1 0 0
    outer loop
      vertex 0 54.3035 18.2768
      vertex 0 79 120
      vertex 0 55 18.35
    endloop
  endfacet
  facet normal -1 0 0
    outer loop
      vertex 0 37.5 16.25
      vertex 0 54.3035 18.2768
      vertex 0 53.6374 18.0604
    endloop
  endfacet
  facet normal -1 0 0
    outer loop
      vertex 0 45.5 16.25
      vertex 0 53.6374 18.0604
      vertex 0 53.0309 17.7102
    endloop
  endfacet
  facet normal -1 0 0
    outer loop
      vertex 0 45.5 16.25
      vertex 0 53.0309 17.7102
      vertex 0 52.5105 17.2416
    endloop
  endfacet
  facet normal -1 0 0
    outer loop
      vertex 0 45.5 16.25
      vertex 0 52.5105 17.2416
      vertex 0 52.0988 16.675
    endloop
  endfacet
  facet normal -1 0 0
    outer loop
      vertex 0 45.5 16.25
      vertex 0 52.0988 16.675
      vertex 0 51.814 16.0352
    endloop
  endfacet
  facet normal -1 0 0
    outer loop
      vertex 0 51.6684 14.6498
      vertex 0 45.5 16.25
      vertex 0 51.6684 15.3502
    endloop
  endfacet
  facet normal -1 0 0
    outer loop
      vertex 0 51.6684 15.3502
      vertex 0 45.5 16.25
      vertex 0 51.814 16.0352
    endloop
  endfacet
  facet normal -1 0 0
    outer loop
      vertex 0 53.6374 18.0604
      vertex 0 45.5 16.25
      vertex 0 37.5 16.25
    endloop
  endfacet
  facet normal -1 -0 0
    outer loop
      vertex 0 54.3035 18.2768
      vertex 0 37.5 16.25
      vertex 0 5 120
    endloop
  endfacet
  facet normal -1 0 0
    outer loop
      vertex 0 35.5 16.25
      vertex 0 37.5 16.25
      vertex 0 35.5 11.2
    endloop
  endfacet
  facet normal -1 0 0
    outer loop
      vertex 0 5 120
      vertex 0 37.5 16.25
      vertex 0 35.5 16.25
    endloop
  endfacet
  facet normal -1 0 0
    outer loop
      vertex 0 5 120
      vertex 0 35.5 16.25
      vertex 0 27.5 16.25
    endloop
  endfacet
  facet normal -1 0 0
    outer loop
      vertex 0 27.5 11.2
      vertex 0 25.7 15.3
      vertex 0 27.5 16.25
    endloop
  endfacet
  facet normal -1 0 0
    outer loop
      vertex 0 16.2 15.3
      vertex 0 27.5 16.25
      vertex 0 25.7 15.3
    endloop
  endfacet
  facet normal -1 -0 0
    outer loop
      vertex 0 27.5 16.25
      vertex 0 16.2 15.3
      vertex 0 5 120
    endloop
  endfacet
  facet normal -1 0 0
    outer loop
      vertex 0 5 120
      vertex 0 16.2 15.3
      vertex 0 5 0
    endloop
  endfacet
  facet normal -1 0 0
    outer loop
      vertex 0 54.3035 18.2768
      vertex 0 5 120
      vertex 0 79 120
    endloop
  endfacet
  facet normal 0 -1 0
    outer loop
      vertex 35.5 0 14
      vertex 37.5 0 34
      vertex 35.5 0 34
    endloop
  endfacet
  facet normal 0 -1 -0
    outer loop
      vertex 37.5 0 34
      vertex 35.5 0 14
      vertex 37.5 0 14
    endloop
  endfacet
  facet normal 0 -1 0
    outer loop
      vertex 30 0 14
      vertex 32 0 34
      vertex 30 0 34
    endloop
  endfacet
  facet normal 0 -1 -0
    outer loop
      vertex 32 0 34
      vertex 30 0 14
      vertex 32 0 14
    endloop
  endfacet
  facet normal 0 -1 0
    outer loop
      vertex 24.5 0 14
      vertex 26.5 0 34
      vertex 24.5 0 34
    endloop
  endfacet
  facet normal 0 -1 -0
    outer loop
      vertex 26.5 0 34
      vertex 24.5 0 14
      vertex 26.5 0 14
    endloop
  endfacet
  facet normal 0 -1 0
    outer loop
      vertex 19 0 14
      vertex 21 0 34
      vertex 19 0 34
    endloop
  endfacet
  facet normal 0 -1 -0
    outer loop
      vertex 21 0 34
      vertex 19 0 14
      vertex 21 0 14
    endloop
  endfacet
  facet normal 0 -1 0
    outer loop
      vertex 13.5 0 14
      vertex 15.5 0 34
      vertex 13.5 0 34
    endloop
  endfacet
  facet normal 0 -1 -0
    outer loop
      vertex 15.5 0 34
      vertex 13.5 0 14
      vertex 15.5 0 14
    endloop
  endfacet
  facet normal 0 -1 0
    outer loop
      vertex 13.5 0 34
      vertex 5 0 52.8
      vertex 10 0 34
    endloop
  endfacet
  facet normal 0 -1 0
    outer loop
      vertex 5 0 0
      vertex 10 0 34
      vertex 5 0 52.8
    endloop
  endfacet
  facet normal 0 -1 0
    outer loop
      vertex 5 0 0
      vertex 13.5 0 14
      vertex 10 0 14
    endloop
  endfacet
  facet normal 0 -1 -0
    outer loop
      vertex 13.5 0 14
      vertex 5 0 0
      vertex 15.5 0 14
    endloop
  endfacet
  facet normal -0 -1 0
    outer loop
      vertex 27 0 8.2
      vertex 15.5 0 14
      vertex 5 0 0
    endloop
  endfacet
  facet normal 0 -1 0
    outer loop
      vertex 15.5 0 14
      vertex 27 0 8.2
      vertex 19 0 14
    endloop
  endfacet
  facet normal 0 -1 0
    outer loop
      vertex 21 0 14
      vertex 27 0 8.2
      vertex 24.5 0 14
    endloop
  endfacet
  facet normal 0 -1 0
    outer loop
      vertex 24.5 0 14
      vertex 27 0 11.8
      vertex 26.5 0 14
    endloop
  endfacet
  facet normal 0 -1 0
    outer loop
      vertex 26.5 0 14
      vertex 27 0 11.8
      vertex 30 0 14
    endloop
  endfacet
  facet normal 0 -1 -0
    outer loop
      vertex 30 0 14
      vertex 27 0 11.8
      vertex 32 0 14
    endloop
  endfacet
  facet normal 0 -1 0
    outer loop
      vertex 39 0 11.8
      vertex 32 0 14
      vertex 27 0 11.8
    endloop
  endfacet
  facet normal 0 -1 0
    outer loop
      vertex 32 0 14
      vertex 39 0 11.8
      vertex 35.5 0 14
    endloop
  endfacet
  facet normal 0 -1 0
    outer loop
      vertex 35.5 0 14
      vertex 39 0 11.8
      vertex 37.5 0 14
    endloop
  endfacet
  facet normal 0 -1 0
    outer loop
      vertex 24.5 0 14
      vertex 27 0 8.2
      vertex 27 0 11.8
    endloop
  endfacet
  facet normal 0 -1 -0
    outer loop
      vertex 27 0 8.2
      vertex 5 0 0
      vertex 39 0 8.2
    endloop
  endfacet
  facet normal 0 -1 0
    outer loop
      vertex 19 0 14
      vertex 27 0 8.2
      vertex 21 0 14
    endloop
  endfacet
  facet normal 0 -1 -0
    outer loop
      vertex 10 0 34
      vertex 5 0 0
      vertex 10 0 14
    endloop
  endfacet
  facet normal 0 -1 0
    outer loop
      vertex 15.5 0 34
      vertex 5 0 52.8
      vertex 13.5 0 34
    endloop
  endfacet
  facet normal 0 -1 0
    outer loop
      vertex 19 0 34
      vertex 5 0 52.8
      vertex 15.5 0 34
    endloop
  endfacet
  facet normal 0 -1 0
    outer loop
      vertex 21 0 34
      vertex 5 0 52.8
      vertex 19 0 34
    endloop
  endfacet
  facet normal 0 -1 0
    outer loop
      vertex 24.5 0 34
      vertex 5 0 52.8
      vertex 21 0 34
    endloop
  endfacet
  facet normal 0 -1 0
    outer loop
      vertex 26.5 0 34
      vertex 5 0 52.8
      vertex 24.5 0 34
    endloop
  endfacet
  facet normal 0 -1 0
    outer loop
      vertex 30 0 34
      vertex 5 0 52.8
      vertex 26.5 0 34
    endloop
  endfacet
  facet normal 0 -1 0
    outer loop
      vertex 32 0 34
      vertex 5 0 52.8
      vertex 30 0 34
    endloop
  endfacet
  facet normal 0 -1 0
    outer loop
      vertex 35.5 0 34
      vertex 5 0 52.8
      vertex 32 0 34
    endloop
  endfacet
  facet normal 0 -1 0
    outer loop
      vertex 37.5 0 34
      vertex 5 0 52.8
      vertex 35.5 0 34
    endloop
  endfacet
  facet normal 0 -1 0
    outer loop
      vertex 41 0 34
      vertex 5 0 52.8
      vertex 37.5 0 34
    endloop
  endfacet
  facet normal 0 -1 0
    outer loop
      vertex 5 0 52.8
      vertex 41 0 34
      vertex 100 0 52.8
    endloop
  endfacet
  facet normal 0 -1 0
    outer loop
      vertex 100 0 0
      vertex 41 0 34
      vertex 41 0 14
    endloop
  endfacet
  facet normal 0 -1 0
    outer loop
      vertex 37.5 0 14
      vertex 39 0 11.8
      vertex 41 0 14
    endloop
  endfacet
  facet normal 0 -1 0
    outer loop
      vertex 39 0 8.2
      vertex 41 0 14
      vertex 39 0 11.8
    endloop
  endfacet
  facet normal 0 -1 -0
    outer loop
      vertex 41 0 14
      vertex 39 0 8.2
      vertex 100 0 0
    endloop
  endfacet
  facet normal 0 -1 0
    outer loop
      vertex 41 0 34
      vertex 100 0 0
      vertex 100 0 52.8
    endloop
  endfacet
  facet normal 0 -1 0
    outer loop
      vertex 100 0 0
      vertex 39 0 8.2
      vertex 5 0 0
    endloop
  endfacet
  facet normal 0 -1 0
    outer loop
      vertex 100 0 120
      vertex 91.9303 0 95.2168
      vertex 92.6 0 95.35
    endloop
  endfacet
  facet normal 0 -1 0
    outer loop
      vertex 80.5888 0 96.9334
      vertex 91.3626 0 94.8374
      vertex 91.9303 0 95.2168
    endloop
  endfacet
  facet normal 0 -1 0
    outer loop
      vertex 90.9832 0 94.2697
      vertex 81.1433 0 95.8961
      vertex 81.4847 0 94.7705
    endloop
  endfacet
  facet normal 0 -1 0
    outer loop
      vertex 81.1433 0 95.8961
      vertex 90.9832 0 94.2697
      vertex 91.3626 0 94.8374
    endloop
  endfacet
  facet normal 0 -1 0
    outer loop
      vertex 90.85 0 93.6
      vertex 81.4847 0 94.7705
      vertex 81.6 0 93.6
    endloop
  endfacet
  facet normal 0 -1 0
    outer loop
      vertex 81.4847 0 94.7705
      vertex 90.85 0 93.6
      vertex 90.9832 0 94.2697
    endloop
  endfacet
  facet normal 0 -1 0
    outer loop
      vertex 81.4847 0 92.4295
      vertex 90.85 0 93.6
      vertex 81.6 0 93.6
    endloop
  endfacet
  facet normal 0 -1 -0
    outer loop
      vertex 90.85 0 93.6
      vertex 81.4847 0 92.4295
      vertex 90.9832 0 92.9303
    endloop
  endfacet
  facet normal 0 -1 0
    outer loop
      vertex 81.1433 0 91.3039
      vertex 90.9832 0 92.9303
      vertex 81.4847 0 92.4295
    endloop
  endfacet
  facet normal 0 -1 -0
    outer loop
      vertex 90.9832 0 92.9303
      vertex 81.1433 0 91.3039
      vertex 91.3626 0 92.3626
    endloop
  endfacet
  facet normal 0 -1 0
    outer loop
      vertex 80.5888 0 90.2666
      vertex 91.3626 0 92.3626
      vertex 81.1433 0 91.3039
    endloop
  endfacet
  facet normal 0 -1 -0
    outer loop
      vertex 91.3626 0 92.3626
      vertex 80.5888 0 90.2666
      vertex 91.9303 0 91.9832
    endloop
  endfacet
  facet normal 0 -1 0
    outer loop
      vertex 73.3039 0 99.1433
      vertex 100 0 120
      vertex 5 0 120
    endloop
  endfacet
  facet normal 0 -1 0
    outer loop
      vertex 100 0 120
      vertex 74.4295 0 99.4847
      vertex 75.6 0 99.6
    endloop
  endfacet
  facet normal 0 -1 0
    outer loop
      vertex 100 0 120
      vertex 73.3039 0 99.1433
      vertex 74.4295 0 99.4847
    endloop
  endfacet
  facet normal 0 -1 0
    outer loop
      vertex 5 0 120
      vertex 72.2666 0 98.5888
      vertex 73.3039 0 99.1433
    endloop
  endfacet
  facet normal 0 -1 0
    outer loop
      vertex 5 0 120
      vertex 71.3574 0 97.8426
      vertex 72.2666 0 98.5888
    endloop
  endfacet
  facet normal 0 -1 0
    outer loop
      vertex 5 0 120
      vertex 70.6112 0 96.9334
      vertex 71.3574 0 97.8426
    endloop
  endfacet
  facet normal 0 -1 0
    outer loop
      vertex 5 0 120
      vertex 70.0567 0 95.8961
      vertex 70.6112 0 96.9334
    endloop
  endfacet
  facet normal 0 -1 0
    outer loop
      vertex 5 0 120
      vertex 69.7153 0 94.7705
      vertex 70.0567 0 95.8961
    endloop
  endfacet
  facet normal 0 -1 0
    outer loop
      vertex 5 0 120
      vertex 69.6 0 93.6
      vertex 69.7153 0 94.7705
    endloop
  endfacet
  facet normal 0 -1 0
    outer loop
      vertex 5 0 120
      vertex 69.7153 0 92.4295
      vertex 69.6 0 93.6
    endloop
  endfacet
  facet normal 0 -1 0
    outer loop
      vertex 5 0 54
      vertex 69.7153 0 92.4295
      vertex 5 0 120
    endloop
  endfacet
  facet normal 0 -1 -0
    outer loop
      vertex 69.7153 0 92.4295
      vertex 5 0 54
      vertex 70.0567 0 91.3039
    endloop
  endfacet
  facet normal 0 -1 -0
    outer loop
      vertex 70.0567 0 91.3039
      vertex 5 0 54
      vertex 70.6112 0 90.2666
    endloop
  endfacet
  facet normal 0 -1 -0
    outer loop
      vertex 70.6112 0 90.2666
      vertex 5 0 54
      vertex 71.3574 0 89.3574
    endloop
  endfacet
  facet normal 0 -1 -0
    outer loop
      vertex 71.3574 0 89.3574
      vertex 5 0 54
      vertex 72.2666 0 88.6112
    endloop
  endfacet
  facet normal 0 -1 0
    outer loop
      vertex 73.3039 0 88.0567
      vertex 100 0 54
      vertex 74.4295 0 87.7153
    endloop
  endfacet
  facet normal 0 -1 0
    outer loop
      vertex 100 0 54
      vertex 73.3039 0 88.0567
      vertex 5 0 54
    endloop
  endfacet
  facet normal 0 -1 -0
    outer loop
      vertex 72.2666 0 88.6112
      vertex 5 0 54
      vertex 73.3039 0 88.0567
    endloop
  endfacet
  facet normal 0 -1 0
    outer loop
      vertex 76.7705 0 99.4847
      vertex 100 0 120
      vertex 75.6 0 99.6
    endloop
  endfacet
  facet normal 0 -1 0
    outer loop
      vertex 77.8961 0 99.1433
      vertex 100 0 120
      vertex 76.7705 0 99.4847
    endloop
  endfacet
  facet normal 0 -1 0
    outer loop
      vertex 78.9334 0 98.5888
      vertex 100 0 120
      vertex 77.8961 0 99.1433
    endloop
  endfacet
  facet normal 0 -1 0
    outer loop
      vertex 91.9303 0 95.2168
      vertex 78.9334 0 98.5888
      vertex 79.8426 0 97.8426
    endloop
  endfacet
  facet normal 0 -1 0
    outer loop
      vertex 91.9303 0 95.2168
      vertex 79.8426 0 97.8426
      vertex 80.5888 0 96.9334
    endloop
  endfacet
  facet normal 0 -1 0
    outer loop
      vertex 91.3626 0 94.8374
      vertex 80.5888 0 96.9334
      vertex 81.1433 0 95.8961
    endloop
  endfacet
  facet normal 0 -1 0
    outer loop
      vertex 78.9334 0 98.5888
      vertex 91.9303 0 95.2168
      vertex 100 0 120
    endloop
  endfacet
  facet normal 0 -1 0
    outer loop
      vertex 93.2697 0 95.2168
      vertex 100 0 120
      vertex 92.6 0 95.35
    endloop
  endfacet
  facet normal 0 -1 0
    outer loop
      vertex 93.8374 0 94.8374
      vertex 100 0 120
      vertex 93.2697 0 95.2168
    endloop
  endfacet
  facet normal 0 -1 0
    outer loop
      vertex 94.2168 0 94.2697
      vertex 100 0 120
      vertex 93.8374 0 94.8374
    endloop
  endfacet
  facet normal 0 -1 0
    outer loop
      vertex 94.35 0 93.6
      vertex 100 0 120
      vertex 94.2168 0 94.2697
    endloop
  endfacet
  facet normal 0 -1 0
    outer loop
      vertex 100 0 54
      vertex 94.35 0 93.6
      vertex 94.2168 0 92.9303
    endloop
  endfacet
  facet normal 0 -1 0
    outer loop
      vertex 79.8426 0 89.3574
      vertex 91.9303 0 91.9832
      vertex 80.5888 0 90.2666
    endloop
  endfacet
  facet normal 0 -1 0
    outer loop
      vertex 78.9334 0 88.6112
      vertex 91.9303 0 91.9832
      vertex 79.8426 0 89.3574
    endloop
  endfacet
  facet normal 0 -1 -0
    outer loop
      vertex 91.9303 0 91.9832
      vertex 78.9334 0 88.6112
      vertex 92.6 0 91.85
    endloop
  endfacet
  facet normal 0 -1 0
    outer loop
      vertex 100 0 54
      vertex 92.6 0 91.85
      vertex 78.9334 0 88.6112
    endloop
  endfacet
  facet normal 0 -1 0
    outer loop
      vertex 100 0 54
      vertex 78.9334 0 88.6112
      vertex 77.8961 0 88.0567
    endloop
  endfacet
  facet normal 0 -1 0
    outer loop
      vertex 100 0 54
      vertex 77.8961 0 88.0567
      vertex 76.7705 0 87.7153
    endloop
  endfacet
  facet normal 0 -1 0
    outer loop
      vertex 74.4295 0 87.7153
      vertex 100 0 54
      vertex 75.6 0 87.6
    endloop
  endfacet
  facet normal 0 -1 0
    outer loop
      vertex 75.6 0 87.6
      vertex 100 0 54
      vertex 76.7705 0 87.7153
    endloop
  endfacet
  facet normal 0 -1 0
    outer loop
      vertex 94.35 0 93.6
      vertex 100 0 54
      vertex 100 0 120
    endloop
  endfacet
  facet normal 0 -1 0
    outer loop
      vertex 93.8374 0 92.3626
      vertex 100 0 54
      vertex 94.2168 0 92.9303
    endloop
  endfacet
  facet normal 0 -1 0
    outer loop
      vertex 93.2697 0 91.9832
      vertex 100 0 54
      vertex 93.8374 0 92.3626
    endloop
  endfacet
  facet normal 0 -1 0
    outer loop
      vertex 92.6 0 91.85
      vertex 100 0 54
      vertex 93.2697 0 91.9832
    endloop
  endfacet
  facet normal 0.956807 -0.290724 0
    outer loop
      vertex 104.619 3.08658 120
      vertex 104.904 4.02455 0
      vertex 104.904 4.02455 120
    endloop
  endfacet
  facet normal 0.956807 -0.290724 0
    outer loop
      vertex 104.904 4.02455 0
      vertex 104.619 3.08658 120
      vertex 104.619 3.08658 0
    endloop
  endfacet
  facet normal 0 1 -0
    outer loop
      vertex 33.7275 84 56.3776
      vertex 25.5 84 56.5
      vertex 34.5 84 56.5
    endloop
  endfacet
  facet normal 0 1 0
    outer loop
      vertex 33.7275 84 56.3776
      vertex 26.2725 84 56.3776
      vertex 25.5 84 56.5
    endloop
  endfacet
  facet normal 0 1 -0
    outer loop
      vertex 33.0305 84 56.0225
      vertex 26.2725 84 56.3776
      vertex 33.7275 84 56.3776
    endloop
  endfacet
  facet normal 0 1 0
    outer loop
      vertex 33.0305 84 56.0225
      vertex 26.9695 84 56.0225
      vertex 26.2725 84 56.3776
    endloop
  endfacet
  facet normal 0 1 -0
    outer loop
      vertex 32.4775 84 55.4695
      vertex 26.9695 84 56.0225
      vertex 33.0305 84 56.0225
    endloop
  endfacet
  facet normal 0 1 0
    outer loop
      vertex 32.4775 84 55.4695
      vertex 27.5225 84 55.4695
      vertex 26.9695 84 56.0225
    endloop
  endfacet
  facet normal 0 1 -0
    outer loop
      vertex 32.1224 84 54.7725
      vertex 27.5225 84 55.4695
      vertex 32.4775 84 55.4695
    endloop
  endfacet
  facet normal 0 1 0
    outer loop
      vertex 32.1224 84 54.7725
      vertex 27.8776 84 54.7725
      vertex 27.5225 84 55.4695
    endloop
  endfacet
  facet normal 0 1 -0
    outer loop
      vertex 32 84 54
      vertex 27.8776 84 54.7725
      vertex 32.1224 84 54.7725
    endloop
  endfacet
  facet normal 0 1 0
    outer loop
      vertex 32 84 54
      vertex 28 84 54
      vertex 27.8776 84 54.7725
    endloop
  endfacet
  facet normal 0 1 0
    outer loop
      vertex 32.1224 84 53.2275
      vertex 28 84 54
      vertex 32 84 54
    endloop
  endfacet
  facet normal 0 1 0
    outer loop
      vertex 32.1224 84 53.2275
      vertex 27.8776 84 53.2275
      vertex 28 84 54
    endloop
  endfacet
  facet normal 0 1 0
    outer loop
      vertex 32.4775 84 52.5305
      vertex 27.8776 84 53.2275
      vertex 32.1224 84 53.2275
    endloop
  endfacet
  facet normal 0 1 0
    outer loop
      vertex 32.4775 84 52.5305
      vertex 27.5225 84 52.5305
      vertex 27.8776 84 53.2275
    endloop
  endfacet
  facet normal 0 1 0
    outer loop
      vertex 33.0305 84 51.9775
      vertex 27.5225 84 52.5305
      vertex 32.4775 84 52.5305
    endloop
  endfacet
  facet normal 0 1 0
    outer loop
      vertex 33.0305 84 51.9775
      vertex 26.9695 84 51.9775
      vertex 27.5225 84 52.5305
    endloop
  endfacet
  facet normal 0 1 0
    outer loop
      vertex 33.7275 84 51.6224
      vertex 26.9695 84 51.9775
      vertex 33.0305 84 51.9775
    endloop
  endfacet
  facet normal 0 1 0
    outer loop
      vertex 33.7275 84 51.6224
      vertex 26.2725 84 51.6224
      vertex 26.9695 84 51.9775
    endloop
  endfacet
  facet normal 0 1 0
    outer loop
      vertex 34.5 84 51.5
      vertex 26.2725 84 51.6224
      vertex 33.7275 84 51.6224
    endloop
  endfacet
  facet normal 0 1 0
    outer loop
      vertex 26.2725 84 51.6224
      vertex 34.5 84 51.5
      vertex 25.5 84 51.5
    endloop
  endfacet
  facet normal 0 1 -0
    outer loop
      vertex 42.7275 84 56.3776
      vertex 34.5 84 56.5
      vertex 43.5 84 56.5
    endloop
  endfacet
  facet normal 0 1 0
    outer loop
      vertex 42.7275 84 56.3776
      vertex 35.2725 84 56.3776
      vertex 34.5 84 56.5
    endloop
  endfacet
  facet normal 0 1 -0
    outer loop
      vertex 42.0305 84 56.0225
      vertex 35.2725 84 56.3776
      vertex 42.7275 84 56.3776
    endloop
  endfacet
  facet normal 0 1 0
    outer loop
      vertex 42.0305 84 56.0225
      vertex 35.9695 84 56.0225
      vertex 35.2725 84 56.3776
    endloop
  endfacet
  facet normal 0 1 -0
    outer loop
      vertex 41.4775 84 55.4695
      vertex 35.9695 84 56.0225
      vertex 42.0305 84 56.0225
    endloop
  endfacet
  facet normal 0 1 0
    outer loop
      vertex 41.4775 84 55.4695
      vertex 36.5225 84 55.4695
      vertex 35.9695 84 56.0225
    endloop
  endfacet
  facet normal 0 1 -0
    outer loop
      vertex 41.1224 84 54.7725
      vertex 36.5225 84 55.4695
      vertex 41.4775 84 55.4695
    endloop
  endfacet
  facet normal 0 1 0
    outer loop
      vertex 41.1224 84 54.7725
      vertex 36.8776 84 54.7725
      vertex 36.5225 84 55.4695
    endloop
  endfacet
  facet normal 0 1 -0
    outer loop
      vertex 41 84 54
      vertex 36.8776 84 54.7725
      vertex 41.1224 84 54.7725
    endloop
  endfacet
  facet normal 0 1 0
    outer loop
      vertex 41 84 54
      vertex 37 84 54
      vertex 36.8776 84 54.7725
    endloop
  endfacet
  facet normal 0 1 0
    outer loop
      vertex 41.1224 84 53.2275
      vertex 37 84 54
      vertex 41 84 54
    endloop
  endfacet
  facet normal 0 1 0
    outer loop
      vertex 41.1224 84 53.2275
      vertex 36.8776 84 53.2275
      vertex 37 84 54
    endloop
  endfacet
  facet normal 0 1 0
    outer loop
      vertex 41.4775 84 52.5305
      vertex 36.8776 84 53.2275
      vertex 41.1224 84 53.2275
    endloop
  endfacet
  facet normal 0 1 0
    outer loop
      vertex 41.4775 84 52.5305
      vertex 36.5225 84 52.5305
      vertex 36.8776 84 53.2275
    endloop
  endfacet
  facet normal 0 1 0
    outer loop
      vertex 42.0305 84 51.9775
      vertex 36.5225 84 52.5305
      vertex 41.4775 84 52.5305
    endloop
  endfacet
  facet normal 0 1 0
    outer loop
      vertex 42.0305 84 51.9775
      vertex 35.9695 84 51.9775
      vertex 36.5225 84 52.5305
    endloop
  endfacet
  facet normal 0 1 0
    outer loop
      vertex 42.7275 84 51.6224
      vertex 35.9695 84 51.9775
      vertex 42.0305 84 51.9775
    endloop
  endfacet
  facet normal 0 1 0
    outer loop
      vertex 42.7275 84 51.6224
      vertex 35.2725 84 51.6224
      vertex 35.9695 84 51.9775
    endloop
  endfacet
  facet normal 0 1 0
    outer loop
      vertex 43.5 84 51.5
      vertex 35.2725 84 51.6224
      vertex 42.7275 84 51.6224
    endloop
  endfacet
  facet normal 0 1 0
    outer loop
      vertex 35.2725 84 51.6224
      vertex 43.5 84 51.5
      vertex 34.5 84 51.5
    endloop
  endfacet
  facet normal 0 1 -0
    outer loop
      vertex 51.7275 84 56.3776
      vertex 43.5 84 56.5
      vertex 52.5 84 56.5
    endloop
  endfacet
  facet normal 0 1 0
    outer loop
      vertex 51.7275 84 56.3776
      vertex 44.2725 84 56.3776
      vertex 43.5 84 56.5
    endloop
  endfacet
  facet normal 0 1 -0
    outer loop
      vertex 51.0305 84 56.0225
      vertex 44.2725 84 56.3776
      vertex 51.7275 84 56.3776
    endloop
  endfacet
  facet normal 0 1 0
    outer loop
      vertex 51.0305 84 56.0225
      vertex 44.9695 84 56.0225
      vertex 44.2725 84 56.3776
    endloop
  endfacet
  facet normal 0 1 -0
    outer loop
      vertex 50.4775 84 55.4695
      vertex 44.9695 84 56.0225
      vertex 51.0305 84 56.0225
    endloop
  endfacet
  facet normal 0 1 0
    outer loop
      vertex 50.4775 84 55.4695
      vertex 45.5225 84 55.4695
      vertex 44.9695 84 56.0225
    endloop
  endfacet
  facet normal 0 1 -0
    outer loop
      vertex 50.1224 84 54.7725
      vertex 45.5225 84 55.4695
      vertex 50.4775 84 55.4695
    endloop
  endfacet
  facet normal 0 1 0
    outer loop
      vertex 50.1224 84 54.7725
      vertex 45.8776 84 54.7725
      vertex 45.5225 84 55.4695
    endloop
  endfacet
  facet normal 0 1 -0
    outer loop
      vertex 50 84 54
      vertex 45.8776 84 54.7725
      vertex 50.1224 84 54.7725
    endloop
  endfacet
  facet normal 0 1 0
    outer loop
      vertex 50 84 54
      vertex 46 84 54
      vertex 45.8776 84 54.7725
    endloop
  endfacet
  facet normal 0 1 0
    outer loop
      vertex 50.1224 84 53.2275
      vertex 46 84 54
      vertex 50 84 54
    endloop
  endfacet
  facet normal 0 1 0
    outer loop
      vertex 50.1224 84 53.2275
      vertex 45.8776 84 53.2275
      vertex 46 84 54
    endloop
  endfacet
  facet normal 0 1 0
    outer loop
      vertex 50.4775 84 52.5305
      vertex 45.8776 84 53.2275
      vertex 50.1224 84 53.2275
    endloop
  endfacet
  facet normal 0 1 0
    outer loop
      vertex 50.4775 84 52.5305
      vertex 45.5225 84 52.5305
      vertex 45.8776 84 53.2275
    endloop
  endfacet
  facet normal 0 1 0
    outer loop
      vertex 51.0305 84 51.9775
      vertex 45.5225 84 52.5305
      vertex 50.4775 84 52.5305
    endloop
  endfacet
  facet normal 0 1 0
    outer loop
      vertex 51.0305 84 51.9775
      vertex 44.9695 84 51.9775
      vertex 45.5225 84 52.5305
    endloop
  endfacet
  facet normal 0 1 0
    outer loop
      vertex 51.7275 84 51.6224
      vertex 44.9695 84 51.9775
      vertex 51.0305 84 51.9775
    endloop
  endfacet
  facet normal 0 1 0
    outer loop
      vertex 51.7275 84 51.6224
      vertex 44.2725 84 51.6224
      vertex 44.9695 84 51.9775
    endloop
  endfacet
  facet normal 0 1 0
    outer loop
      vertex 52.5 84 51.5
      vertex 44.2725 84 51.6224
      vertex 51.7275 84 51.6224
    endloop
  endfacet
  facet normal 0 1 0
    outer loop
      vertex 44.2725 84 51.6224
      vertex 52.5 84 51.5
      vertex 43.5 84 51.5
    endloop
  endfacet
  facet normal 0 1 -0
    outer loop
      vertex 60.7275 84 56.3776
      vertex 52.5 84 56.5
      vertex 61.5 84 56.5
    endloop
  endfacet
  facet normal 0 1 0
    outer loop
      vertex 60.7275 84 56.3776
      vertex 53.2725 84 56.3776
      vertex 52.5 84 56.5
    endloop
  endfacet
  facet normal 0 1 -0
    outer loop
      vertex 60.0305 84 56.0225
      vertex 53.2725 84 56.3776
      vertex 60.7275 84 56.3776
    endloop
  endfacet
  facet normal 0 1 0
    outer loop
      vertex 60.0305 84 56.0225
      vertex 53.9695 84 56.0225
      vertex 53.2725 84 56.3776
    endloop
  endfacet
  facet normal 0 1 -0
    outer loop
      vertex 59.4775 84 55.4695
      vertex 53.9695 84 56.0225
      vertex 60.0305 84 56.0225
    endloop
  endfacet
  facet normal 0 1 0
    outer loop
      vertex 59.4775 84 55.4695
      vertex 54.5225 84 55.4695
      vertex 53.9695 84 56.0225
    endloop
  endfacet
  facet normal 0 1 -0
    outer loop
      vertex 59.1224 84 54.7725
      vertex 54.5225 84 55.4695
      vertex 59.4775 84 55.4695
    endloop
  endfacet
  facet normal 0 1 0
    outer loop
      vertex 59.1224 84 54.7725
      vertex 54.8776 84 54.7725
      vertex 54.5225 84 55.4695
    endloop
  endfacet
  facet normal 0 1 -0
    outer loop
      vertex 59 84 54
      vertex 54.8776 84 54.7725
      vertex 59.1224 84 54.7725
    endloop
  endfacet
  facet normal 0 1 0
    outer loop
      vertex 59 84 54
      vertex 55 84 54
      vertex 54.8776 84 54.7725
    endloop
  endfacet
  facet normal 0 1 0
    outer loop
      vertex 59.1224 84 53.2275
      vertex 55 84 54
      vertex 59 84 54
    endloop
  endfacet
  facet normal 0 1 0
    outer loop
      vertex 59.1224 84 53.2275
      vertex 54.8776 84 53.2275
      vertex 55 84 54
    endloop
  endfacet
  facet normal 0 1 0
    outer loop
      vertex 59.4775 84 52.5305
      vertex 54.8776 84 53.2275
      vertex 59.1224 84 53.2275
    endloop
  endfacet
  facet normal 0 1 0
    outer loop
      vertex 59.4775 84 52.5305
      vertex 54.5225 84 52.5305
      vertex 54.8776 84 53.2275
    endloop
  endfacet
  facet normal 0 1 0
    outer loop
      vertex 60.0305 84 51.9775
      vertex 54.5225 84 52.5305
      vertex 59.4775 84 52.5305
    endloop
  endfacet
  facet normal 0 1 0
    outer loop
      vertex 60.0305 84 51.9775
      vertex 53.9695 84 51.9775
      vertex 54.5225 84 52.5305
    endloop
  endfacet
  facet normal 0 1 0
    outer loop
      vertex 60.7275 84 51.6224
      vertex 53.9695 84 51.9775
      vertex 60.0305 84 51.9775
    endloop
  endfacet
  facet normal 0 1 0
    outer loop
      vertex 60.7275 84 51.6224
      vertex 53.2725 84 51.6224
      vertex 53.9695 84 51.9775
    endloop
  endfacet
  facet normal 0 1 0
    outer loop
      vertex 61.5 84 51.5
      vertex 53.2725 84 51.6224
      vertex 60.7275 84 51.6224
    endloop
  endfacet
  facet normal 0 1 0
    outer loop
      vertex 53.2725 84 51.6224
      vertex 61.5 84 51.5
      vertex 52.5 84 51.5
    endloop
  endfacet
  facet normal 0 1 -0
    outer loop
      vertex 69.7275 84 56.3776
      vertex 61.5 84 56.5
      vertex 70.5 84 56.5
    endloop
  endfacet
  facet normal 0 1 0
    outer loop
      vertex 69.7275 84 56.3776
      vertex 62.2725 84 56.3776
      vertex 61.5 84 56.5
    endloop
  endfacet
  facet normal 0 1 -0
    outer loop
      vertex 69.0305 84 56.0225
      vertex 62.2725 84 56.3776
      vertex 69.7275 84 56.3776
    endloop
  endfacet
  facet normal 0 1 0
    outer loop
      vertex 69.0305 84 56.0225
      vertex 62.9695 84 56.0225
      vertex 62.2725 84 56.3776
    endloop
  endfacet
  facet normal 0 1 -0
    outer loop
      vertex 68.4775 84 55.4695
      vertex 62.9695 84 56.0225
      vertex 69.0305 84 56.0225
    endloop
  endfacet
  facet normal 0 1 0
    outer loop
      vertex 68.4775 84 55.4695
      vertex 63.5225 84 55.4695
      vertex 62.9695 84 56.0225
    endloop
  endfacet
  facet normal 0 1 -0
    outer loop
      vertex 68.1224 84 54.7725
      vertex 63.5225 84 55.4695
      vertex 68.4775 84 55.4695
    endloop
  endfacet
  facet normal 0 1 0
    outer loop
      vertex 68.1224 84 54.7725
      vertex 63.8776 84 54.7725
      vertex 63.5225 84 55.4695
    endloop
  endfacet
  facet normal 0 1 -0
    outer loop
      vertex 68 84 54
      vertex 63.8776 84 54.7725
      vertex 68.1224 84 54.7725
    endloop
  endfacet
  facet normal 0 1 0
    outer loop
      vertex 68 84 54
      vertex 64 84 54
      vertex 63.8776 84 54.7725
    endloop
  endfacet
  facet normal 0 1 0
    outer loop
      vertex 68.1224 84 53.2275
      vertex 64 84 54
      vertex 68 84 54
    endloop
  endfacet
  facet normal 0 1 0
    outer loop
      vertex 68.1224 84 53.2275
      vertex 63.8776 84 53.2275
      vertex 64 84 54
    endloop
  endfacet
  facet normal 0 1 0
    outer loop
      vertex 68.4775 84 52.5305
      vertex 63.8776 84 53.2275
      vertex 68.1224 84 53.2275
    endloop
  endfacet
  facet normal 0 1 0
    outer loop
      vertex 68.4775 84 52.5305
      vertex 63.5225 84 52.5305
      vertex 63.8776 84 53.2275
    endloop
  endfacet
  facet normal 0 1 0
    outer loop
      vertex 69.0305 84 51.9775
      vertex 63.5225 84 52.5305
      vertex 68.4775 84 52.5305
    endloop
  endfacet
  facet normal 0 1 0
    outer loop
      vertex 69.0305 84 51.9775
      vertex 62.9695 84 51.9775
      vertex 63.5225 84 52.5305
    endloop
  endfacet
  facet normal 0 1 0
    outer loop
      vertex 69.7275 84 51.6224
      vertex 62.9695 84 51.9775
      vertex 69.0305 84 51.9775
    endloop
  endfacet
  facet normal 0 1 0
    outer loop
      vertex 69.7275 84 51.6224
      vertex 62.2725 84 51.6224
      vertex 62.9695 84 51.9775
    endloop
  endfacet
  facet normal 0 1 0
    outer loop
      vertex 70.5 84 51.5
      vertex 62.2725 84 51.6224
      vertex 69.7275 84 51.6224
    endloop
  endfacet
  facet normal 0 1 0
    outer loop
      vertex 62.2725 84 51.6224
      vertex 70.5 84 51.5
      vertex 61.5 84 51.5
    endloop
  endfacet
  facet normal 0 1 -0
    outer loop
      vertex 78.7275 84 56.3776
      vertex 70.5 84 56.5
      vertex 79.5 84 56.5
    endloop
  endfacet
  facet normal 0 1 0
    outer loop
      vertex 78.7275 84 56.3776
      vertex 71.2725 84 56.3776
      vertex 70.5 84 56.5
    endloop
  endfacet
  facet normal 0 1 -0
    outer loop
      vertex 78.0305 84 56.0225
      vertex 71.2725 84 56.3776
      vertex 78.7275 84 56.3776
    endloop
  endfacet
  facet normal 0 1 0
    outer loop
      vertex 78.0305 84 56.0225
      vertex 71.9695 84 56.0225
      vertex 71.2725 84 56.3776
    endloop
  endfacet
  facet normal 0 1 -0
    outer loop
      vertex 77.4775 84 55.4695
      vertex 71.9695 84 56.0225
      vertex 78.0305 84 56.0225
    endloop
  endfacet
  facet normal 0 1 0
    outer loop
      vertex 77.4775 84 55.4695
      vertex 72.5225 84 55.4695
      vertex 71.9695 84 56.0225
    endloop
  endfacet
  facet normal 0 1 -0
    outer loop
      vertex 77.1224 84 54.7725
      vertex 72.5225 84 55.4695
      vertex 77.4775 84 55.4695
    endloop
  endfacet
  facet normal 0 1 0
    outer loop
      vertex 77.1224 84 54.7725
      vertex 72.8776 84 54.7725
      vertex 72.5225 84 55.4695
    endloop
  endfacet
  facet normal 0 1 -0
    outer loop
      vertex 77 84 54
      vertex 72.8776 84 54.7725
      vertex 77.1224 84 54.7725
    endloop
  endfacet
  facet normal 0 1 0
    outer loop
      vertex 77 84 54
      vertex 73 84 54
      vertex 72.8776 84 54.7725
    endloop
  endfacet
  facet normal 0 1 0
    outer loop
      vertex 77.1224 84 53.2275
      vertex 73 84 54
      vertex 77 84 54
    endloop
  endfacet
  facet normal 0 1 0
    outer loop
      vertex 77.1224 84 53.2275
      vertex 72.8776 84 53.2275
      vertex 73 84 54
    endloop
  endfacet
  facet normal 0 1 0
    outer loop
      vertex 77.4775 84 52.5305
      vertex 72.8776 84 53.2275
      vertex 77.1224 84 53.2275
    endloop
  endfacet
  facet normal 0 1 0
    outer loop
      vertex 77.4775 84 52.5305
      vertex 72.5225 84 52.5305
      vertex 72.8776 84 53.2275
    endloop
  endfacet
  facet normal 0 1 0
    outer loop
      vertex 78.0305 84 51.9775
      vertex 72.5225 84 52.5305
      vertex 77.4775 84 52.5305
    endloop
  endfacet
  facet normal 0 1 0
    outer loop
      vertex 78.0305 84 51.9775
      vertex 71.9695 84 51.9775
      vertex 72.5225 84 52.5305
    endloop
  endfacet
  facet normal 0 1 0
    outer loop
      vertex 78.7275 84 51.6224
      vertex 71.9695 84 51.9775
      vertex 78.0305 84 51.9775
    endloop
  endfacet
  facet normal 0 1 0
    outer loop
      vertex 78.7275 84 51.6224
      vertex 71.2725 84 51.6224
      vertex 71.9695 84 51.9775
    endloop
  endfacet
  facet normal 0 1 0
    outer loop
      vertex 79.5 84 51.5
      vertex 71.2725 84 51.6224
      vertex 78.7275 84 51.6224
    endloop
  endfacet
  facet normal 0 1 0
    outer loop
      vertex 71.2725 84 51.6224
      vertex 79.5 84 51.5
      vertex 70.5 84 51.5
    endloop
  endfacet
  facet normal 0 1 0
    outer loop
      vertex 70.5 84 56.5
      vertex 100 84 120
      vertex 79.5 84 56.5
    endloop
  endfacet
  facet normal 0 1 0
    outer loop
      vertex 100 84 120
      vertex 80.2725 84 56.3776
      vertex 79.5 84 56.5
    endloop
  endfacet
  facet normal 0 1 0
    outer loop
      vertex 100 84 120
      vertex 80.9695 84 56.0225
      vertex 80.2725 84 56.3776
    endloop
  endfacet
  facet normal 0 1 0
    outer loop
      vertex 100 84 120
      vertex 81.5225 84 55.4695
      vertex 80.9695 84 56.0225
    endloop
  endfacet
  facet normal 0 1 0
    outer loop
      vertex 100 84 120
      vertex 81.8776 84 54.7725
      vertex 81.5225 84 55.4695
    endloop
  endfacet
  facet normal 0 1 0
    outer loop
      vertex 100 84 120
      vertex 82 84 54
      vertex 81.8776 84 54.7725
    endloop
  endfacet
  facet normal 0 1 -0
    outer loop
      vertex 100 84 0
      vertex 82 84 54
      vertex 100 84 120
    endloop
  endfacet
  facet normal 0 1 0
    outer loop
      vertex 100 84 0
      vertex 70.5 84 51.5
      vertex 79.5 84 51.5
    endloop
  endfacet
  facet normal 0 1 0
    outer loop
      vertex 70.5 84 51.5
      vertex 100 84 0
      vertex 61.5 84 51.5
    endloop
  endfacet
  facet normal 0 1 0
    outer loop
      vertex 61.5 84 51.5
      vertex 100 84 0
      vertex 52.5 84 51.5
    endloop
  endfacet
  facet normal 0 1 0
    outer loop
      vertex 5 84 0
      vertex 52.5 84 51.5
      vertex 100 84 0
    endloop
  endfacet
  facet normal 0 1 0
    outer loop
      vertex 52.5 84 51.5
      vertex 5 84 0
      vertex 43.5 84 51.5
    endloop
  endfacet
  facet normal 0 1 0
    outer loop
      vertex 43.5 84 51.5
      vertex 5 84 0
      vertex 34.5 84 51.5
    endloop
  endfacet
  facet normal 0 1 0
    outer loop
      vertex 80.2725 84 51.6224
      vertex 100 84 0
      vertex 79.5 84 51.5
    endloop
  endfacet
  facet normal 0 1 0
    outer loop
      vertex 80.9695 84 51.9775
      vertex 100 84 0
      vertex 80.2725 84 51.6224
    endloop
  endfacet
  facet normal 0 1 0
    outer loop
      vertex 81.5225 84 52.5305
      vertex 100 84 0
      vertex 80.9695 84 51.9775
    endloop
  endfacet
  facet normal 0 1 0
    outer loop
      vertex 81.8776 84 53.2275
      vertex 100 84 0
      vertex 81.5225 84 52.5305
    endloop
  endfacet
  facet normal 0 1 0
    outer loop
      vertex 82 84 54
      vertex 100 84 0
      vertex 81.8776 84 53.2275
    endloop
  endfacet
  facet normal 0 1 0
    outer loop
      vertex 61.5 84 56.5
      vertex 100 84 120
      vertex 70.5 84 56.5
    endloop
  endfacet
  facet normal 0 1 0
    outer loop
      vertex 52.5 84 56.5
      vertex 100 84 120
      vertex 61.5 84 56.5
    endloop
  endfacet
  facet normal 0 1 0
    outer loop
      vertex 100 84 120
      vertex 52.5 84 56.5
      vertex 5 84 120
    endloop
  endfacet
  facet normal 0 1 -0
    outer loop
      vertex 43.5 84 56.5
      vertex 5 84 120
      vertex 52.5 84 56.5
    endloop
  endfacet
  facet normal 0 1 -0
    outer loop
      vertex 34.5 84 56.5
      vertex 5 84 120
      vertex 43.5 84 56.5
    endloop
  endfacet
  facet normal 0 1 -0
    outer loop
      vertex 25.5 84 56.5
      vertex 5 84 120
      vertex 34.5 84 56.5
    endloop
  endfacet
  facet normal 0 1 -0
    outer loop
      vertex 24.7275 84 56.3776
      vertex 5 84 120
      vertex 25.5 84 56.5
    endloop
  endfacet
  facet normal 0 1 -0
    outer loop
      vertex 24.0305 84 56.0225
      vertex 5 84 120
      vertex 24.7275 84 56.3776
    endloop
  endfacet
  facet normal 0 1 -0
    outer loop
      vertex 23.4775 84 55.4695
      vertex 5 84 120
      vertex 24.0305 84 56.0225
    endloop
  endfacet
  facet normal 0 1 -0
    outer loop
      vertex 23.1224 84 54.7725
      vertex 5 84 120
      vertex 23.4775 84 55.4695
    endloop
  endfacet
  facet normal 0 1 -0
    outer loop
      vertex 23 84 54
      vertex 5 84 120
      vertex 23.1224 84 54.7725
    endloop
  endfacet
  facet normal 0 1 0
    outer loop
      vertex 5 84 0
      vertex 23 84 54
      vertex 23.1224 84 53.2275
    endloop
  endfacet
  facet normal 0 1 0
    outer loop
      vertex 34.5 84 51.5
      vertex 5 84 0
      vertex 25.5 84 51.5
    endloop
  endfacet
  facet normal 0 1 0
    outer loop
      vertex 25.5 84 51.5
      vertex 5 84 0
      vertex 24.7275 84 51.6224
    endloop
  endfacet
  facet normal 0 1 0
    outer loop
      vertex 23 84 54
      vertex 5 84 0
      vertex 5 84 120
    endloop
  endfacet
  facet normal 0 1 0
    outer loop
      vertex 23.4775 84 52.5305
      vertex 5 84 0
      vertex 23.1224 84 53.2275
    endloop
  endfacet
  facet normal 0 1 0
    outer loop
      vertex 24.0305 84 51.9775
      vertex 5 84 0
      vertex 23.4775 84 52.5305
    endloop
  endfacet
  facet normal 0 1 0
    outer loop
      vertex 24.7275 84 51.6224
      vertex 5 84 0
      vertex 24.0305 84 51.9775
    endloop
  endfacet
  facet normal -0.995185 -0.0980169 0
    outer loop
      vertex 0.0960732 4.02455 0
      vertex 0 5 120
      vertex 0 5 0
    endloop
  endfacet
  facet normal -0.995185 -0.0980169 0
    outer loop
      vertex 0 5 120
      vertex 0.0960732 4.02455 0
      vertex 0.0960732 4.02455 120
    endloop
  endfacet
  facet normal 0.471156 -0.88205 0
    outer loop
      vertex 101.913 0.380602 0
      vertex 102.778 0.842651 120
      vertex 101.913 0.380602 120
    endloop
  endfacet
  facet normal 0.471156 -0.88205 0
    outer loop
      vertex 102.778 0.842651 120
      vertex 101.913 0.380602 0
      vertex 102.778 0.842651 0
    endloop
  endfacet
  facet normal 0.634226 0.773148 -0
    outer loop
      vertex 103.536 82.5355 0
      vertex 102.778 83.1573 120
      vertex 103.536 82.5355 120
    endloop
  endfacet
  facet normal 0.634226 0.773148 0
    outer loop
      vertex 102.778 83.1573 120
      vertex 103.536 82.5355 0
      vertex 102.778 83.1573 0
    endloop
  endfacet
  facet normal -0.956941 -0.290283 0
    outer loop
      vertex 0.380602 3.08658 0
      vertex 0.0960732 4.02455 120
      vertex 0.0960732 4.02455 0
    endloop
  endfacet
  facet normal -0.956941 -0.290283 0
    outer loop
      vertex 0.0960732 4.02455 120
      vertex 0.380602 3.08658 0
      vertex 0.380602 3.08658 120
    endloop
  endfacet
  facet normal -0.471398 -0.881921 0
    outer loop
      vertex 2.22215 0.842651 0
      vertex 3.08658 0.380602 120
      vertex 2.22215 0.842651 120
    endloop
  endfacet
  facet normal -0.471398 -0.881921 -0
    outer loop
      vertex 3.08658 0.380602 120
      vertex 2.22215 0.842651 0
      vertex 3.08658 0.380602 0
    endloop
  endfacet
  facet normal 0.773425 0.633888 0
    outer loop
      vertex 104.157 81.7778 120
      vertex 103.536 82.5355 0
      vertex 103.536 82.5355 120
    endloop
  endfacet
  facet normal 0.773425 0.633888 0
    outer loop
      vertex 103.536 82.5355 0
      vertex 104.157 81.7778 120
      vertex 104.157 81.7778 0
    endloop
  endfacet
  facet normal 0.95681 0.290715 0
    outer loop
      vertex 104.904 79.9754 120
      vertex 104.619 80.9134 0
      vertex 104.619 80.9134 120
    endloop
  endfacet
  facet normal 0.95681 0.290715 0
    outer loop
      vertex 104.619 80.9134 0
      vertex 104.904 79.9754 120
      vertex 104.904 79.9754 0
    endloop
  endfacet
  facet normal -0.995184 0.0980219 0
    outer loop
      vertex 0 79 0
      vertex 0.0960732 79.9754 120
      vertex 0.0960732 79.9754 0
    endloop
  endfacet
  facet normal -0.995184 0.0980219 0
    outer loop
      vertex 0.0960732 79.9754 120
      vertex 0 79 0
      vertex 0 79 120
    endloop
  endfacet
  facet normal 0.471197 0.882028 -0
    outer loop
      vertex 102.778 83.1573 0
      vertex 101.913 83.6194 120
      vertex 102.778 83.1573 120
    endloop
  endfacet
  facet normal 0.471197 0.882028 0
    outer loop
      vertex 101.913 83.6194 120
      vertex 102.778 83.1573 0
      vertex 101.913 83.6194 0
    endloop
  endfacet
  facet normal 0.634238 -0.773138 0
    outer loop
      vertex 102.778 0.842651 0
      vertex 103.536 1.46447 120
      vertex 102.778 0.842651 120
    endloop
  endfacet
  facet normal 0.634238 -0.773138 0
    outer loop
      vertex 103.536 1.46447 120
      vertex 102.778 0.842651 0
      vertex 103.536 1.46447 0
    endloop
  endfacet
  facet normal 0.0980617 -0.99518 0
    outer loop
      vertex 100 0 54
      vertex 100.975 0.0960732 120
      vertex 100 0 120
    endloop
  endfacet
  facet normal 0.0980617 -0.99518 0
    outer loop
      vertex 100.975 0.0960732 120
      vertex 100 0 54
      vertex 100.975 0.0960732 54
    endloop
  endfacet
  facet normal 0.0980617 -0.99518 0
    outer loop
      vertex 100 0 0
      vertex 100.975 0.0960732 52.8
      vertex 100 0 52.8
    endloop
  endfacet
  facet normal 0.0980617 -0.99518 0
    outer loop
      vertex 100.975 0.0960732 52.8
      vertex 100 0 0
      vertex 100.975 0.0960732 0
    endloop
  endfacet
  facet normal -0.471438 0.881899 0
    outer loop
      vertex 3.08658 83.6194 0
      vertex 2.22215 83.1573 120
      vertex 3.08658 83.6194 120
    endloop
  endfacet
  facet normal -0.471438 0.881899 0
    outer loop
      vertex 2.22215 83.1573 120
      vertex 3.08658 83.6194 0
      vertex 2.22215 83.1573 0
    endloop
  endfacet
  facet normal -0.290283 -0.956941 4.74627e-09
    outer loop
      vertex 3.08658 0.380602 120
      vertex 4 0.10352 54
      vertex 4.02455 0.0960732 120
    endloop
  endfacet
  facet normal -0.290284 -0.956941 0
    outer loop
      vertex 3.08658 0.380602 120
      vertex 4 0.10352 52.8
      vertex 4 0.10352 54
    endloop
  endfacet
  facet normal -0.290284 -0.956941 0
    outer loop
      vertex 3.08658 0.380602 0
      vertex 4 0.10352 52.8
      vertex 3.08658 0.380602 120
    endloop
  endfacet
  facet normal -0.290283 -0.956941 -5.93284e-09
    outer loop
      vertex 4.02455 0.0960732 0
      vertex 4 0.10352 52.8
      vertex 3.08658 0.380602 0
    endloop
  endfacet
  facet normal -0.290272 -0.956944 0
    outer loop
      vertex 4 0.10352 52.8
      vertex 4.02455 0.0960732 0
      vertex 4.02455 0.0960732 52.8
    endloop
  endfacet
  facet normal -0.290272 -0.956944 -0
    outer loop
      vertex 4.02455 0.0960732 120
      vertex 4 0.10352 54
      vertex 4.02455 0.0960732 54
    endloop
  endfacet
  facet normal 0 0 -1
    outer loop
      vertex 100 0 0
      vertex 105 5 0
      vertex 104.904 4.02455 0
    endloop
  endfacet
  facet normal 0 0 -1
    outer loop
      vertex 105 5 0
      vertex 88 31 0
      vertex 105 79 0
    endloop
  endfacet
  facet normal 0 0 -1
    outer loop
      vertex 100 0 0
      vertex 104.904 4.02455 0
      vertex 104.619 3.08658 0
    endloop
  endfacet
  facet normal 0 0 -1
    outer loop
      vertex 88 53 0
      vertex 105 79 0
      vertex 88 31 0
    endloop
  endfacet
  facet normal 0 0 -1
    outer loop
      vertex 100 0 0
      vertex 104.619 3.08658 0
      vertex 104.157 2.22215 0
    endloop
  endfacet
  facet normal 0 -0 -1
    outer loop
      vertex 100 84 0
      vertex 105 79 0
      vertex 88 53 0
    endloop
  endfacet
  facet normal 0 0 -1
    outer loop
      vertex 100 0 0
      vertex 104.157 2.22215 0
      vertex 103.536 1.46447 0
    endloop
  endfacet
  facet normal 0 0 -1
    outer loop
      vertex 105 79 0
      vertex 100 84 0
      vertex 104.904 79.9754 0
    endloop
  endfacet
  facet normal 0 0 -1
    outer loop
      vertex 100 0 0
      vertex 103.536 1.46447 0
      vertex 102.778 0.842651 0
    endloop
  endfacet
  facet normal 0 0 -1
    outer loop
      vertex 104.904 79.9754 0
      vertex 100 84 0
      vertex 104.619 80.9134 0
    endloop
  endfacet
  facet normal 0 0 -1
    outer loop
      vertex 100 0 0
      vertex 102.778 0.842651 0
      vertex 101.913 0.380602 0
    endloop
  endfacet
  facet normal 0 0 -1
    outer loop
      vertex 104.619 80.9134 0
      vertex 100 84 0
      vertex 104.157 81.7778 0
    endloop
  endfacet
  facet normal 0 0 -1
    outer loop
      vertex 100 0 0
      vertex 101.913 0.380602 0
      vertex 100.975 0.0960732 0
    endloop
  endfacet
  facet normal 0 0 -1
    outer loop
      vertex 104.157 81.7778 0
      vertex 100 84 0
      vertex 103.536 82.5355 0
    endloop
  endfacet
  facet normal -0 0 -1
    outer loop
      vertex 105 5 0
      vertex 100 0 0
      vertex 88 31 0
    endloop
  endfacet
  facet normal 0 0 -1
    outer loop
      vertex 103.536 82.5355 0
      vertex 100 84 0
      vertex 102.778 83.1573 0
    endloop
  endfacet
  facet normal 0 0 -1
    outer loop
      vertex 102.778 83.1573 0
      vertex 100 84 0
      vertex 101.913 83.6194 0
    endloop
  endfacet
  facet normal 0 0 -1
    outer loop
      vertex 100 0 0
      vertex 79 31 0
      vertex 88 31 0
    endloop
  endfacet
  facet normal 0 0 -1
    outer loop
      vertex 79 31 0
      vertex 71 31 0
      vertex 79 53 0
    endloop
  endfacet
  facet normal 0 0 -1
    outer loop
      vertex 100 0 0
      vertex 71 31 0
      vertex 79 31 0
    endloop
  endfacet
  facet normal 0 0 -1
    outer loop
      vertex 100 0 0
      vertex 62 31 0
      vertex 71 31 0
    endloop
  endfacet
  facet normal 0 0 -1
    outer loop
      vertex 62 31 0
      vertex 54 31 0
      vertex 62 53 0
    endloop
  endfacet
  facet normal 0 0 -1
    outer loop
      vertex 100 0 0
      vertex 54 31 0
      vertex 62 31 0
    endloop
  endfacet
  facet normal 0 0 -1
    outer loop
      vertex 5 0 0
      vertex 54 31 0
      vertex 100 0 0
    endloop
  endfacet
  facet normal 0 0 -1
    outer loop
      vertex 45 31 0
      vertex 37 31 0
      vertex 45 53 0
    endloop
  endfacet
  facet normal -0 0 -1
    outer loop
      vertex 54 31 0
      vertex 5 0 0
      vertex 45 31 0
    endloop
  endfacet
  facet normal -0 0 -1
    outer loop
      vertex 45 31 0
      vertex 5 0 0
      vertex 37 31 0
    endloop
  endfacet
  facet normal 0 0 -1
    outer loop
      vertex 28 31 0
      vertex 20 31 0
      vertex 28 53 0
    endloop
  endfacet
  facet normal -0 0 -1
    outer loop
      vertex 37 31 0
      vertex 5 0 0
      vertex 28 31 0
    endloop
  endfacet
  facet normal -0 0 -1
    outer loop
      vertex 28 31 0
      vertex 5 0 0
      vertex 20 31 0
    endloop
  endfacet
  facet normal 0 0 -1
    outer loop
      vertex 0 5 0
      vertex 11 31 0
      vertex 5 0 0
    endloop
  endfacet
  facet normal -0 0 -1
    outer loop
      vertex 20 31 0
      vertex 5 0 0
      vertex 11 31 0
    endloop
  endfacet
  facet normal 0 0 -1
    outer loop
      vertex 101.913 83.6194 0
      vertex 100 84 0
      vertex 100.975 83.9039 0
    endloop
  endfacet
  facet normal 0 0 -1
    outer loop
      vertex 79 53 0
      vertex 100 84 0
      vertex 88 53 0
    endloop
  endfacet
  facet normal 0 0 -1
    outer loop
      vertex 71 53 0
      vertex 79 53 0
      vertex 71 31 0
    endloop
  endfacet
  facet normal 0 0 -1
    outer loop
      vertex 71 53 0
      vertex 100 84 0
      vertex 79 53 0
    endloop
  endfacet
  facet normal 0 0 -1
    outer loop
      vertex 62 53 0
      vertex 100 84 0
      vertex 71 53 0
    endloop
  endfacet
  facet normal 0 0 -1
    outer loop
      vertex 54 53 0
      vertex 62 53 0
      vertex 54 31 0
    endloop
  endfacet
  facet normal 0 0 -1
    outer loop
      vertex 54 53 0
      vertex 100 84 0
      vertex 62 53 0
    endloop
  endfacet
  facet normal 0 0 -1
    outer loop
      vertex 5 84 0
      vertex 54 53 0
      vertex 45 53 0
    endloop
  endfacet
  facet normal 0 0 -1
    outer loop
      vertex 37 53 0
      vertex 45 53 0
      vertex 37 31 0
    endloop
  endfacet
  facet normal 0 0 -1
    outer loop
      vertex 5 84 0
      vertex 45 53 0
      vertex 37 53 0
    endloop
  endfacet
  facet normal 0 0 -1
    outer loop
      vertex 5 84 0
      vertex 37 53 0
      vertex 28 53 0
    endloop
  endfacet
  facet normal 0 0 -1
    outer loop
      vertex 20 53 0
      vertex 28 53 0
      vertex 20 31 0
    endloop
  endfacet
  facet normal 0 0 -1
    outer loop
      vertex 5 84 0
      vertex 28 53 0
      vertex 20 53 0
    endloop
  endfacet
  facet normal 0 0 -1
    outer loop
      vertex 5 84 0
      vertex 20 53 0
      vertex 11 53 0
    endloop
  endfacet
  facet normal 0 0 -1
    outer loop
      vertex 54 53 0
      vertex 5 84 0
      vertex 100 84 0
    endloop
  endfacet
  facet normal -0 0 -1
    outer loop
      vertex 11 31 0
      vertex 0 5 0
      vertex 11 53 0
    endloop
  endfacet
  facet normal 0 0 -1
    outer loop
      vertex 0 5 0
      vertex 5 0 0
      vertex 4.02455 0.0960732 0
    endloop
  endfacet
  facet normal 0 0 -1
    outer loop
      vertex 0 79 0
      vertex 11 53 0
      vertex 0 5 0
    endloop
  endfacet
  facet normal 0 0 -1
    outer loop
      vertex 0 5 0
      vertex 4.02455 0.0960732 0
      vertex 3.08658 0.380602 0
    endloop
  endfacet
  facet normal 0 0 -1
    outer loop
      vertex 11 53 0
      vertex 0 79 0
      vertex 5 84 0
    endloop
  endfacet
  facet normal 0 0 -1
    outer loop
      vertex 0 5 0
      vertex 3.08658 0.380602 0
      vertex 2.22215 0.842651 0
    endloop
  endfacet
  facet normal 0 0 -1
    outer loop
      vertex 5 84 0
      vertex 0 79 0
      vertex 4.02455 83.9039 0
    endloop
  endfacet
  facet normal 0 0 -1
    outer loop
      vertex 0 5 0
      vertex 2.22215 0.842651 0
      vertex 1.46447 1.46447 0
    endloop
  endfacet
  facet normal 0 0 -1
    outer loop
      vertex 4.02455 83.9039 0
      vertex 0 79 0
      vertex 3.08658 83.6194 0
    endloop
  endfacet
  facet normal 0 0 -1
    outer loop
      vertex 0 5 0
      vertex 1.46447 1.46447 0
      vertex 0.842651 2.22215 0
    endloop
  endfacet
  facet normal 0 0 -1
    outer loop
      vertex 3.08658 83.6194 0
      vertex 0 79 0
      vertex 2.22215 83.1573 0
    endloop
  endfacet
  facet normal 0 0 -1
    outer loop
      vertex 0 5 0
      vertex 0.842651 2.22215 0
      vertex 0.380602 3.08658 0
    endloop
  endfacet
  facet normal 0 0 -1
    outer loop
      vertex 2.22215 83.1573 0
      vertex 0 79 0
      vertex 1.46447 82.5355 0
    endloop
  endfacet
  facet normal 0 0 -1
    outer loop
      vertex 0 5 0
      vertex 0.380602 3.08658 0
      vertex 0.0960732 4.02455 0
    endloop
  endfacet
  facet normal 0 0 -1
    outer loop
      vertex 1.46447 82.5355 0
      vertex 0 79 0
      vertex 0.842651 81.7778 0
    endloop
  endfacet
  facet normal 0 0 -1
    outer loop
      vertex 0.842651 81.7778 0
      vertex 0 79 0
      vertex 0.380602 80.9134 0
    endloop
  endfacet
  facet normal 0 0 -1
    outer loop
      vertex 0.380602 80.9134 0
      vertex 0 79 0
      vertex 0.0960732 79.9754 0
    endloop
  endfacet
  facet normal -0.773015 0.634388 0
    outer loop
      vertex 0.842651 81.7778 0
      vertex 1.46447 82.5355 120
      vertex 1.46447 82.5355 0
    endloop
  endfacet
  facet normal -0.773015 0.634388 0
    outer loop
      vertex 1.46447 82.5355 120
      vertex 0.842651 81.7778 0
      vertex 0.842651 81.7778 120
    endloop
  endfacet
  facet normal 0.285476 -0.958386 0
    outer loop
      vertex 100.975 0.0960732 52.8
      vertex 100.975 0.0960732 0
      vertex 101 0.10352 52.8
    endloop
  endfacet
  facet normal 0.285476 -0.958386 0
    outer loop
      vertex 101 0.10352 54
      vertex 100.975 0.0960732 120
      vertex 100.975 0.0960732 54
    endloop
  endfacet
  facet normal 0.290275 -0.956943 1.98044e-06
    outer loop
      vertex 100.975 0.0960732 120
      vertex 101 0.10352 54
      vertex 101.913 0.380602 120
    endloop
  endfacet
  facet normal 0.290406 -0.956904 0
    outer loop
      vertex 101 0.10352 52.8
      vertex 101.913 0.380602 120
      vertex 101 0.10352 54
    endloop
  endfacet
  facet normal 0.290275 -0.956943 -2.47555e-06
    outer loop
      vertex 101.913 0.380602 0
      vertex 101 0.10352 52.8
      vertex 100.975 0.0960732 0
    endloop
  endfacet
  facet normal 0.290406 -0.956904 0
    outer loop
      vertex 101 0.10352 52.8
      vertex 101.913 0.380602 0
      vertex 101.913 0.380602 120
    endloop
  endfacet
  facet normal 0.0980888 0.995178 -0
    outer loop
      vertex 100.975 83.9039 0
      vertex 100 84 120
      vertex 100.975 83.9039 120
    endloop
  endfacet
  facet normal 0.0980888 0.995178 0
    outer loop
      vertex 100 84 120
      vertex 100.975 83.9039 0
      vertex 100 84 0
    endloop
  endfacet
  facet normal -0.290257 0.956949 0
    outer loop
      vertex 4.02455 83.9039 0
      vertex 3.08658 83.6194 120
      vertex 4.02455 83.9039 120
    endloop
  endfacet
  facet normal -0.290257 0.956949 0
    outer loop
      vertex 3.08658 83.6194 120
      vertex 4.02455 83.9039 0
      vertex 3.08658 83.6194 0
    endloop
  endfacet
  facet normal 0.881941 -0.471359 0
    outer loop
      vertex 104.157 2.22215 120
      vertex 104.619 3.08658 0
      vertex 104.619 3.08658 120
    endloop
  endfacet
  facet normal 0.881941 -0.471359 0
    outer loop
      vertex 104.619 3.08658 0
      vertex 104.157 2.22215 120
      vertex 104.157 2.22215 0
    endloop
  endfacet
  facet normal -0.881914 0.471411 0
    outer loop
      vertex 0.380602 80.9134 0
      vertex 0.842651 81.7778 120
      vertex 0.842651 81.7778 0
    endloop
  endfacet
  facet normal -0.881914 0.471411 0
    outer loop
      vertex 0.842651 81.7778 120
      vertex 0.380602 80.9134 0
      vertex 0.380602 80.9134 120
    endloop
  endfacet
  facet normal -0.098044 0.995182 0
    outer loop
      vertex 5 84 0
      vertex 4.02455 83.9039 120
      vertex 5 84 120
    endloop
  endfacet
  facet normal -0.098044 0.995182 0
    outer loop
      vertex 4.02455 83.9039 120
      vertex 5 84 0
      vertex 4.02455 83.9039 0
    endloop
  endfacet
  facet normal 0.995192 0.0979479 0
    outer loop
      vertex 105 79 120
      vertex 104.904 79.9754 0
      vertex 104.904 79.9754 120
    endloop
  endfacet
  facet normal 0.995192 0.0979479 0
    outer loop
      vertex 104.904 79.9754 0
      vertex 105 79 120
      vertex 105 79 0
    endloop
  endfacet
  facet normal 0.881935 0.471372 0
    outer loop
      vertex 104.619 80.9134 120
      vertex 104.157 81.7778 0
      vertex 104.157 81.7778 120
    endloop
  endfacet
  facet normal 0.881935 0.471372 0
    outer loop
      vertex 104.157 81.7778 0
      vertex 104.619 80.9134 120
      vertex 104.619 80.9134 0
    endloop
  endfacet
  facet normal -0.634386 0.773016 0
    outer loop
      vertex 2.22215 83.1573 0
      vertex 1.46447 82.5355 120
      vertex 2.22215 83.1573 120
    endloop
  endfacet
  facet normal -0.634386 0.773016 0
    outer loop
      vertex 1.46447 82.5355 120
      vertex 2.22215 83.1573 0
      vertex 1.46447 82.5355 0
    endloop
  endfacet
  facet normal 0.995192 -0.0979429 0
    outer loop
      vertex 104.904 4.02455 120
      vertex 105 5 0
      vertex 105 5 120
    endloop
  endfacet
  facet normal 0.995192 -0.0979429 0
    outer loop
      vertex 105 5 0
      vertex 104.904 4.02455 120
      vertex 104.904 4.02455 0
    endloop
  endfacet
  facet normal 0 0 1
    outer loop
      vertex 102 81 120
      vertex 105 79 120
      vertex 104.904 79.9754 120
    endloop
  endfacet
  facet normal 0 0 1
    outer loop
      vertex 105 79 120
      vertex 102 81 120
      vertex 105 5 120
    endloop
  endfacet
  facet normal 0 0 1
    outer loop
      vertex 102 81 120
      vertex 104.904 79.9754 120
      vertex 104.619 80.9134 120
    endloop
  endfacet
  facet normal 0 0 1
    outer loop
      vertex 102 3 120
      vertex 105 5 120
      vertex 102 81 120
    endloop
  endfacet
  facet normal -0 0 1
    outer loop
      vertex 102 81 120
      vertex 104.619 80.9134 120
      vertex 104.157 81.7778 120
    endloop
  endfacet
  facet normal 0 0 1
    outer loop
      vertex 105 5 120
      vertex 102 3 120
      vertex 104.904 4.02455 120
    endloop
  endfacet
  facet normal 0 0 1
    outer loop
      vertex 102 81 120
      vertex 104.157 81.7778 120
      vertex 103.536 82.5355 120
    endloop
  endfacet
  facet normal 0 0 1
    outer loop
      vertex 104.904 4.02455 120
      vertex 102 3 120
      vertex 104.619 3.08658 120
    endloop
  endfacet
  facet normal 0 0 1
    outer loop
      vertex 102 81 120
      vertex 103.536 82.5355 120
      vertex 102.778 83.1573 120
    endloop
  endfacet
  facet normal 0 0 1
    outer loop
      vertex 104.619 3.08658 120
      vertex 102 3 120
      vertex 104.157 2.22215 120
    endloop
  endfacet
  facet normal 0 0 1
    outer loop
      vertex 104.157 2.22215 120
      vertex 102 3 120
      vertex 103.536 1.46447 120
    endloop
  endfacet
  facet normal 0 0 1
    outer loop
      vertex 101.913 83.6194 120
      vertex 102 81 120
      vertex 102.778 83.1573 120
    endloop
  endfacet
  facet normal 0 0 1
    outer loop
      vertex 100.975 83.9039 120
      vertex 102 81 120
      vertex 101.913 83.6194 120
    endloop
  endfacet
  facet normal 0 0 1
    outer loop
      vertex 100 84 120
      vertex 102 81 120
      vertex 100.975 83.9039 120
    endloop
  endfacet
  facet normal -0 0 1
    outer loop
      vertex 5 84 120
      vertex 102 81 120
      vertex 100 84 120
    endloop
  endfacet
  facet normal 0 0 1
    outer loop
      vertex 3 81 120
      vertex 5 84 120
      vertex 4.02455 83.9039 120
    endloop
  endfacet
  facet normal 0 0 1
    outer loop
      vertex 3 81 120
      vertex 4.02455 83.9039 120
      vertex 3.08658 83.6194 120
    endloop
  endfacet
  facet normal 0 0 1
    outer loop
      vertex 5 84 120
      vertex 3 81 120
      vertex 102 81 120
    endloop
  endfacet
  facet normal -0 0 1
    outer loop
      vertex 1.46447 82.5355 120
      vertex 3 81 120
      vertex 2.22215 83.1573 120
    endloop
  endfacet
  facet normal -0 0 1
    outer loop
      vertex 2.22215 83.1573 120
      vertex 3 81 120
      vertex 3.08658 83.6194 120
    endloop
  endfacet
  facet normal 0 0 1
    outer loop
      vertex 103.536 1.46447 120
      vertex 102 3 120
      vertex 102.778 0.842651 120
    endloop
  endfacet
  facet normal 0 0 1
    outer loop
      vertex 102 3 120
      vertex 101.913 0.380602 120
      vertex 102.778 0.842651 120
    endloop
  endfacet
  facet normal 0 0 1
    outer loop
      vertex 102 3 120
      vertex 100.975 0.0960732 120
      vertex 101.913 0.380602 120
    endloop
  endfacet
  facet normal 0 0 1
    outer loop
      vertex 102 3 120
      vertex 100 0 120
      vertex 100.975 0.0960732 120
    endloop
  endfacet
  facet normal 0 0 1
    outer loop
      vertex 102 3 120
      vertex 5 0 120
      vertex 100 0 120
    endloop
  endfacet
  facet normal -0 0 1
    outer loop
      vertex 3 3 120
      vertex 5 0 120
      vertex 102 3 120
    endloop
  endfacet
  facet normal 0 0 1
    outer loop
      vertex 5 0 120
      vertex 3 3 120
      vertex 4.02455 0.0960732 120
    endloop
  endfacet
  facet normal 0 0 1
    outer loop
      vertex 4.02455 0.0960732 120
      vertex 3 3 120
      vertex 3.08658 0.380602 120
    endloop
  endfacet
  facet normal 0 0 1
    outer loop
      vertex 3 3 120
      vertex 2.22215 0.842651 120
      vertex 3.08658 0.380602 120
    endloop
  endfacet
  facet normal 0 0 1
    outer loop
      vertex 3 81 120
      vertex 0 79 120
      vertex 3 3 120
    endloop
  endfacet
  facet normal -0 0 1
    outer loop
      vertex 0.842651 81.7778 120
      vertex 3 81 120
      vertex 1.46447 82.5355 120
    endloop
  endfacet
  facet normal -0 0 1
    outer loop
      vertex 0 5 120
      vertex 3 3 120
      vertex 0 79 120
    endloop
  endfacet
  facet normal 0 0 1
    outer loop
      vertex 0.380602 80.9134 120
      vertex 3 81 120
      vertex 0.842651 81.7778 120
    endloop
  endfacet
  facet normal -0 -0 1
    outer loop
      vertex 0.0960732 4.02455 120
      vertex 3 3 120
      vertex 0 5 120
    endloop
  endfacet
  facet normal 0 0 1
    outer loop
      vertex 0.0960732 79.9754 120
      vertex 3 81 120
      vertex 0.380602 80.9134 120
    endloop
  endfacet
  facet normal 0 0 1
    outer loop
      vertex 3 3 120
      vertex 1.46447 1.46447 120
      vertex 2.22215 0.842651 120
    endloop
  endfacet
  facet normal 0 0 1
    outer loop
      vertex 3 81 120
      vertex 0.0960732 79.9754 120
      vertex 0 79 120
    endloop
  endfacet
  facet normal 0 0 1
    outer loop
      vertex 3 3 120
      vertex 0.842651 2.22215 120
      vertex 1.46447 1.46447 120
    endloop
  endfacet
  facet normal 0 0 1
    outer loop
      vertex 3 3 120
      vertex 0.380602 3.08658 120
      vertex 0.842651 2.22215 120
    endloop
  endfacet
  facet normal 0 0 1
    outer loop
      vertex 3 3 120
      vertex 0.0960732 4.02455 120
      vertex 0.380602 3.08658 120
    endloop
  endfacet
  facet normal -0.956943 0.290275 0
    outer loop
      vertex 0.0960732 79.9754 0
      vertex 0.380602 80.9134 120
      vertex 0.380602 80.9134 0
    endloop
  endfacet
  facet normal -0.956943 0.290275 0
    outer loop
      vertex 0.380602 80.9134 120
      vertex 0.0960732 79.9754 0
      vertex 0.0960732 79.9754 120
    endloop
  endfacet
  facet normal -1 0 0
    outer loop
      vertex 102 66.8 25.3
      vertex 102 81 4
      vertex 102 66.8 11.2
    endloop
  endfacet
  facet normal -1 0 0
    outer loop
      vertex 102 81 4
      vertex 102 50.2 11.2
      vertex 102 66.8 11.2
    endloop
  endfacet
  facet normal -1 0 0
    outer loop
      vertex 102 50.2 11.2
      vertex 102 46.8 11.2
      vertex 102 50.2 25.3
    endloop
  endfacet
  facet normal -1 0 0
    outer loop
      vertex 102 81 4
      vertex 102 46.8 11.2
      vertex 102 50.2 11.2
    endloop
  endfacet
  facet normal -1 0 0
    outer loop
      vertex 102 3 4
      vertex 102 46.8 11.2
      vertex 102 81 4
    endloop
  endfacet
  facet normal -1 0 0
    outer loop
      vertex 102 32.2 11.2
      vertex 102 29.8 11.2
      vertex 102 32.2 27.3
    endloop
  endfacet
  facet normal -1 -0 0
    outer loop
      vertex 102 46.8 11.2
      vertex 102 3 4
      vertex 102 32.2 11.2
    endloop
  endfacet
  facet normal -1 -0 0
    outer loop
      vertex 102 32.2 11.2
      vertex 102 3 4
      vertex 102 29.8 11.2
    endloop
  endfacet
  facet normal -1 -0 0
    outer loop
      vertex 102 15.2 11.2
      vertex 102 3 4
      vertex 102 15.2 27.3
    endloop
  endfacet
  facet normal -1 -0 0
    outer loop
      vertex 102 29.8 11.2
      vertex 102 3 4
      vertex 102 15.2 11.2
    endloop
  endfacet
  facet normal -1 0 0
    outer loop
      vertex 102 81 4
      vertex 102 66.8 25.3
      vertex 102 81 120
    endloop
  endfacet
  facet normal -1 0 0
    outer loop
      vertex 102 46.8 27.3
      vertex 102 66.8 25.3
      vertex 102 50.2 25.3
    endloop
  endfacet
  facet normal -1 0 0
    outer loop
      vertex 102 46.8 27.3
      vertex 102 50.2 25.3
      vertex 102 46.8 11.2
    endloop
  endfacet
  facet normal -1 0 0
    outer loop
      vertex 102 66.8 25.3
      vertex 102 46.8 27.3
      vertex 102 81 120
    endloop
  endfacet
  facet normal -1 0 0
    outer loop
      vertex 102 3 120
      vertex 102 46.8 27.3
      vertex 102 32.2 27.3
    endloop
  endfacet
  facet normal -1 0 0
    outer loop
      vertex 102 29.8 27.3
      vertex 102 32.2 27.3
      vertex 102 29.8 11.2
    endloop
  endfacet
  facet normal -1 0 0
    outer loop
      vertex 102 3 120
      vertex 102 32.2 27.3
      vertex 102 29.8 27.3
    endloop
  endfacet
  facet normal -1 0 0
    outer loop
      vertex 102 3 120
      vertex 102 29.8 27.3
      vertex 102 15.2 27.3
    endloop
  endfacet
  facet normal -1 0 0
    outer loop
      vertex 102 46.8 27.3
      vertex 102 3 120
      vertex 102 81 120
    endloop
  endfacet
  facet normal -1 0 0
    outer loop
      vertex 102 3 120
      vertex 102 15.2 27.3
      vertex 102 3 4
    endloop
  endfacet
  facet normal 0 0 1
    outer loop
      vertex 14.7472 17.0166 4
      vertex 14.7472 15.9834 4
      vertex 14.85 16.5 4
    endloop
  endfacet
  facet normal 0 0 1
    outer loop
      vertex 14.4546 17.4546 4
      vertex 14.7472 15.9834 4
      vertex 14.7472 17.0166 4
    endloop
  endfacet
  facet normal 0 0 1
    outer loop
      vertex 14.4546 17.4546 4
      vertex 14.4546 15.5454 4
      vertex 14.7472 15.9834 4
    endloop
  endfacet
  facet normal 0 0 1
    outer loop
      vertex 14.0166 17.7472 4
      vertex 14.4546 15.5454 4
      vertex 14.4546 17.4546 4
    endloop
  endfacet
  facet normal 0 0 1
    outer loop
      vertex 14.0166 17.7472 4
      vertex 14.0166 15.2528 4
      vertex 14.4546 15.5454 4
    endloop
  endfacet
  facet normal 0 0 1
    outer loop
      vertex 13.5 17.85 4
      vertex 14.0166 15.2528 4
      vertex 14.0166 17.7472 4
    endloop
  endfacet
  facet normal 0 0 1
    outer loop
      vertex 13.5 17.85 4
      vertex 13.5 15.15 4
      vertex 14.0166 15.2528 4
    endloop
  endfacet
  facet normal -0 0 1
    outer loop
      vertex 12.9834 17.7472 4
      vertex 13.5 15.15 4
      vertex 13.5 17.85 4
    endloop
  endfacet
  facet normal 0 0 1
    outer loop
      vertex 12.9834 17.7472 4
      vertex 12.9834 15.2528 4
      vertex 13.5 15.15 4
    endloop
  endfacet
  facet normal -0 0 1
    outer loop
      vertex 12.5454 17.4546 4
      vertex 12.9834 15.2528 4
      vertex 12.9834 17.7472 4
    endloop
  endfacet
  facet normal 0 0 1
    outer loop
      vertex 12.5454 17.4546 4
      vertex 12.5454 15.5454 4
      vertex 12.9834 15.2528 4
    endloop
  endfacet
  facet normal -0 0 1
    outer loop
      vertex 12.2528 17.0166 4
      vertex 12.5454 15.5454 4
      vertex 12.5454 17.4546 4
    endloop
  endfacet
  facet normal 0 0 1
    outer loop
      vertex 12.2528 17.0166 4
      vertex 12.2528 15.9834 4
      vertex 12.5454 15.5454 4
    endloop
  endfacet
  facet normal 0 -0 1
    outer loop
      vertex 12.2528 15.9834 4
      vertex 12.2528 17.0166 4
      vertex 12.15 16.5 4
    endloop
  endfacet
  facet normal 0 0 1
    outer loop
      vertex 14.7472 66.0166 4
      vertex 14.7472 64.9834 4
      vertex 14.85 65.5 4
    endloop
  endfacet
  facet normal 0 0 1
    outer loop
      vertex 14.4546 66.4546 4
      vertex 14.7472 64.9834 4
      vertex 14.7472 66.0166 4
    endloop
  endfacet
  facet normal 0 0 1
    outer loop
      vertex 14.4546 66.4546 4
      vertex 14.4546 64.5454 4
      vertex 14.7472 64.9834 4
    endloop
  endfacet
  facet normal 0 0 1
    outer loop
      vertex 14.0166 66.7472 4
      vertex 14.4546 64.5454 4
      vertex 14.4546 66.4546 4
    endloop
  endfacet
  facet normal 0 0 1
    outer loop
      vertex 14.0166 66.7472 4
      vertex 14.0166 64.2528 4
      vertex 14.4546 64.5454 4
    endloop
  endfacet
  facet normal 0 0 1
    outer loop
      vertex 13.5 66.85 4
      vertex 14.0166 64.2528 4
      vertex 14.0166 66.7472 4
    endloop
  endfacet
  facet normal 0 0 1
    outer loop
      vertex 13.5 66.85 4
      vertex 13.5 64.15 4
      vertex 14.0166 64.2528 4
    endloop
  endfacet
  facet normal -0 0 1
    outer loop
      vertex 12.9834 66.7472 4
      vertex 13.5 64.15 4
      vertex 13.5 66.85 4
    endloop
  endfacet
  facet normal 0 0 1
    outer loop
      vertex 12.9834 66.7472 4
      vertex 12.9834 64.2528 4
      vertex 13.5 64.15 4
    endloop
  endfacet
  facet normal -0 0 1
    outer loop
      vertex 12.5454 66.4546 4
      vertex 12.9834 64.2528 4
      vertex 12.9834 66.7472 4
    endloop
  endfacet
  facet normal 0 0 1
    outer loop
      vertex 12.5454 66.4546 4
      vertex 12.5454 64.5454 4
      vertex 12.9834 64.2528 4
    endloop
  endfacet
  facet normal -0 0 1
    outer loop
      vertex 12.2528 66.0166 4
      vertex 12.5454 64.5454 4
      vertex 12.5454 66.4546 4
    endloop
  endfacet
  facet normal 0 0 1
    outer loop
      vertex 12.2528 66.0166 4
      vertex 12.2528 64.9834 4
      vertex 12.5454 64.5454 4
    endloop
  endfacet
  facet normal 0 -0 1
    outer loop
      vertex 12.2528 64.9834 4
      vertex 12.2528 66.0166 4
      vertex 12.15 65.5 4
    endloop
  endfacet
  facet normal 0 0 1
    outer loop
      vertex 72.7472 17.0166 4
      vertex 72.7472 15.9834 4
      vertex 72.85 16.5 4
    endloop
  endfacet
  facet normal 0 0 1
    outer loop
      vertex 72.4546 17.4546 4
      vertex 72.7472 15.9834 4
      vertex 72.7472 17.0166 4
    endloop
  endfacet
  facet normal 0 0 1
    outer loop
      vertex 72.4546 17.4546 4
      vertex 72.4546 15.5454 4
      vertex 72.7472 15.9834 4
    endloop
  endfacet
  facet normal 0 0 1
    outer loop
      vertex 72.0166 17.7472 4
      vertex 72.4546 15.5454 4
      vertex 72.4546 17.4546 4
    endloop
  endfacet
  facet normal 0 0 1
    outer loop
      vertex 72.0166 17.7472 4
      vertex 72.0166 15.2528 4
      vertex 72.4546 15.5454 4
    endloop
  endfacet
  facet normal 0 0 1
    outer loop
      vertex 71.5 17.85 4
      vertex 72.0166 15.2528 4
      vertex 72.0166 17.7472 4
    endloop
  endfacet
  facet normal 0 0 1
    outer loop
      vertex 71.5 17.85 4
      vertex 71.5 15.15 4
      vertex 72.0166 15.2528 4
    endloop
  endfacet
  facet normal -0 0 1
    outer loop
      vertex 70.9834 17.7472 4
      vertex 71.5 15.15 4
      vertex 71.5 17.85 4
    endloop
  endfacet
  facet normal 0 0 1
    outer loop
      vertex 70.9834 17.7472 4
      vertex 70.9834 15.2528 4
      vertex 71.5 15.15 4
    endloop
  endfacet
  facet normal -0 0 1
    outer loop
      vertex 70.5454 17.4546 4
      vertex 70.9834 15.2528 4
      vertex 70.9834 17.7472 4
    endloop
  endfacet
  facet normal 0 0 1
    outer loop
      vertex 70.5454 17.4546 4
      vertex 70.5454 15.5454 4
      vertex 70.9834 15.2528 4
    endloop
  endfacet
  facet normal -0 0 1
    outer loop
      vertex 70.2528 17.0166 4
      vertex 70.5454 15.5454 4
      vertex 70.5454 17.4546 4
    endloop
  endfacet
  facet normal 0 0 1
    outer loop
      vertex 70.2528 17.0166 4
      vertex 70.2528 15.9834 4
      vertex 70.5454 15.5454 4
    endloop
  endfacet
  facet normal 0 -0 1
    outer loop
      vertex 70.2528 15.9834 4
      vertex 70.2528 17.0166 4
      vertex 70.15 16.5 4
    endloop
  endfacet
  facet normal 0 0 1
    outer loop
      vertex 72.7472 66.0166 4
      vertex 72.7472 64.9834 4
      vertex 72.85 65.5 4
    endloop
  endfacet
  facet normal 0 0 1
    outer loop
      vertex 72.4546 66.4546 4
      vertex 72.7472 64.9834 4
      vertex 72.7472 66.0166 4
    endloop
  endfacet
  facet normal 0 0 1
    outer loop
      vertex 72.4546 66.4546 4
      vertex 72.4546 64.5454 4
      vertex 72.7472 64.9834 4
    endloop
  endfacet
  facet normal 0 0 1
    outer loop
      vertex 72.0166 66.7472 4
      vertex 72.4546 64.5454 4
      vertex 72.4546 66.4546 4
    endloop
  endfacet
  facet normal 0 0 1
    outer loop
      vertex 72.0166 66.7472 4
      vertex 72.0166 64.2528 4
      vertex 72.4546 64.5454 4
    endloop
  endfacet
  facet normal 0 0 1
    outer loop
      vertex 71.5 66.85 4
      vertex 72.0166 64.2528 4
      vertex 72.0166 66.7472 4
    endloop
  endfacet
  facet normal 0 0 1
    outer loop
      vertex 71.5 66.85 4
      vertex 71.5 64.15 4
      vertex 72.0166 64.2528 4
    endloop
  endfacet
  facet normal -0 0 1
    outer loop
      vertex 70.9834 66.7472 4
      vertex 71.5 64.15 4
      vertex 71.5 66.85 4
    endloop
  endfacet
  facet normal 0 0 1
    outer loop
      vertex 70.9834 66.7472 4
      vertex 70.9834 64.2528 4
      vertex 71.5 64.15 4
    endloop
  endfacet
  facet normal -0 0 1
    outer loop
      vertex 70.5454 66.4546 4
      vertex 70.9834 64.2528 4
      vertex 70.9834 66.7472 4
    endloop
  endfacet
  facet normal 0 0 1
    outer loop
      vertex 70.5454 66.4546 4
      vertex 70.5454 64.5454 4
      vertex 70.9834 64.2528 4
    endloop
  endfacet
  facet normal -0 0 1
    outer loop
      vertex 70.2528 66.0166 4
      vertex 70.5454 64.5454 4
      vertex 70.5454 66.4546 4
    endloop
  endfacet
  facet normal 0 0 1
    outer loop
      vertex 70.2528 66.0166 4
      vertex 70.2528 64.9834 4
      vertex 70.5454 64.5454 4
    endloop
  endfacet
  facet normal 0 -0 1
    outer loop
      vertex 70.2528 64.9834 4
      vertex 70.2528 66.0166 4
      vertex 70.15 65.5 4
    endloop
  endfacet
  facet normal 0 0 1
    outer loop
      vertex 28 31 4
      vertex 16.5223 17.1898 4
      vertex 16.6 16.5 4
    endloop
  endfacet
  facet normal 0 0 1
    outer loop
      vertex 28 31 4
      vertex 16.293 17.845 4
      vertex 16.5223 17.1898 4
    endloop
  endfacet
  facet normal 0 0 1
    outer loop
      vertex 20 31 4
      vertex 15.9237 18.4328 4
      vertex 16.293 17.845 4
    endloop
  endfacet
  facet normal 0 0 1
    outer loop
      vertex 20 31 4
      vertex 15.4328 18.9237 4
      vertex 15.9237 18.4328 4
    endloop
  endfacet
  facet normal 0 0 1
    outer loop
      vertex 20 31 4
      vertex 14.845 19.293 4
      vertex 15.4328 18.9237 4
    endloop
  endfacet
  facet normal 0 0 1
    outer loop
      vertex 20 31 4
      vertex 14.1898 19.5223 4
      vertex 14.845 19.293 4
    endloop
  endfacet
  facet normal -0 0 1
    outer loop
      vertex 11 31 4
      vertex 14.1898 19.5223 4
      vertex 20 31 4
    endloop
  endfacet
  facet normal 0 0 1
    outer loop
      vertex 14.1898 19.5223 4
      vertex 11 31 4
      vertex 13.5 19.6 4
    endloop
  endfacet
  facet normal 0 0 1
    outer loop
      vertex 13.5 19.6 4
      vertex 11 31 4
      vertex 12.8102 19.5223 4
    endloop
  endfacet
  facet normal 0 0 1
    outer loop
      vertex 12.8102 19.5223 4
      vertex 11 31 4
      vertex 12.155 19.293 4
    endloop
  endfacet
  facet normal 0 0 1
    outer loop
      vertex 12.155 19.293 4
      vertex 11 31 4
      vertex 11.5672 18.9237 4
    endloop
  endfacet
  facet normal 0 0 1
    outer loop
      vertex 11.5672 18.9237 4
      vertex 11 31 4
      vertex 11.0763 18.4328 4
    endloop
  endfacet
  facet normal 0 0 1
    outer loop
      vertex 3 81 4
      vertex 11 53 4
      vertex 10.4777 64.8102 4
    endloop
  endfacet
  facet normal 0 0 1
    outer loop
      vertex 11 31 4
      vertex 10.707 17.845 4
      vertex 11.0763 18.4328 4
    endloop
  endfacet
  facet normal 0 0 1
    outer loop
      vertex 11 53 4
      vertex 3 81 4
      vertex 11 31 4
    endloop
  endfacet
  facet normal 0 -0 1
    outer loop
      vertex 10.4777 17.1898 4
      vertex 11 31 4
      vertex 3 3 4
    endloop
  endfacet
  facet normal 0 0 1
    outer loop
      vertex 3 81 4
      vertex 10.4777 64.8102 4
      vertex 10.4 65.5 4
    endloop
  endfacet
  facet normal 0 0 1
    outer loop
      vertex 11 31 4
      vertex 10.4777 17.1898 4
      vertex 10.707 17.845 4
    endloop
  endfacet
  facet normal -0 0 1
    outer loop
      vertex 16.293 64.155 4
      vertex 28 53 4
      vertex 16.5223 64.8102 4
    endloop
  endfacet
  facet normal 0 0 1
    outer loop
      vertex 28 53 4
      vertex 16.293 64.155 4
      vertex 20 53 4
    endloop
  endfacet
  facet normal -0 0 1
    outer loop
      vertex 15.9237 63.5672 4
      vertex 20 53 4
      vertex 16.293 64.155 4
    endloop
  endfacet
  facet normal -0 0 1
    outer loop
      vertex 15.4328 63.0763 4
      vertex 20 53 4
      vertex 15.9237 63.5672 4
    endloop
  endfacet
  facet normal -0 0 1
    outer loop
      vertex 14.845 62.707 4
      vertex 20 53 4
      vertex 15.4328 63.0763 4
    endloop
  endfacet
  facet normal -0 0 1
    outer loop
      vertex 14.1898 62.4777 4
      vertex 20 53 4
      vertex 14.845 62.707 4
    endloop
  endfacet
  facet normal 0 0 1
    outer loop
      vertex 11 53 4
      vertex 14.1898 62.4777 4
      vertex 13.5 62.4 4
    endloop
  endfacet
  facet normal 0 0 1
    outer loop
      vertex 11 53 4
      vertex 13.5 62.4 4
      vertex 12.8102 62.4777 4
    endloop
  endfacet
  facet normal 0 0 1
    outer loop
      vertex 11 53 4
      vertex 12.8102 62.4777 4
      vertex 12.155 62.707 4
    endloop
  endfacet
  facet normal 0 0 1
    outer loop
      vertex 11 53 4
      vertex 12.155 62.707 4
      vertex 11.5672 63.0763 4
    endloop
  endfacet
  facet normal 0 0 1
    outer loop
      vertex 11 53 4
      vertex 11.5672 63.0763 4
      vertex 11.0763 63.5672 4
    endloop
  endfacet
  facet normal 0 0 1
    outer loop
      vertex 14.1898 62.4777 4
      vertex 11 53 4
      vertex 20 53 4
    endloop
  endfacet
  facet normal 0 0 1
    outer loop
      vertex 10.4777 64.8102 4
      vertex 11 53 4
      vertex 10.707 64.155 4
    endloop
  endfacet
  facet normal 0 0 1
    outer loop
      vertex 10.707 64.155 4
      vertex 11 53 4
      vertex 11.0763 63.5672 4
    endloop
  endfacet
  facet normal -0 0 1
    outer loop
      vertex 73.9237 63.5672 4
      vertex 79 53 4
      vertex 74.293 64.155 4
    endloop
  endfacet
  facet normal 0 0 1
    outer loop
      vertex 79 31 4
      vertex 74.5223 17.1898 4
      vertex 74.6 16.5 4
    endloop
  endfacet
  facet normal 0 0 1
    outer loop
      vertex 79 53 4
      vertex 71 53 4
      vertex 79 31 4
    endloop
  endfacet
  facet normal 0 0 1
    outer loop
      vertex 79 31 4
      vertex 74.293 17.845 4
      vertex 74.5223 17.1898 4
    endloop
  endfacet
  facet normal -0 0 1
    outer loop
      vertex 73.4328 63.0763 4
      vertex 79 53 4
      vertex 73.9237 63.5672 4
    endloop
  endfacet
  facet normal 0 -0 1
    outer loop
      vertex 72.845 19.293 4
      vertex 79 31 4
      vertex 71 31 4
    endloop
  endfacet
  facet normal -0 0 1
    outer loop
      vertex 72.845 62.707 4
      vertex 79 53 4
      vertex 73.4328 63.0763 4
    endloop
  endfacet
  facet normal 0 0 1
    outer loop
      vertex 79 31 4
      vertex 73.9237 18.4328 4
      vertex 74.293 17.845 4
    endloop
  endfacet
  facet normal 0 0 1
    outer loop
      vertex 79 53 4
      vertex 72.845 62.707 4
      vertex 71 53 4
    endloop
  endfacet
  facet normal 0 0 1
    outer loop
      vertex 79 31 4
      vertex 73.4328 18.9237 4
      vertex 73.9237 18.4328 4
    endloop
  endfacet
  facet normal 0 0 1
    outer loop
      vertex 71 53 4
      vertex 72.845 62.707 4
      vertex 72.1898 62.4777 4
    endloop
  endfacet
  facet normal 0 0 1
    outer loop
      vertex 79 31 4
      vertex 71 53 4
      vertex 71 31 4
    endloop
  endfacet
  facet normal 0 0 1
    outer loop
      vertex 71 53 4
      vertex 72.1898 62.4777 4
      vertex 71.5 62.4 4
    endloop
  endfacet
  facet normal 0 0 1
    outer loop
      vertex 79 31 4
      vertex 72.845 19.293 4
      vertex 73.4328 18.9237 4
    endloop
  endfacet
  facet normal 0 0 1
    outer loop
      vertex 72.845 19.293 4
      vertex 71 31 4
      vertex 72.1898 19.5223 4
    endloop
  endfacet
  facet normal 0 0 1
    outer loop
      vertex 70.8102 62.4777 4
      vertex 71 53 4
      vertex 71.5 62.4 4
    endloop
  endfacet
  facet normal 0 0 1
    outer loop
      vertex 70.155 62.707 4
      vertex 71 53 4
      vertex 70.8102 62.4777 4
    endloop
  endfacet
  facet normal 0 0 1
    outer loop
      vertex 69.5672 63.0763 4
      vertex 71 53 4
      vertex 70.155 62.707 4
    endloop
  endfacet
  facet normal 0 0 1
    outer loop
      vertex 62 53 4
      vertex 69.5672 63.0763 4
      vertex 69.0763 63.5672 4
    endloop
  endfacet
  facet normal 0 0 1
    outer loop
      vertex 62 53 4
      vertex 69.0763 63.5672 4
      vertex 68.707 64.155 4
    endloop
  endfacet
  facet normal 0 0 1
    outer loop
      vertex 62 53 4
      vertex 68.707 64.155 4
      vertex 68.4777 64.8102 4
    endloop
  endfacet
  facet normal 0 0 1
    outer loop
      vertex 69.5672 63.0763 4
      vertex 62 53 4
      vertex 71 53 4
    endloop
  endfacet
  facet normal 0 0 1
    outer loop
      vertex 54 53 4
      vertex 68.4777 64.8102 4
      vertex 68.4 65.5 4
    endloop
  endfacet
  facet normal 0 0 1
    outer loop
      vertex 102 81 4
      vertex 88 53 4
      vertex 102 3 4
    endloop
  endfacet
  facet normal -0 0 1
    outer loop
      vertex 74.5223 66.1898 4
      vertex 88 53 4
      vertex 102 81 4
    endloop
  endfacet
  facet normal 0 0 1
    outer loop
      vertex 88 53 4
      vertex 74.5223 64.8102 4
      vertex 79 53 4
    endloop
  endfacet
  facet normal -0 0 1
    outer loop
      vertex 74.5223 64.8102 4
      vertex 88 53 4
      vertex 74.6 65.5 4
    endloop
  endfacet
  facet normal 0 0 1
    outer loop
      vertex 88 53 4
      vertex 74.5223 66.1898 4
      vertex 74.6 65.5 4
    endloop
  endfacet
  facet normal 0 0 1
    outer loop
      vertex 102 81 4
      vertex 74.293 66.845 4
      vertex 74.5223 66.1898 4
    endloop
  endfacet
  facet normal 0 0 1
    outer loop
      vertex 102 81 4
      vertex 73.9237 67.4328 4
      vertex 74.293 66.845 4
    endloop
  endfacet
  facet normal 0 0 1
    outer loop
      vertex 102 81 4
      vertex 73.4328 67.9237 4
      vertex 73.9237 67.4328 4
    endloop
  endfacet
  facet normal 0 0 1
    outer loop
      vertex 102 81 4
      vertex 72.845 68.293 4
      vertex 73.4328 67.9237 4
    endloop
  endfacet
  facet normal 0 0 1
    outer loop
      vertex 102 81 4
      vertex 72.1898 68.5223 4
      vertex 72.845 68.293 4
    endloop
  endfacet
  facet normal 0 0 1
    outer loop
      vertex 102 81 4
      vertex 71.5 68.6 4
      vertex 72.1898 68.5223 4
    endloop
  endfacet
  facet normal 0 0 1
    outer loop
      vertex 102 81 4
      vertex 70.8102 68.5223 4
      vertex 71.5 68.6 4
    endloop
  endfacet
  facet normal -0 0 1
    outer loop
      vertex 3 81 4
      vertex 70.8102 68.5223 4
      vertex 102 81 4
    endloop
  endfacet
  facet normal 0 0 1
    outer loop
      vertex 54 53 4
      vertex 68.4 65.5 4
      vertex 68.4777 66.1898 4
    endloop
  endfacet
  facet normal 0 0 1
    outer loop
      vertex 45 53 4
      vertex 68.4777 66.1898 4
      vertex 68.707 66.845 4
    endloop
  endfacet
  facet normal 0 0 1
    outer loop
      vertex 62 53 4
      vertex 54 53 4
      vertex 62 31 4
    endloop
  endfacet
  facet normal 0 0 1
    outer loop
      vertex 68.4777 64.8102 4
      vertex 54 53 4
      vertex 62 53 4
    endloop
  endfacet
  facet normal 0 0 1
    outer loop
      vertex 45 53 4
      vertex 68.707 66.845 4
      vertex 69.0763 67.4328 4
    endloop
  endfacet
  facet normal 0 0 1
    outer loop
      vertex 15.9237 67.4328 4
      vertex 69.0763 67.4328 4
      vertex 69.5672 67.9237 4
    endloop
  endfacet
  facet normal 0 0 1
    outer loop
      vertex 68.4777 66.1898 4
      vertex 45 53 4
      vertex 54 53 4
    endloop
  endfacet
  facet normal 0 0 1
    outer loop
      vertex 3 81 4
      vertex 69.5672 67.9237 4
      vertex 70.155 68.293 4
    endloop
  endfacet
  facet normal 0 0 1
    outer loop
      vertex 45 53 4
      vertex 37 53 4
      vertex 45 31 4
    endloop
  endfacet
  facet normal 0 0 1
    outer loop
      vertex 69.0763 67.4328 4
      vertex 15.9237 67.4328 4
      vertex 45 53 4
    endloop
  endfacet
  facet normal 0 0 1
    outer loop
      vertex 45 53 4
      vertex 16.293 66.845 4
      vertex 37 53 4
    endloop
  endfacet
  facet normal 0 0 1
    outer loop
      vertex 70.8102 68.5223 4
      vertex 3 81 4
      vertex 70.155 68.293 4
    endloop
  endfacet
  facet normal 0 0 1
    outer loop
      vertex 28 53 4
      vertex 20 53 4
      vertex 28 31 4
    endloop
  endfacet
  facet normal -0 -0 1
    outer loop
      vertex 16.5223 66.1898 4
      vertex 37 53 4
      vertex 16.293 66.845 4
    endloop
  endfacet
  facet normal -0 0 1
    outer loop
      vertex 16.5223 64.8102 4
      vertex 28 53 4
      vertex 16.6 65.5 4
    endloop
  endfacet
  facet normal 0 0 1
    outer loop
      vertex 28 53 4
      vertex 16.5223 66.1898 4
      vertex 16.6 65.5 4
    endloop
  endfacet
  facet normal 0 0 1
    outer loop
      vertex 37 53 4
      vertex 16.5223 66.1898 4
      vertex 28 53 4
    endloop
  endfacet
  facet normal 0 0 1
    outer loop
      vertex 45 53 4
      vertex 15.9237 67.4328 4
      vertex 16.293 66.845 4
    endloop
  endfacet
  facet normal 0 0 1
    outer loop
      vertex 69.5672 67.9237 4
      vertex 15.4328 67.9237 4
      vertex 15.9237 67.4328 4
    endloop
  endfacet
  facet normal 0 0 1
    outer loop
      vertex 69.5672 67.9237 4
      vertex 3 81 4
      vertex 15.4328 67.9237 4
    endloop
  endfacet
  facet normal 0 0 1
    outer loop
      vertex 15.4328 67.9237 4
      vertex 3 81 4
      vertex 14.845 68.293 4
    endloop
  endfacet
  facet normal 0 0 1
    outer loop
      vertex 14.845 68.293 4
      vertex 3 81 4
      vertex 14.1898 68.5223 4
    endloop
  endfacet
  facet normal 0 0 1
    outer loop
      vertex 14.1898 68.5223 4
      vertex 3 81 4
      vertex 13.5 68.6 4
    endloop
  endfacet
  facet normal 0 0 1
    outer loop
      vertex 11 31 4
      vertex 3 81 4
      vertex 3 3 4
    endloop
  endfacet
  facet normal 0 0 1
    outer loop
      vertex 10.4777 66.1898 4
      vertex 3 81 4
      vertex 10.4 65.5 4
    endloop
  endfacet
  facet normal 0 0 1
    outer loop
      vertex 10.707 66.845 4
      vertex 3 81 4
      vertex 10.4777 66.1898 4
    endloop
  endfacet
  facet normal 0 0 1
    outer loop
      vertex 11.0763 67.4328 4
      vertex 3 81 4
      vertex 10.707 66.845 4
    endloop
  endfacet
  facet normal 0 0 1
    outer loop
      vertex 11.5672 67.9237 4
      vertex 3 81 4
      vertex 11.0763 67.4328 4
    endloop
  endfacet
  facet normal 0 0 1
    outer loop
      vertex 12.155 68.293 4
      vertex 3 81 4
      vertex 11.5672 67.9237 4
    endloop
  endfacet
  facet normal 0 0 1
    outer loop
      vertex 12.8102 68.5223 4
      vertex 3 81 4
      vertex 12.155 68.293 4
    endloop
  endfacet
  facet normal 0 0 1
    outer loop
      vertex 13.5 68.6 4
      vertex 3 81 4
      vertex 12.8102 68.5223 4
    endloop
  endfacet
  facet normal -0 0 1
    outer loop
      vertex 88 31 4
      vertex 102 3 4
      vertex 88 53 4
    endloop
  endfacet
  facet normal 0 0 1
    outer loop
      vertex 74.6 16.5 4
      vertex 88 31 4
      vertex 79 31 4
    endloop
  endfacet
  facet normal -0 0 1
    outer loop
      vertex 74.293 64.155 4
      vertex 79 53 4
      vertex 74.5223 64.8102 4
    endloop
  endfacet
  facet normal 0 0 1
    outer loop
      vertex 88 31 4
      vertex 74.6 16.5 4
      vertex 102 3 4
    endloop
  endfacet
  facet normal -0 0 1
    outer loop
      vertex 74.5223 15.8102 4
      vertex 102 3 4
      vertex 74.6 16.5 4
    endloop
  endfacet
  facet normal -0 0 1
    outer loop
      vertex 74.293 15.155 4
      vertex 102 3 4
      vertex 74.5223 15.8102 4
    endloop
  endfacet
  facet normal -0 0 1
    outer loop
      vertex 73.9237 14.5672 4
      vertex 102 3 4
      vertex 74.293 15.155 4
    endloop
  endfacet
  facet normal -0 0 1
    outer loop
      vertex 73.4328 14.0763 4
      vertex 102 3 4
      vertex 73.9237 14.5672 4
    endloop
  endfacet
  facet normal -0 0 1
    outer loop
      vertex 72.845 13.707 4
      vertex 102 3 4
      vertex 73.4328 14.0763 4
    endloop
  endfacet
  facet normal -0 0 1
    outer loop
      vertex 72.1898 13.4777 4
      vertex 102 3 4
      vertex 72.845 13.707 4
    endloop
  endfacet
  facet normal -0 0 1
    outer loop
      vertex 71.5 13.4 4
      vertex 102 3 4
      vertex 72.1898 13.4777 4
    endloop
  endfacet
  facet normal 0 0 1
    outer loop
      vertex 70.8102 13.4777 4
      vertex 102 3 4
      vertex 71.5 13.4 4
    endloop
  endfacet
  facet normal 0 0 1
    outer loop
      vertex 68.4777 17.1898 4
      vertex 54 31 4
      vertex 68.4 16.5 4
    endloop
  endfacet
  facet normal 0 0 1
    outer loop
      vertex 68.4 16.5 4
      vertex 54 31 4
      vertex 68.4777 15.8102 4
    endloop
  endfacet
  facet normal 0 0 1
    outer loop
      vertex 54 31 4
      vertex 62 31 4
      vertex 54 53 4
    endloop
  endfacet
  facet normal -0 0 1
    outer loop
      vertex 45 31 4
      vertex 68.4777 15.8102 4
      vertex 54 31 4
    endloop
  endfacet
  facet normal 0 0 1
    outer loop
      vertex 68.4777 15.8102 4
      vertex 45 31 4
      vertex 68.707 15.155 4
    endloop
  endfacet
  facet normal 0 0 1
    outer loop
      vertex 16.293 15.155 4
      vertex 68.707 15.155 4
      vertex 45 31 4
    endloop
  endfacet
  facet normal 0 0 1
    outer loop
      vertex 68.707 15.155 4
      vertex 16.293 15.155 4
      vertex 69.0763 14.5672 4
    endloop
  endfacet
  facet normal 0 0 1
    outer loop
      vertex 37 31 4
      vertex 45 31 4
      vertex 37 53 4
    endloop
  endfacet
  facet normal 0 0 1
    outer loop
      vertex 16.293 15.155 4
      vertex 45 31 4
      vertex 37 31 4
    endloop
  endfacet
  facet normal 0 0 1
    outer loop
      vertex 15.9237 14.5672 4
      vertex 69.0763 14.5672 4
      vertex 16.293 15.155 4
    endloop
  endfacet
  facet normal 0 0 1
    outer loop
      vertex 16.6 16.5 4
      vertex 37 31 4
      vertex 28 31 4
    endloop
  endfacet
  facet normal 0 0 1
    outer loop
      vertex 20 31 4
      vertex 28 31 4
      vertex 20 53 4
    endloop
  endfacet
  facet normal 0 0 1
    outer loop
      vertex 16.293 17.845 4
      vertex 28 31 4
      vertex 20 31 4
    endloop
  endfacet
  facet normal 0 0 1
    outer loop
      vertex 37 31 4
      vertex 16.6 16.5 4
      vertex 16.5223 15.8102 4
    endloop
  endfacet
  facet normal 0 0 1
    outer loop
      vertex 16.293 15.155 4
      vertex 37 31 4
      vertex 16.5223 15.8102 4
    endloop
  endfacet
  facet normal 0 0 1
    outer loop
      vertex 69.0763 14.5672 4
      vertex 15.9237 14.5672 4
      vertex 69.5672 14.0763 4
    endloop
  endfacet
  facet normal 0 0 1
    outer loop
      vertex 15.4328 14.0763 4
      vertex 69.5672 14.0763 4
      vertex 15.9237 14.5672 4
    endloop
  endfacet
  facet normal 0 0 1
    outer loop
      vertex 69.5672 14.0763 4
      vertex 15.4328 14.0763 4
      vertex 70.155 13.707 4
    endloop
  endfacet
  facet normal 0 0 1
    outer loop
      vertex 3 3 4
      vertex 70.155 13.707 4
      vertex 15.4328 14.0763 4
    endloop
  endfacet
  facet normal 0 0 1
    outer loop
      vertex 70.155 13.707 4
      vertex 3 3 4
      vertex 70.8102 13.4777 4
    endloop
  endfacet
  facet normal 0 0 1
    outer loop
      vertex 3 3 4
      vertex 15.4328 14.0763 4
      vertex 14.845 13.707 4
    endloop
  endfacet
  facet normal 0 0 1
    outer loop
      vertex 3 3 4
      vertex 14.845 13.707 4
      vertex 14.1898 13.4777 4
    endloop
  endfacet
  facet normal 0 0 1
    outer loop
      vertex 3 3 4
      vertex 14.1898 13.4777 4
      vertex 13.5 13.4 4
    endloop
  endfacet
  facet normal 0 0 1
    outer loop
      vertex 3 3 4
      vertex 13.5 13.4 4
      vertex 12.8102 13.4777 4
    endloop
  endfacet
  facet normal 0 0 1
    outer loop
      vertex 10.4777 17.1898 4
      vertex 3 3 4
      vertex 10.4 16.5 4
    endloop
  endfacet
  facet normal 0 0 1
    outer loop
      vertex 70.8102 13.4777 4
      vertex 3 3 4
      vertex 102 3 4
    endloop
  endfacet
  facet normal 0 0 1
    outer loop
      vertex 12.155 13.707 4
      vertex 3 3 4
      vertex 12.8102 13.4777 4
    endloop
  endfacet
  facet normal 0 0 1
    outer loop
      vertex 11.5672 14.0763 4
      vertex 3 3 4
      vertex 12.155 13.707 4
    endloop
  endfacet
  facet normal 0 0 1
    outer loop
      vertex 11.0763 14.5672 4
      vertex 3 3 4
      vertex 11.5672 14.0763 4
    endloop
  endfacet
  facet normal 0 0 1
    outer loop
      vertex 10.707 15.155 4
      vertex 3 3 4
      vertex 11.0763 14.5672 4
    endloop
  endfacet
  facet normal 0 0 1
    outer loop
      vertex 10.4777 15.8102 4
      vertex 3 3 4
      vertex 10.707 15.155 4
    endloop
  endfacet
  facet normal 0 0 1
    outer loop
      vertex 10.4 16.5 4
      vertex 3 3 4
      vertex 10.4777 15.8102 4
    endloop
  endfacet
  facet normal 0 0 1
    outer loop
      vertex 72.1898 19.5223 4
      vertex 71 31 4
      vertex 71.5 19.6 4
    endloop
  endfacet
  facet normal 0 0 1
    outer loop
      vertex 71 31 4
      vertex 70.8102 19.5223 4
      vertex 71.5 19.6 4
    endloop
  endfacet
  facet normal 0 0 1
    outer loop
      vertex 71 31 4
      vertex 70.155 19.293 4
      vertex 70.8102 19.5223 4
    endloop
  endfacet
  facet normal -0 0 1
    outer loop
      vertex 62 31 4
      vertex 70.155 19.293 4
      vertex 71 31 4
    endloop
  endfacet
  facet normal 0 0 1
    outer loop
      vertex 70.155 19.293 4
      vertex 62 31 4
      vertex 69.5672 18.9237 4
    endloop
  endfacet
  facet normal 0 0 1
    outer loop
      vertex 69.5672 18.9237 4
      vertex 62 31 4
      vertex 69.0763 18.4328 4
    endloop
  endfacet
  facet normal 0 0 1
    outer loop
      vertex 69.0763 18.4328 4
      vertex 62 31 4
      vertex 68.707 17.845 4
    endloop
  endfacet
  facet normal -0 0 1
    outer loop
      vertex 54 31 4
      vertex 68.4777 17.1898 4
      vertex 62 31 4
    endloop
  endfacet
  facet normal 0 0 1
    outer loop
      vertex 68.707 17.845 4
      vertex 62 31 4
      vertex 68.4777 17.1898 4
    endloop
  endfacet
  facet normal 1 -0 0
    outer loop
      vertex 3 57.4895 17.2416
      vertex 3 81 4
      vertex 3 81 120
    endloop
  endfacet
  facet normal 1 0 0
    outer loop
      vertex 3 81 4
      vertex 3 58.186 16.0352
      vertex 3 58.3316 15.3502
    endloop
  endfacet
  facet normal 1 0 0
    outer loop
      vertex 3 81 4
      vertex 3 57.9012 16.675
      vertex 3 58.186 16.0352
    endloop
  endfacet
  facet normal 1 0 0
    outer loop
      vertex 3 81 4
      vertex 3 57.4895 17.2416
      vertex 3 57.9012 16.675
    endloop
  endfacet
  facet normal 1 0 0
    outer loop
      vertex 3 81 120
      vertex 3 56.9691 17.7102
      vertex 3 57.4895 17.2416
    endloop
  endfacet
  facet normal 1 0 0
    outer loop
      vertex 3 81 120
      vertex 3 56.3626 18.0604
      vertex 3 56.9691 17.7102
    endloop
  endfacet
  facet normal 1 0 0
    outer loop
      vertex 3 81 120
      vertex 3 55.6965 18.2768
      vertex 3 56.3626 18.0604
    endloop
  endfacet
  facet normal 1 0 0
    outer loop
      vertex 3 81 120
      vertex 3 55 18.35
      vertex 3 55.6965 18.2768
    endloop
  endfacet
  facet normal 1 0 0
    outer loop
      vertex 3 81 120
      vertex 3 54.3035 18.2768
      vertex 3 55 18.35
    endloop
  endfacet
  facet normal 1 -0 0
    outer loop
      vertex 3 3 120
      vertex 3 54.3035 18.2768
      vertex 3 81 120
    endloop
  endfacet
  facet normal 1 0 -0
    outer loop
      vertex 3 37.5 16.25
      vertex 3 54.3035 18.2768
      vertex 3 3 120
    endloop
  endfacet
  facet normal 1 0 0
    outer loop
      vertex 3 54.3035 18.2768
      vertex 3 37.5 16.25
      vertex 3 53.6374 18.0604
    endloop
  endfacet
  facet normal 1 0 -0
    outer loop
      vertex 3 45.5 16.25
      vertex 3 53.6374 18.0604
      vertex 3 37.5 16.25
    endloop
  endfacet
  facet normal 1 0 0
    outer loop
      vertex 3 52.5105 17.2416
      vertex 3 45.5 16.25
      vertex 3 52.0988 16.675
    endloop
  endfacet
  facet normal 1 0 0
    outer loop
      vertex 3 51.6684 15.3502
      vertex 3 45.5 16.25
      vertex 3 51.6684 14.6498
    endloop
  endfacet
  facet normal 1 0 0
    outer loop
      vertex 3 51.814 16.0352
      vertex 3 45.5 16.25
      vertex 3 51.6684 15.3502
    endloop
  endfacet
  facet normal 1 0 0
    outer loop
      vertex 3 52.0988 16.675
      vertex 3 45.5 16.25
      vertex 3 51.814 16.0352
    endloop
  endfacet
  facet normal 1 0 0
    outer loop
      vertex 3 53.0309 17.7102
      vertex 3 45.5 16.25
      vertex 3 52.5105 17.2416
    endloop
  endfacet
  facet normal 1 0 0
    outer loop
      vertex 3 37.5 16.25
      vertex 3 35.5 16.25
      vertex 3 37.5 11.2
    endloop
  endfacet
  facet normal 1 0 0
    outer loop
      vertex 3 53.6374 18.0604
      vertex 3 45.5 16.25
      vertex 3 53.0309 17.7102
    endloop
  endfacet
  facet normal 1 0 0
    outer loop
      vertex 3 37.5 16.25
      vertex 3 3 120
      vertex 3 35.5 16.25
    endloop
  endfacet
  facet normal 1 0 0
    outer loop
      vertex 3 27.5 16.25
      vertex 3 25.7 15.3
      vertex 3 27.5 11.2
    endloop
  endfacet
  facet normal 1 0 0
    outer loop
      vertex 3 35.5 16.25
      vertex 3 3 120
      vertex 3 27.5 16.25
    endloop
  endfacet
  facet normal 1 0 -0
    outer loop
      vertex 3 16.2 15.3
      vertex 3 27.5 16.25
      vertex 3 3 120
    endloop
  endfacet
  facet normal 1 0 0
    outer loop
      vertex 3 3 4
      vertex 3 16.2 15.3
      vertex 3 3 120
    endloop
  endfacet
  facet normal 1 0 0
    outer loop
      vertex 3 27.5 16.25
      vertex 3 16.2 15.3
      vertex 3 25.7 15.3
    endloop
  endfacet
  facet normal 1 -0 0
    outer loop
      vertex 3 58.3316 14.6498
      vertex 3 81 4
      vertex 3 58.3316 15.3502
    endloop
  endfacet
  facet normal 1 -0 0
    outer loop
      vertex 3 58.186 13.9648
      vertex 3 81 4
      vertex 3 58.3316 14.6498
    endloop
  endfacet
  facet normal 1 -0 0
    outer loop
      vertex 3 57.9012 13.325
      vertex 3 81 4
      vertex 3 58.186 13.9648
    endloop
  endfacet
  facet normal 1 -0 0
    outer loop
      vertex 3 57.4895 12.7584
      vertex 3 81 4
      vertex 3 57.9012 13.325
    endloop
  endfacet
  facet normal 1 -0 0
    outer loop
      vertex 3 56.9691 12.2898
      vertex 3 81 4
      vertex 3 57.4895 12.7584
    endloop
  endfacet
  facet normal 1 -0 0
    outer loop
      vertex 3 56.3626 11.9396
      vertex 3 81 4
      vertex 3 56.9691 12.2898
    endloop
  endfacet
  facet normal 1 -0 0
    outer loop
      vertex 3 55.6965 11.7232
      vertex 3 81 4
      vertex 3 56.3626 11.9396
    endloop
  endfacet
  facet normal 1 -0 0
    outer loop
      vertex 3 55 11.65
      vertex 3 81 4
      vertex 3 55.6965 11.7232
    endloop
  endfacet
  facet normal 1 0 0
    outer loop
      vertex 3 45.5 11.2
      vertex 3 55 11.65
      vertex 3 54.3035 11.7232
    endloop
  endfacet
  facet normal 1 0 0
    outer loop
      vertex 3 45.5 11.2
      vertex 3 51.6684 14.6498
      vertex 3 45.5 16.25
    endloop
  endfacet
  facet normal 1 0 0
    outer loop
      vertex 3 51.6684 14.6498
      vertex 3 45.5 11.2
      vertex 3 51.814 13.9648
    endloop
  endfacet
  facet normal 1 0 0
    outer loop
      vertex 3 51.814 13.9648
      vertex 3 45.5 11.2
      vertex 3 52.0988 13.325
    endloop
  endfacet
  facet normal 1 0 0
    outer loop
      vertex 3 52.0988 13.325
      vertex 3 45.5 11.2
      vertex 3 52.5105 12.7584
    endloop
  endfacet
  facet normal 1 0 0
    outer loop
      vertex 3 52.5105 12.7584
      vertex 3 45.5 11.2
      vertex 3 53.0309 12.2898
    endloop
  endfacet
  facet normal 1 0 0
    outer loop
      vertex 3 53.0309 12.2898
      vertex 3 45.5 11.2
      vertex 3 53.6374 11.9396
    endloop
  endfacet
  facet normal 1 0 0
    outer loop
      vertex 3 45.5 11.2
      vertex 3 54.3035 11.7232
      vertex 3 53.6374 11.9396
    endloop
  endfacet
  facet normal 1 0 0
    outer loop
      vertex 3 55 11.65
      vertex 3 45.5 11.2
      vertex 3 81 4
    endloop
  endfacet
  facet normal 1 -0 0
    outer loop
      vertex 3 37.5 11.2
      vertex 3 81 4
      vertex 3 45.5 11.2
    endloop
  endfacet
  facet normal 1 0 0
    outer loop
      vertex 3 35.5 11.2
      vertex 3 37.5 11.2
      vertex 3 35.5 16.25
    endloop
  endfacet
  facet normal 1 0 0
    outer loop
      vertex 3 3 4
      vertex 3 37.5 11.2
      vertex 3 35.5 11.2
    endloop
  endfacet
  facet normal 1 0 0
    outer loop
      vertex 3 3 4
      vertex 3 35.5 11.2
      vertex 3 27.5 11.2
    endloop
  endfacet
  facet normal 1 0 0
    outer loop
      vertex 3 25.7 11.2
      vertex 3 27.5 11.2
      vertex 3 25.7 15.3
    endloop
  endfacet
  facet normal 1 0 0
    outer loop
      vertex 3 3 4
      vertex 3 27.5 11.2
      vertex 3 25.7 11.2
    endloop
  endfacet
  facet normal 1 0 0
    outer loop
      vertex 3 3 4
      vertex 3 25.7 11.2
      vertex 3 16.2 11.2
    endloop
  endfacet
  facet normal 1 0 0
    outer loop
      vertex 3 37.5 11.2
      vertex 3 3 4
      vertex 3 81 4
    endloop
  endfacet
  facet normal 1 0 0
    outer loop
      vertex 3 16.2 15.3
      vertex 3 3 4
      vertex 3 16.2 11.2
    endloop
  endfacet
  facet normal 0 -1 0
    outer loop
      vertex 71.2725 81 56.3776
      vertex 79.5 81 56.5
      vertex 70.5 81 56.5
    endloop
  endfacet
  facet normal 0 -1 0
    outer loop
      vertex 71.2725 81 56.3776
      vertex 78.7275 81 56.3776
      vertex 79.5 81 56.5
    endloop
  endfacet
  facet normal 0 -1 0
    outer loop
      vertex 71.9695 81 56.0225
      vertex 78.7275 81 56.3776
      vertex 71.2725 81 56.3776
    endloop
  endfacet
  facet normal 0 -1 0
    outer loop
      vertex 71.9695 81 56.0225
      vertex 78.0305 81 56.0225
      vertex 78.7275 81 56.3776
    endloop
  endfacet
  facet normal 0 -1 0
    outer loop
      vertex 72.5225 81 55.4695
      vertex 78.0305 81 56.0225
      vertex 71.9695 81 56.0225
    endloop
  endfacet
  facet normal 0 -1 0
    outer loop
      vertex 72.5225 81 55.4695
      vertex 77.4775 81 55.4695
      vertex 78.0305 81 56.0225
    endloop
  endfacet
  facet normal 0 -1 0
    outer loop
      vertex 72.8776 81 54.7725
      vertex 77.4775 81 55.4695
      vertex 72.5225 81 55.4695
    endloop
  endfacet
  facet normal 0 -1 0
    outer loop
      vertex 72.8776 81 54.7725
      vertex 77.1224 81 54.7725
      vertex 77.4775 81 55.4695
    endloop
  endfacet
  facet normal 0 -1 0
    outer loop
      vertex 73 81 54
      vertex 77.1224 81 54.7725
      vertex 72.8776 81 54.7725
    endloop
  endfacet
  facet normal 0 -1 0
    outer loop
      vertex 73 81 54
      vertex 77 81 54
      vertex 77.1224 81 54.7725
    endloop
  endfacet
  facet normal 0 -1 0
    outer loop
      vertex 72.8776 81 53.2275
      vertex 77 81 54
      vertex 73 81 54
    endloop
  endfacet
  facet normal 0 -1 0
    outer loop
      vertex 72.8776 81 53.2275
      vertex 77.1224 81 53.2275
      vertex 77 81 54
    endloop
  endfacet
  facet normal 0 -1 0
    outer loop
      vertex 72.5225 81 52.5305
      vertex 77.1224 81 53.2275
      vertex 72.8776 81 53.2275
    endloop
  endfacet
  facet normal 0 -1 0
    outer loop
      vertex 72.5225 81 52.5305
      vertex 77.4775 81 52.5305
      vertex 77.1224 81 53.2275
    endloop
  endfacet
  facet normal 0 -1 0
    outer loop
      vertex 71.9695 81 51.9775
      vertex 77.4775 81 52.5305
      vertex 72.5225 81 52.5305
    endloop
  endfacet
  facet normal 0 -1 0
    outer loop
      vertex 71.9695 81 51.9775
      vertex 78.0305 81 51.9775
      vertex 77.4775 81 52.5305
    endloop
  endfacet
  facet normal 0 -1 0
    outer loop
      vertex 71.2725 81 51.6224
      vertex 78.0305 81 51.9775
      vertex 71.9695 81 51.9775
    endloop
  endfacet
  facet normal 0 -1 0
    outer loop
      vertex 71.2725 81 51.6224
      vertex 78.7275 81 51.6224
      vertex 78.0305 81 51.9775
    endloop
  endfacet
  facet normal 0 -1 0
    outer loop
      vertex 70.5 81 51.5
      vertex 78.7275 81 51.6224
      vertex 71.2725 81 51.6224
    endloop
  endfacet
  facet normal 0 -1 -0
    outer loop
      vertex 78.7275 81 51.6224
      vertex 70.5 81 51.5
      vertex 79.5 81 51.5
    endloop
  endfacet
  facet normal 0 -1 0
    outer loop
      vertex 62.2725 81 56.3776
      vertex 70.5 81 56.5
      vertex 61.5 81 56.5
    endloop
  endfacet
  facet normal 0 -1 0
    outer loop
      vertex 62.2725 81 56.3776
      vertex 69.7275 81 56.3776
      vertex 70.5 81 56.5
    endloop
  endfacet
  facet normal 0 -1 0
    outer loop
      vertex 62.9695 81 56.0225
      vertex 69.7275 81 56.3776
      vertex 62.2725 81 56.3776
    endloop
  endfacet
  facet normal 0 -1 0
    outer loop
      vertex 62.9695 81 56.0225
      vertex 69.0305 81 56.0225
      vertex 69.7275 81 56.3776
    endloop
  endfacet
  facet normal 0 -1 0
    outer loop
      vertex 63.5225 81 55.4695
      vertex 69.0305 81 56.0225
      vertex 62.9695 81 56.0225
    endloop
  endfacet
  facet normal 0 -1 0
    outer loop
      vertex 63.5225 81 55.4695
      vertex 68.4775 81 55.4695
      vertex 69.0305 81 56.0225
    endloop
  endfacet
  facet normal 0 -1 0
    outer loop
      vertex 63.8776 81 54.7725
      vertex 68.4775 81 55.4695
      vertex 63.5225 81 55.4695
    endloop
  endfacet
  facet normal 0 -1 0
    outer loop
      vertex 63.8776 81 54.7725
      vertex 68.1224 81 54.7725
      vertex 68.4775 81 55.4695
    endloop
  endfacet
  facet normal 0 -1 0
    outer loop
      vertex 64 81 54
      vertex 68.1224 81 54.7725
      vertex 63.8776 81 54.7725
    endloop
  endfacet
  facet normal 0 -1 0
    outer loop
      vertex 64 81 54
      vertex 68 81 54
      vertex 68.1224 81 54.7725
    endloop
  endfacet
  facet normal 0 -1 0
    outer loop
      vertex 63.8776 81 53.2275
      vertex 68 81 54
      vertex 64 81 54
    endloop
  endfacet
  facet normal 0 -1 0
    outer loop
      vertex 63.8776 81 53.2275
      vertex 68.1224 81 53.2275
      vertex 68 81 54
    endloop
  endfacet
  facet normal 0 -1 0
    outer loop
      vertex 63.5225 81 52.5305
      vertex 68.1224 81 53.2275
      vertex 63.8776 81 53.2275
    endloop
  endfacet
  facet normal 0 -1 0
    outer loop
      vertex 63.5225 81 52.5305
      vertex 68.4775 81 52.5305
      vertex 68.1224 81 53.2275
    endloop
  endfacet
  facet normal 0 -1 0
    outer loop
      vertex 62.9695 81 51.9775
      vertex 68.4775 81 52.5305
      vertex 63.5225 81 52.5305
    endloop
  endfacet
  facet normal 0 -1 0
    outer loop
      vertex 62.9695 81 51.9775
      vertex 69.0305 81 51.9775
      vertex 68.4775 81 52.5305
    endloop
  endfacet
  facet normal 0 -1 0
    outer loop
      vertex 62.2725 81 51.6224
      vertex 69.0305 81 51.9775
      vertex 62.9695 81 51.9775
    endloop
  endfacet
  facet normal 0 -1 0
    outer loop
      vertex 62.2725 81 51.6224
      vertex 69.7275 81 51.6224
      vertex 69.0305 81 51.9775
    endloop
  endfacet
  facet normal 0 -1 0
    outer loop
      vertex 61.5 81 51.5
      vertex 69.7275 81 51.6224
      vertex 62.2725 81 51.6224
    endloop
  endfacet
  facet normal 0 -1 -0
    outer loop
      vertex 69.7275 81 51.6224
      vertex 61.5 81 51.5
      vertex 70.5 81 51.5
    endloop
  endfacet
  facet normal 0 -1 0
    outer loop
      vertex 53.2725 81 56.3776
      vertex 61.5 81 56.5
      vertex 52.5 81 56.5
    endloop
  endfacet
  facet normal 0 -1 0
    outer loop
      vertex 53.2725 81 56.3776
      vertex 60.7275 81 56.3776
      vertex 61.5 81 56.5
    endloop
  endfacet
  facet normal 0 -1 0
    outer loop
      vertex 53.9695 81 56.0225
      vertex 60.7275 81 56.3776
      vertex 53.2725 81 56.3776
    endloop
  endfacet
  facet normal 0 -1 0
    outer loop
      vertex 53.9695 81 56.0225
      vertex 60.0305 81 56.0225
      vertex 60.7275 81 56.3776
    endloop
  endfacet
  facet normal 0 -1 0
    outer loop
      vertex 54.5225 81 55.4695
      vertex 60.0305 81 56.0225
      vertex 53.9695 81 56.0225
    endloop
  endfacet
  facet normal 0 -1 0
    outer loop
      vertex 54.5225 81 55.4695
      vertex 59.4775 81 55.4695
      vertex 60.0305 81 56.0225
    endloop
  endfacet
  facet normal 0 -1 0
    outer loop
      vertex 54.8776 81 54.7725
      vertex 59.4775 81 55.4695
      vertex 54.5225 81 55.4695
    endloop
  endfacet
  facet normal 0 -1 0
    outer loop
      vertex 54.8776 81 54.7725
      vertex 59.1224 81 54.7725
      vertex 59.4775 81 55.4695
    endloop
  endfacet
  facet normal 0 -1 0
    outer loop
      vertex 55 81 54
      vertex 59.1224 81 54.7725
      vertex 54.8776 81 54.7725
    endloop
  endfacet
  facet normal 0 -1 0
    outer loop
      vertex 55 81 54
      vertex 59 81 54
      vertex 59.1224 81 54.7725
    endloop
  endfacet
  facet normal 0 -1 0
    outer loop
      vertex 54.8776 81 53.2275
      vertex 59 81 54
      vertex 55 81 54
    endloop
  endfacet
  facet normal 0 -1 0
    outer loop
      vertex 54.8776 81 53.2275
      vertex 59.1224 81 53.2275
      vertex 59 81 54
    endloop
  endfacet
  facet normal 0 -1 0
    outer loop
      vertex 54.5225 81 52.5305
      vertex 59.1224 81 53.2275
      vertex 54.8776 81 53.2275
    endloop
  endfacet
  facet normal 0 -1 0
    outer loop
      vertex 54.5225 81 52.5305
      vertex 59.4775 81 52.5305
      vertex 59.1224 81 53.2275
    endloop
  endfacet
  facet normal 0 -1 0
    outer loop
      vertex 53.9695 81 51.9775
      vertex 59.4775 81 52.5305
      vertex 54.5225 81 52.5305
    endloop
  endfacet
  facet normal 0 -1 0
    outer loop
      vertex 53.9695 81 51.9775
      vertex 60.0305 81 51.9775
      vertex 59.4775 81 52.5305
    endloop
  endfacet
  facet normal 0 -1 0
    outer loop
      vertex 53.2725 81 51.6224
      vertex 60.0305 81 51.9775
      vertex 53.9695 81 51.9775
    endloop
  endfacet
  facet normal 0 -1 0
    outer loop
      vertex 53.2725 81 51.6224
      vertex 60.7275 81 51.6224
      vertex 60.0305 81 51.9775
    endloop
  endfacet
  facet normal 0 -1 0
    outer loop
      vertex 52.5 81 51.5
      vertex 60.7275 81 51.6224
      vertex 53.2725 81 51.6224
    endloop
  endfacet
  facet normal 0 -1 -0
    outer loop
      vertex 60.7275 81 51.6224
      vertex 52.5 81 51.5
      vertex 61.5 81 51.5
    endloop
  endfacet
  facet normal 0 -1 0
    outer loop
      vertex 44.2725 81 56.3776
      vertex 52.5 81 56.5
      vertex 43.5 81 56.5
    endloop
  endfacet
  facet normal 0 -1 0
    outer loop
      vertex 44.2725 81 56.3776
      vertex 51.7275 81 56.3776
      vertex 52.5 81 56.5
    endloop
  endfacet
  facet normal 0 -1 0
    outer loop
      vertex 44.9695 81 56.0225
      vertex 51.7275 81 56.3776
      vertex 44.2725 81 56.3776
    endloop
  endfacet
  facet normal 0 -1 0
    outer loop
      vertex 44.9695 81 56.0225
      vertex 51.0305 81 56.0225
      vertex 51.7275 81 56.3776
    endloop
  endfacet
  facet normal 0 -1 0
    outer loop
      vertex 45.5225 81 55.4695
      vertex 51.0305 81 56.0225
      vertex 44.9695 81 56.0225
    endloop
  endfacet
  facet normal 0 -1 0
    outer loop
      vertex 45.5225 81 55.4695
      vertex 50.4775 81 55.4695
      vertex 51.0305 81 56.0225
    endloop
  endfacet
  facet normal 0 -1 0
    outer loop
      vertex 45.8776 81 54.7725
      vertex 50.4775 81 55.4695
      vertex 45.5225 81 55.4695
    endloop
  endfacet
  facet normal 0 -1 0
    outer loop
      vertex 45.8776 81 54.7725
      vertex 50.1224 81 54.7725
      vertex 50.4775 81 55.4695
    endloop
  endfacet
  facet normal 0 -1 0
    outer loop
      vertex 46 81 54
      vertex 50.1224 81 54.7725
      vertex 45.8776 81 54.7725
    endloop
  endfacet
  facet normal 0 -1 0
    outer loop
      vertex 46 81 54
      vertex 50 81 54
      vertex 50.1224 81 54.7725
    endloop
  endfacet
  facet normal 0 -1 0
    outer loop
      vertex 45.8776 81 53.2275
      vertex 50 81 54
      vertex 46 81 54
    endloop
  endfacet
  facet normal 0 -1 0
    outer loop
      vertex 45.8776 81 53.2275
      vertex 50.1224 81 53.2275
      vertex 50 81 54
    endloop
  endfacet
  facet normal 0 -1 0
    outer loop
      vertex 45.5225 81 52.5305
      vertex 50.1224 81 53.2275
      vertex 45.8776 81 53.2275
    endloop
  endfacet
  facet normal 0 -1 0
    outer loop
      vertex 45.5225 81 52.5305
      vertex 50.4775 81 52.5305
      vertex 50.1224 81 53.2275
    endloop
  endfacet
  facet normal 0 -1 0
    outer loop
      vertex 44.9695 81 51.9775
      vertex 50.4775 81 52.5305
      vertex 45.5225 81 52.5305
    endloop
  endfacet
  facet normal 0 -1 0
    outer loop
      vertex 44.9695 81 51.9775
      vertex 51.0305 81 51.9775
      vertex 50.4775 81 52.5305
    endloop
  endfacet
  facet normal 0 -1 0
    outer loop
      vertex 44.2725 81 51.6224
      vertex 51.0305 81 51.9775
      vertex 44.9695 81 51.9775
    endloop
  endfacet
  facet normal 0 -1 0
    outer loop
      vertex 44.2725 81 51.6224
      vertex 51.7275 81 51.6224
      vertex 51.0305 81 51.9775
    endloop
  endfacet
  facet normal 0 -1 0
    outer loop
      vertex 43.5 81 51.5
      vertex 51.7275 81 51.6224
      vertex 44.2725 81 51.6224
    endloop
  endfacet
  facet normal 0 -1 -0
    outer loop
      vertex 51.7275 81 51.6224
      vertex 43.5 81 51.5
      vertex 52.5 81 51.5
    endloop
  endfacet
  facet normal 0 -1 0
    outer loop
      vertex 35.2725 81 56.3776
      vertex 43.5 81 56.5
      vertex 34.5 81 56.5
    endloop
  endfacet
  facet normal 0 -1 0
    outer loop
      vertex 35.2725 81 56.3776
      vertex 42.7275 81 56.3776
      vertex 43.5 81 56.5
    endloop
  endfacet
  facet normal 0 -1 0
    outer loop
      vertex 35.9695 81 56.0225
      vertex 42.7275 81 56.3776
      vertex 35.2725 81 56.3776
    endloop
  endfacet
  facet normal 0 -1 0
    outer loop
      vertex 35.9695 81 56.0225
      vertex 42.0305 81 56.0225
      vertex 42.7275 81 56.3776
    endloop
  endfacet
  facet normal 0 -1 0
    outer loop
      vertex 36.5225 81 55.4695
      vertex 42.0305 81 56.0225
      vertex 35.9695 81 56.0225
    endloop
  endfacet
  facet normal 0 -1 0
    outer loop
      vertex 36.5225 81 55.4695
      vertex 41.4775 81 55.4695
      vertex 42.0305 81 56.0225
    endloop
  endfacet
  facet normal 0 -1 0
    outer loop
      vertex 36.8776 81 54.7725
      vertex 41.4775 81 55.4695
      vertex 36.5225 81 55.4695
    endloop
  endfacet
  facet normal 0 -1 0
    outer loop
      vertex 36.8776 81 54.7725
      vertex 41.1224 81 54.7725
      vertex 41.4775 81 55.4695
    endloop
  endfacet
  facet normal 0 -1 0
    outer loop
      vertex 37 81 54
      vertex 41.1224 81 54.7725
      vertex 36.8776 81 54.7725
    endloop
  endfacet
  facet normal 0 -1 0
    outer loop
      vertex 37 81 54
      vertex 41 81 54
      vertex 41.1224 81 54.7725
    endloop
  endfacet
  facet normal 0 -1 0
    outer loop
      vertex 36.8776 81 53.2275
      vertex 41 81 54
      vertex 37 81 54
    endloop
  endfacet
  facet normal 0 -1 0
    outer loop
      vertex 36.8776 81 53.2275
      vertex 41.1224 81 53.2275
      vertex 41 81 54
    endloop
  endfacet
  facet normal 0 -1 0
    outer loop
      vertex 36.5225 81 52.5305
      vertex 41.1224 81 53.2275
      vertex 36.8776 81 53.2275
    endloop
  endfacet
  facet normal 0 -1 0
    outer loop
      vertex 36.5225 81 52.5305
      vertex 41.4775 81 52.5305
      vertex 41.1224 81 53.2275
    endloop
  endfacet
  facet normal 0 -1 0
    outer loop
      vertex 35.9695 81 51.9775
      vertex 41.4775 81 52.5305
      vertex 36.5225 81 52.5305
    endloop
  endfacet
  facet normal 0 -1 0
    outer loop
      vertex 35.9695 81 51.9775
      vertex 42.0305 81 51.9775
      vertex 41.4775 81 52.5305
    endloop
  endfacet
  facet normal 0 -1 0
    outer loop
      vertex 35.2725 81 51.6224
      vertex 42.0305 81 51.9775
      vertex 35.9695 81 51.9775
    endloop
  endfacet
  facet normal 0 -1 0
    outer loop
      vertex 35.2725 81 51.6224
      vertex 42.7275 81 51.6224
      vertex 42.0305 81 51.9775
    endloop
  endfacet
  facet normal 0 -1 0
    outer loop
      vertex 34.5 81 51.5
      vertex 42.7275 81 51.6224
      vertex 35.2725 81 51.6224
    endloop
  endfacet
  facet normal 0 -1 -0
    outer loop
      vertex 42.7275 81 51.6224
      vertex 34.5 81 51.5
      vertex 43.5 81 51.5
    endloop
  endfacet
  facet normal 0 -1 0
    outer loop
      vertex 26.2725 81 56.3776
      vertex 34.5 81 56.5
      vertex 25.5 81 56.5
    endloop
  endfacet
  facet normal 0 -1 0
    outer loop
      vertex 26.2725 81 56.3776
      vertex 33.7275 81 56.3776
      vertex 34.5 81 56.5
    endloop
  endfacet
  facet normal 0 -1 0
    outer loop
      vertex 26.9695 81 56.0225
      vertex 33.7275 81 56.3776
      vertex 26.2725 81 56.3776
    endloop
  endfacet
  facet normal 0 -1 0
    outer loop
      vertex 26.9695 81 56.0225
      vertex 33.0305 81 56.0225
      vertex 33.7275 81 56.3776
    endloop
  endfacet
  facet normal 0 -1 0
    outer loop
      vertex 27.5225 81 55.4695
      vertex 33.0305 81 56.0225
      vertex 26.9695 81 56.0225
    endloop
  endfacet
  facet normal 0 -1 0
    outer loop
      vertex 27.5225 81 55.4695
      vertex 32.4775 81 55.4695
      vertex 33.0305 81 56.0225
    endloop
  endfacet
  facet normal 0 -1 0
    outer loop
      vertex 27.8776 81 54.7725
      vertex 32.4775 81 55.4695
      vertex 27.5225 81 55.4695
    endloop
  endfacet
  facet normal 0 -1 0
    outer loop
      vertex 27.8776 81 54.7725
      vertex 32.1224 81 54.7725
      vertex 32.4775 81 55.4695
    endloop
  endfacet
  facet normal 0 -1 0
    outer loop
      vertex 28 81 54
      vertex 32.1224 81 54.7725
      vertex 27.8776 81 54.7725
    endloop
  endfacet
  facet normal 0 -1 0
    outer loop
      vertex 28 81 54
      vertex 32 81 54
      vertex 32.1224 81 54.7725
    endloop
  endfacet
  facet normal 0 -1 0
    outer loop
      vertex 27.8776 81 53.2275
      vertex 32 81 54
      vertex 28 81 54
    endloop
  endfacet
  facet normal 0 -1 0
    outer loop
      vertex 27.8776 81 53.2275
      vertex 32.1224 81 53.2275
      vertex 32 81 54
    endloop
  endfacet
  facet normal 0 -1 0
    outer loop
      vertex 27.5225 81 52.5305
      vertex 32.1224 81 53.2275
      vertex 27.8776 81 53.2275
    endloop
  endfacet
  facet normal 0 -1 0
    outer loop
      vertex 27.5225 81 52.5305
      vertex 32.4775 81 52.5305
      vertex 32.1224 81 53.2275
    endloop
  endfacet
  facet normal 0 -1 0
    outer loop
      vertex 26.9695 81 51.9775
      vertex 32.4775 81 52.5305
      vertex 27.5225 81 52.5305
    endloop
  endfacet
  facet normal 0 -1 0
    outer loop
      vertex 26.9695 81 51.9775
      vertex 33.0305 81 51.9775
      vertex 32.4775 81 52.5305
    endloop
  endfacet
  facet normal 0 -1 0
    outer loop
      vertex 26.2725 81 51.6224
      vertex 33.0305 81 51.9775
      vertex 26.9695 81 51.9775
    endloop
  endfacet
  facet normal 0 -1 0
    outer loop
      vertex 26.2725 81 51.6224
      vertex 33.7275 81 51.6224
      vertex 33.0305 81 51.9775
    endloop
  endfacet
  facet normal 0 -1 0
    outer loop
      vertex 25.5 81 51.5
      vertex 33.7275 81 51.6224
      vertex 26.2725 81 51.6224
    endloop
  endfacet
  facet normal 0 -1 -0
    outer loop
      vertex 33.7275 81 51.6224
      vertex 25.5 81 51.5
      vertex 34.5 81 51.5
    endloop
  endfacet
  facet normal 0 -1 0
    outer loop
      vertex 34.5 81 56.5
      vertex 3 81 120
      vertex 25.5 81 56.5
    endloop
  endfacet
  facet normal 0 -1 0
    outer loop
      vertex 3 81 120
      vertex 24.7275 81 56.3776
      vertex 25.5 81 56.5
    endloop
  endfacet
  facet normal 0 -1 0
    outer loop
      vertex 3 81 120
      vertex 24.0305 81 56.0225
      vertex 24.7275 81 56.3776
    endloop
  endfacet
  facet normal 0 -1 0
    outer loop
      vertex 3 81 120
      vertex 23.4775 81 55.4695
      vertex 24.0305 81 56.0225
    endloop
  endfacet
  facet normal 0 -1 0
    outer loop
      vertex 3 81 120
      vertex 23.1224 81 54.7725
      vertex 23.4775 81 55.4695
    endloop
  endfacet
  facet normal 0 -1 0
    outer loop
      vertex 3 81 120
      vertex 23 81 54
      vertex 23.1224 81 54.7725
    endloop
  endfacet
  facet normal 0 -1 0
    outer loop
      vertex 3 81 4
      vertex 23 81 54
      vertex 3 81 120
    endloop
  endfacet
  facet normal 0 -1 0
    outer loop
      vertex 3 81 4
      vertex 34.5 81 51.5
      vertex 25.5 81 51.5
    endloop
  endfacet
  facet normal 0 -1 -0
    outer loop
      vertex 34.5 81 51.5
      vertex 3 81 4
      vertex 43.5 81 51.5
    endloop
  endfacet
  facet normal 0 -1 -0
    outer loop
      vertex 43.5 81 51.5
      vertex 3 81 4
      vertex 52.5 81 51.5
    endloop
  endfacet
  facet normal 0 -1 0
    outer loop
      vertex 102 81 4
      vertex 52.5 81 51.5
      vertex 3 81 4
    endloop
  endfacet
  facet normal 0 -1 0
    outer loop
      vertex 52.5 81 51.5
      vertex 102 81 4
      vertex 61.5 81 51.5
    endloop
  endfacet
  facet normal 0 -1 0
    outer loop
      vertex 61.5 81 51.5
      vertex 102 81 4
      vertex 70.5 81 51.5
    endloop
  endfacet
  facet normal 0 -1 -0
    outer loop
      vertex 24.7275 81 51.6224
      vertex 3 81 4
      vertex 25.5 81 51.5
    endloop
  endfacet
  facet normal 0 -1 -0
    outer loop
      vertex 24.0305 81 51.9775
      vertex 3 81 4
      vertex 24.7275 81 51.6224
    endloop
  endfacet
  facet normal 0 -1 -0
    outer loop
      vertex 23.4775 81 52.5305
      vertex 3 81 4
      vertex 24.0305 81 51.9775
    endloop
  endfacet
  facet normal 0 -1 -0
    outer loop
      vertex 23.1224 81 53.2275
      vertex 3 81 4
      vertex 23.4775 81 52.5305
    endloop
  endfacet
  facet normal 0 -1 -0
    outer loop
      vertex 23 81 54
      vertex 3 81 4
      vertex 23.1224 81 53.2275
    endloop
  endfacet
  facet normal 0 -1 0
    outer loop
      vertex 43.5 81 56.5
      vertex 3 81 120
      vertex 34.5 81 56.5
    endloop
  endfacet
  facet normal 0 -1 0
    outer loop
      vertex 52.5 81 56.5
      vertex 3 81 120
      vertex 43.5 81 56.5
    endloop
  endfacet
  facet normal 0 -1 0
    outer loop
      vertex 3 81 120
      vertex 52.5 81 56.5
      vertex 102 81 120
    endloop
  endfacet
  facet normal 0 -1 0
    outer loop
      vertex 61.5 81 56.5
      vertex 102 81 120
      vertex 52.5 81 56.5
    endloop
  endfacet
  facet normal 0 -1 0
    outer loop
      vertex 70.5 81 56.5
      vertex 102 81 120
      vertex 61.5 81 56.5
    endloop
  endfacet
  facet normal 0 -1 0
    outer loop
      vertex 79.5 81 56.5
      vertex 102 81 120
      vertex 70.5 81 56.5
    endloop
  endfacet
  facet normal 0 -1 0
    outer loop
      vertex 80.2725 81 56.3776
      vertex 102 81 120
      vertex 79.5 81 56.5
    endloop
  endfacet
  facet normal 0 -1 0
    outer loop
      vertex 80.9695 81 56.0225
      vertex 102 81 120
      vertex 80.2725 81 56.3776
    endloop
  endfacet
  facet normal 0 -1 0
    outer loop
      vertex 81.5225 81 55.4695
      vertex 102 81 120
      vertex 80.9695 81 56.0225
    endloop
  endfacet
  facet normal 0 -1 0
    outer loop
      vertex 81.8776 81 54.7725
      vertex 102 81 120
      vertex 81.5225 81 55.4695
    endloop
  endfacet
  facet normal 0 -1 0
    outer loop
      vertex 82 81 54
      vertex 102 81 120
      vertex 81.8776 81 54.7725
    endloop
  endfacet
  facet normal 0 -1 0
    outer loop
      vertex 102 81 4
      vertex 82 81 54
      vertex 81.8776 81 53.2275
    endloop
  endfacet
  facet normal 0 -1 0
    outer loop
      vertex 70.5 81 51.5
      vertex 102 81 4
      vertex 79.5 81 51.5
    endloop
  endfacet
  facet normal 0 -1 0
    outer loop
      vertex 79.5 81 51.5
      vertex 102 81 4
      vertex 80.2725 81 51.6224
    endloop
  endfacet
  facet normal 0 -1 0
    outer loop
      vertex 82 81 54
      vertex 102 81 4
      vertex 102 81 120
    endloop
  endfacet
  facet normal 0 -1 0
    outer loop
      vertex 81.5225 81 52.5305
      vertex 102 81 4
      vertex 81.8776 81 53.2275
    endloop
  endfacet
  facet normal 0 -1 0
    outer loop
      vertex 80.9695 81 51.9775
      vertex 102 81 4
      vertex 81.5225 81 52.5305
    endloop
  endfacet
  facet normal 0 -1 0
    outer loop
      vertex 80.2725 81 51.6224
      vertex 102 81 4
      vertex 80.9695 81 51.9775
    endloop
  endfacet
  facet normal 0 1 -0
    outer loop
      vertex 15.5 3 14
      vertex 13.5 3 34
      vertex 15.5 3 34
    endloop
  endfacet
  facet normal 0 1 0
    outer loop
      vertex 13.5 3 34
      vertex 15.5 3 14
      vertex 13.5 3 14
    endloop
  endfacet
  facet normal 0 1 -0
    outer loop
      vertex 21 3 14
      vertex 19 3 34
      vertex 21 3 34
    endloop
  endfacet
  facet normal 0 1 0
    outer loop
      vertex 19 3 34
      vertex 21 3 14
      vertex 19 3 14
    endloop
  endfacet
  facet normal 0 1 -0
    outer loop
      vertex 26.5 3 14
      vertex 24.5 3 34
      vertex 26.5 3 34
    endloop
  endfacet
  facet normal 0 1 0
    outer loop
      vertex 24.5 3 34
      vertex 26.5 3 14
      vertex 24.5 3 14
    endloop
  endfacet
  facet normal 0 1 -0
    outer loop
      vertex 32 3 14
      vertex 30 3 34
      vertex 32 3 34
    endloop
  endfacet
  facet normal 0 1 0
    outer loop
      vertex 30 3 34
      vertex 32 3 14
      vertex 30 3 14
    endloop
  endfacet
  facet normal 0 1 -0
    outer loop
      vertex 37.5 3 14
      vertex 35.5 3 34
      vertex 37.5 3 34
    endloop
  endfacet
  facet normal 0 1 0
    outer loop
      vertex 35.5 3 34
      vertex 37.5 3 14
      vertex 35.5 3 14
    endloop
  endfacet
  facet normal 0 1 0
    outer loop
      vertex 74.4295 3 99.4847
      vertex 102 3 120
      vertex 75.6 3 99.6
    endloop
  endfacet
  facet normal 0 1 0
    outer loop
      vertex 102 3 120
      vertex 76.7705 3 99.4847
      vertex 75.6 3 99.6
    endloop
  endfacet
  facet normal 0 1 0
    outer loop
      vertex 102 3 120
      vertex 77.8961 3 99.1433
      vertex 76.7705 3 99.4847
    endloop
  endfacet
  facet normal 0 1 0
    outer loop
      vertex 102 3 120
      vertex 78.9334 3 98.5888
      vertex 77.8961 3 99.1433
    endloop
  endfacet
  facet normal 0 1 -0
    outer loop
      vertex 91.9303 3 95.2168
      vertex 78.9334 3 98.5888
      vertex 102 3 120
    endloop
  endfacet
  facet normal 0 1 0
    outer loop
      vertex 78.9334 3 98.5888
      vertex 91.9303 3 95.2168
      vertex 79.8426 3 97.8426
    endloop
  endfacet
  facet normal 0 1 0
    outer loop
      vertex 79.8426 3 97.8426
      vertex 91.9303 3 95.2168
      vertex 80.5888 3 96.9334
    endloop
  endfacet
  facet normal 0 1 0
    outer loop
      vertex 91.9303 3 95.2168
      vertex 102 3 120
      vertex 92.6 3 95.35
    endloop
  endfacet
  facet normal 0 1 0
    outer loop
      vertex 102 3 120
      vertex 93.2697 3 95.2168
      vertex 92.6 3 95.35
    endloop
  endfacet
  facet normal 0 1 0
    outer loop
      vertex 102 3 120
      vertex 93.8374 3 94.8374
      vertex 93.2697 3 95.2168
    endloop
  endfacet
  facet normal 0 1 0
    outer loop
      vertex 102 3 120
      vertex 94.2168 3 94.2697
      vertex 93.8374 3 94.8374
    endloop
  endfacet
  facet normal 0 1 0
    outer loop
      vertex 102 3 120
      vertex 94.35 3 93.6
      vertex 94.2168 3 94.2697
    endloop
  endfacet
  facet normal 0 1 0
    outer loop
      vertex 102 3 120
      vertex 94.2168 3 92.9303
      vertex 94.35 3 93.6
    endloop
  endfacet
  facet normal 0 1 0
    outer loop
      vertex 91.3626 3 92.3626
      vertex 80.5888 3 90.2666
      vertex 81.1433 3 91.3039
    endloop
  endfacet
  facet normal 0 1 0
    outer loop
      vertex 91.9303 3 91.9832
      vertex 79.8426 3 89.3574
      vertex 80.5888 3 90.2666
    endloop
  endfacet
  facet normal 0 1 0
    outer loop
      vertex 91.9303 3 91.9832
      vertex 78.9334 3 88.6112
      vertex 79.8426 3 89.3574
    endloop
  endfacet
  facet normal 0 1 0
    outer loop
      vertex 102 3 4
      vertex 92.6 3 91.85
      vertex 93.2697 3 91.9832
    endloop
  endfacet
  facet normal 0 1 0
    outer loop
      vertex 92.6 3 91.85
      vertex 77.8961 3 88.0567
      vertex 78.9334 3 88.6112
    endloop
  endfacet
  facet normal 0 1 0
    outer loop
      vertex 92.6 3 91.85
      vertex 102 3 4
      vertex 77.8961 3 88.0567
    endloop
  endfacet
  facet normal 0 1 0
    outer loop
      vertex 76.7705 3 87.7153
      vertex 41 3 34
      vertex 75.6 3 87.6
    endloop
  endfacet
  facet normal 0 1 0
    outer loop
      vertex 77.8961 3 88.0567
      vertex 102 3 4
      vertex 76.7705 3 87.7153
    endloop
  endfacet
  facet normal 0 1 0
    outer loop
      vertex 102 3 4
      vertex 93.2697 3 91.9832
      vertex 93.8374 3 92.3626
    endloop
  endfacet
  facet normal 0 1 0
    outer loop
      vertex 76.7705 3 87.7153
      vertex 102 3 4
      vertex 41 3 34
    endloop
  endfacet
  facet normal 0 1 -0
    outer loop
      vertex 39 3 11.8
      vertex 37.5 3 14
      vertex 41 3 14
    endloop
  endfacet
  facet normal 0 1 0
    outer loop
      vertex 37.5 3 14
      vertex 39 3 11.8
      vertex 35.5 3 14
    endloop
  endfacet
  facet normal 0 1 0
    outer loop
      vertex 35.5 3 14
      vertex 39 3 11.8
      vertex 32 3 14
    endloop
  endfacet
  facet normal 0 1 0
    outer loop
      vertex 27 3 11.8
      vertex 32 3 14
      vertex 39 3 11.8
    endloop
  endfacet
  facet normal 0 1 0
    outer loop
      vertex 32 3 14
      vertex 27 3 11.8
      vertex 30 3 14
    endloop
  endfacet
  facet normal 0 1 0
    outer loop
      vertex 26.5 3 14
      vertex 27 3 11.8
      vertex 24.5 3 14
    endloop
  endfacet
  facet normal 0 1 -0
    outer loop
      vertex 27 3 8.2
      vertex 24.5 3 14
      vertex 27 3 11.8
    endloop
  endfacet
  facet normal 0 1 0
    outer loop
      vertex 24.5 3 14
      vertex 27 3 8.2
      vertex 21 3 14
    endloop
  endfacet
  facet normal 0 1 0
    outer loop
      vertex 21 3 14
      vertex 27 3 8.2
      vertex 19 3 14
    endloop
  endfacet
  facet normal 0 1 0
    outer loop
      vertex 19 3 14
      vertex 27 3 8.2
      vertex 15.5 3 14
    endloop
  endfacet
  facet normal 0 1 0
    outer loop
      vertex 30 3 14
      vertex 27 3 11.8
      vertex 26.5 3 14
    endloop
  endfacet
  facet normal 0 1 0
    outer loop
      vertex 41 3 14
      vertex 39 3 8.2
      vertex 39 3 11.8
    endloop
  endfacet
  facet normal 0 1 0
    outer loop
      vertex 41 3 34
      vertex 102 3 4
      vertex 41 3 14
    endloop
  endfacet
  facet normal 0 1 0
    outer loop
      vertex 102 3 4
      vertex 93.8374 3 92.3626
      vertex 94.2168 3 92.9303
    endloop
  endfacet
  facet normal 0 1 0
    outer loop
      vertex 3 3 4
      vertex 39 3 8.2
      vertex 102 3 4
    endloop
  endfacet
  facet normal 0 1 0
    outer loop
      vertex 41 3 14
      vertex 102 3 4
      vertex 39 3 8.2
    endloop
  endfacet
  facet normal 0 1 -0
    outer loop
      vertex 102 3 4
      vertex 94.2168 3 92.9303
      vertex 102 3 120
    endloop
  endfacet
  facet normal 0 1 0
    outer loop
      vertex 73.3039 3 99.1433
      vertex 102 3 120
      vertex 74.4295 3 99.4847
    endloop
  endfacet
  facet normal 0 1 0
    outer loop
      vertex 102 3 120
      vertex 73.3039 3 99.1433
      vertex 3 3 120
    endloop
  endfacet
  facet normal 0 1 -0
    outer loop
      vertex 72.2666 3 98.5888
      vertex 3 3 120
      vertex 73.3039 3 99.1433
    endloop
  endfacet
  facet normal 0 1 -0
    outer loop
      vertex 71.3574 3 97.8426
      vertex 3 3 120
      vertex 72.2666 3 98.5888
    endloop
  endfacet
  facet normal 0 1 -0
    outer loop
      vertex 70.6112 3 96.9334
      vertex 3 3 120
      vertex 71.3574 3 97.8426
    endloop
  endfacet
  facet normal 0 1 -0
    outer loop
      vertex 70.0567 3 95.8961
      vertex 3 3 120
      vertex 70.6112 3 96.9334
    endloop
  endfacet
  facet normal 0 1 -0
    outer loop
      vertex 69.7153 3 94.7705
      vertex 3 3 120
      vertex 70.0567 3 95.8961
    endloop
  endfacet
  facet normal 0 1 -0
    outer loop
      vertex 69.6 3 93.6
      vertex 3 3 120
      vertex 69.7153 3 94.7705
    endloop
  endfacet
  facet normal 0 1 0
    outer loop
      vertex 69.7153 3 92.4295
      vertex 3 3 120
      vertex 69.6 3 93.6
    endloop
  endfacet
  facet normal 0 1 0
    outer loop
      vertex 26.5 3 34
      vertex 69.7153 3 92.4295
      vertex 70.0567 3 91.3039
    endloop
  endfacet
  facet normal 0 1 0
    outer loop
      vertex 35.5 3 34
      vertex 70.0567 3 91.3039
      vertex 70.6112 3 90.2666
    endloop
  endfacet
  facet normal 0 1 0
    outer loop
      vertex 41 3 34
      vertex 70.6112 3 90.2666
      vertex 71.3574 3 89.3574
    endloop
  endfacet
  facet normal 0 1 0
    outer loop
      vertex 41 3 34
      vertex 71.3574 3 89.3574
      vertex 72.2666 3 88.6112
    endloop
  endfacet
  facet normal 0 1 0
    outer loop
      vertex 41 3 34
      vertex 72.2666 3 88.6112
      vertex 73.3039 3 88.0567
    endloop
  endfacet
  facet normal 0 1 0
    outer loop
      vertex 41 3 34
      vertex 74.4295 3 87.7153
      vertex 75.6 3 87.6
    endloop
  endfacet
  facet normal 0 1 0
    outer loop
      vertex 41 3 34
      vertex 73.3039 3 88.0567
      vertex 74.4295 3 87.7153
    endloop
  endfacet
  facet normal 0 1 0
    outer loop
      vertex 70.6112 3 90.2666
      vertex 41 3 34
      vertex 37.5 3 34
    endloop
  endfacet
  facet normal 0 1 0
    outer loop
      vertex 70.6112 3 90.2666
      vertex 37.5 3 34
      vertex 35.5 3 34
    endloop
  endfacet
  facet normal 0 1 0
    outer loop
      vertex 70.0567 3 91.3039
      vertex 35.5 3 34
      vertex 32 3 34
    endloop
  endfacet
  facet normal 0 1 0
    outer loop
      vertex 70.0567 3 91.3039
      vertex 32 3 34
      vertex 30 3 34
    endloop
  endfacet
  facet normal 0 1 0
    outer loop
      vertex 70.0567 3 91.3039
      vertex 30 3 34
      vertex 26.5 3 34
    endloop
  endfacet
  facet normal 0 1 0
    outer loop
      vertex 69.7153 3 92.4295
      vertex 26.5 3 34
      vertex 3 3 120
    endloop
  endfacet
  facet normal 0 1 -0
    outer loop
      vertex 24.5 3 34
      vertex 3 3 120
      vertex 26.5 3 34
    endloop
  endfacet
  facet normal 0 1 -0
    outer loop
      vertex 21 3 34
      vertex 3 3 120
      vertex 24.5 3 34
    endloop
  endfacet
  facet normal 0 1 -0
    outer loop
      vertex 19 3 34
      vertex 3 3 120
      vertex 21 3 34
    endloop
  endfacet
  facet normal 0 1 -0
    outer loop
      vertex 15.5 3 34
      vertex 3 3 120
      vertex 19 3 34
    endloop
  endfacet
  facet normal 0 1 -0
    outer loop
      vertex 13.5 3 34
      vertex 3 3 120
      vertex 15.5 3 34
    endloop
  endfacet
  facet normal 0 1 -0
    outer loop
      vertex 10 3 34
      vertex 3 3 120
      vertex 13.5 3 34
    endloop
  endfacet
  facet normal 0 1 0
    outer loop
      vertex 3 3 4
      vertex 10 3 34
      vertex 10 3 14
    endloop
  endfacet
  facet normal 0 1 0
    outer loop
      vertex 3 3 4
      vertex 15.5 3 14
      vertex 27 3 8.2
    endloop
  endfacet
  facet normal 0 1 0
    outer loop
      vertex 15.5 3 14
      vertex 3 3 4
      vertex 13.5 3 14
    endloop
  endfacet
  facet normal 0 1 0
    outer loop
      vertex 10 3 34
      vertex 3 3 4
      vertex 3 3 120
    endloop
  endfacet
  facet normal 0 1 0
    outer loop
      vertex 13.5 3 14
      vertex 3 3 4
      vertex 10 3 14
    endloop
  endfacet
  facet normal 0 1 0
    outer loop
      vertex 39 3 8.2
      vertex 3 3 4
      vertex 27 3 8.2
    endloop
  endfacet
  facet normal 0 1 -0
    outer loop
      vertex 91.3626 3 94.8374
      vertex 80.5888 3 96.9334
      vertex 91.9303 3 95.2168
    endloop
  endfacet
  facet normal 0 1 0
    outer loop
      vertex 80.5888 3 96.9334
      vertex 91.3626 3 94.8374
      vertex 81.1433 3 95.8961
    endloop
  endfacet
  facet normal 0 1 -0
    outer loop
      vertex 90.9832 3 94.2697
      vertex 81.1433 3 95.8961
      vertex 91.3626 3 94.8374
    endloop
  endfacet
  facet normal 0 1 0
    outer loop
      vertex 81.1433 3 95.8961
      vertex 90.9832 3 94.2697
      vertex 81.4847 3 94.7705
    endloop
  endfacet
  facet normal 0 1 -0
    outer loop
      vertex 90.85 3 93.6
      vertex 81.4847 3 94.7705
      vertex 90.9832 3 94.2697
    endloop
  endfacet
  facet normal 0 1 0
    outer loop
      vertex 90.85 3 93.6
      vertex 81.6 3 93.6
      vertex 81.4847 3 94.7705
    endloop
  endfacet
  facet normal 0 1 0
    outer loop
      vertex 81.4847 3 92.4295
      vertex 90.85 3 93.6
      vertex 90.9832 3 92.9303
    endloop
  endfacet
  facet normal 0 1 0
    outer loop
      vertex 90.85 3 93.6
      vertex 81.4847 3 92.4295
      vertex 81.6 3 93.6
    endloop
  endfacet
  facet normal 0 1 0
    outer loop
      vertex 81.1433 3 91.3039
      vertex 90.9832 3 92.9303
      vertex 91.3626 3 92.3626
    endloop
  endfacet
  facet normal 0 1 0
    outer loop
      vertex 80.5888 3 90.2666
      vertex 91.3626 3 92.3626
      vertex 91.9303 3 91.9832
    endloop
  endfacet
  facet normal 0 1 0
    outer loop
      vertex 78.9334 3 88.6112
      vertex 91.9303 3 91.9832
      vertex 92.6 3 91.85
    endloop
  endfacet
  facet normal 0 1 0
    outer loop
      vertex 90.9832 3 92.9303
      vertex 81.1433 3 91.3039
      vertex 81.4847 3 92.4295
    endloop
  endfacet
  facet normal 0 0 -1
    outer loop
      vertex 0 16.2 15.3
      vertex 3 25.7 15.3
      vertex 3 16.2 15.3
    endloop
  endfacet
  facet normal -0 0 -1
    outer loop
      vertex 3 25.7 15.3
      vertex 0 16.2 15.3
      vertex 0 25.7 15.3
    endloop
  endfacet
  facet normal -0 0 1
    outer loop
      vertex 0 25.7 11.2
      vertex 3 16.2 11.2
      vertex 3 25.7 11.2
    endloop
  endfacet
  facet normal 0 0 1
    outer loop
      vertex 3 16.2 11.2
      vertex 0 25.7 11.2
      vertex 0 16.2 11.2
    endloop
  endfacet
  facet normal 0 -1 0
    outer loop
      vertex 0 25.7 11.2
      vertex 3 25.7 15.3
      vertex 0 25.7 15.3
    endloop
  endfacet
  facet normal 0 -1 -0
    outer loop
      vertex 3 25.7 15.3
      vertex 0 25.7 11.2
      vertex 3 25.7 11.2
    endloop
  endfacet
  facet normal 0 1 -0
    outer loop
      vertex 3 16.2 11.2
      vertex 0 16.2 15.3
      vertex 3 16.2 15.3
    endloop
  endfacet
  facet normal 0 1 0
    outer loop
      vertex 0 16.2 15.3
      vertex 3 16.2 11.2
      vertex 0 16.2 11.2
    endloop
  endfacet
  facet normal 0 0 -1
    outer loop
      vertex 0 27.5 16.25
      vertex 3 35.5 16.25
      vertex 3 27.5 16.25
    endloop
  endfacet
  facet normal -0 0 -1
    outer loop
      vertex 3 35.5 16.25
      vertex 0 27.5 16.25
      vertex 0 35.5 16.25
    endloop
  endfacet
  facet normal -0 0 1
    outer loop
      vertex 0 35.5 11.2
      vertex 3 27.5 11.2
      vertex 3 35.5 11.2
    endloop
  endfacet
  facet normal 0 0 1
    outer loop
      vertex 3 27.5 11.2
      vertex 0 35.5 11.2
      vertex 0 27.5 11.2
    endloop
  endfacet
  facet normal 0 -1 0
    outer loop
      vertex 0 35.5 11.2
      vertex 3 35.5 16.25
      vertex 0 35.5 16.25
    endloop
  endfacet
  facet normal 0 -1 -0
    outer loop
      vertex 3 35.5 16.25
      vertex 0 35.5 11.2
      vertex 3 35.5 11.2
    endloop
  endfacet
  facet normal 0 1 -0
    outer loop
      vertex 3 27.5 11.2
      vertex 0 27.5 16.25
      vertex 3 27.5 16.25
    endloop
  endfacet
  facet normal 0 1 0
    outer loop
      vertex 0 27.5 16.25
      vertex 3 27.5 11.2
      vertex 0 27.5 11.2
    endloop
  endfacet
  facet normal 0 0 -1
    outer loop
      vertex 0 37.5 16.25
      vertex 3 45.5 16.25
      vertex 3 37.5 16.25
    endloop
  endfacet
  facet normal -0 0 -1
    outer loop
      vertex 3 45.5 16.25
      vertex 0 37.5 16.25
      vertex 0 45.5 16.25
    endloop
  endfacet
  facet normal -0 0 1
    outer loop
      vertex 0 45.5 11.2
      vertex 3 37.5 11.2
      vertex 3 45.5 11.2
    endloop
  endfacet
  facet normal 0 0 1
    outer loop
      vertex 3 37.5 11.2
      vertex 0 45.5 11.2
      vertex 0 37.5 11.2
    endloop
  endfacet
  facet normal 0 -1 0
    outer loop
      vertex 0 45.5 11.2
      vertex 3 45.5 16.25
      vertex 0 45.5 16.25
    endloop
  endfacet
  facet normal 0 -1 -0
    outer loop
      vertex 3 45.5 16.25
      vertex 0 45.5 11.2
      vertex 3 45.5 11.2
    endloop
  endfacet
  facet normal 0 1 -0
    outer loop
      vertex 3 37.5 11.2
      vertex 0 37.5 16.25
      vertex 3 37.5 16.25
    endloop
  endfacet
  facet normal 0 1 0
    outer loop
      vertex 0 37.5 16.25
      vertex 3 37.5 11.2
      vertex 0 37.5 11.2
    endloop
  endfacet
  facet normal 0 -0.50004 0.866002
    outer loop
      vertex 0 56.9691 12.2898
      vertex 3 56.3626 11.9396
      vertex 3 56.9691 12.2898
    endloop
  endfacet
  facet normal 0 -0.50004 0.866002
    outer loop
      vertex 3 56.3626 11.9396
      vertex 0 56.9691 12.2898
      vertex 0 56.3626 11.9396
    endloop
  endfacet
  facet normal 0 -0.978148 0.20791
    outer loop
      vertex 0 58.186 13.9648
      vertex 3 58.3316 14.6498
      vertex 0 58.3316 14.6498
    endloop
  endfacet
  facet normal 0 -0.978148 0.20791
    outer loop
      vertex 3 58.3316 14.6498
      vertex 0 58.186 13.9648
      vertex 3 58.186 13.9648
    endloop
  endfacet
  facet normal 0 0.808989 -0.587824
    outer loop
      vertex 3 52.0988 16.675
      vertex 0 52.5105 17.2416
      vertex 3 52.5105 17.2416
    endloop
  endfacet
  facet normal 0 0.808989 -0.587824
    outer loop
      vertex 0 52.5105 17.2416
      vertex 3 52.0988 16.675
      vertex 0 52.0988 16.675
    endloop
  endfacet
  facet normal 0 -0.913576 -0.406668
    outer loop
      vertex 0 58.186 16.0352
      vertex 3 57.9012 16.675
      vertex 0 57.9012 16.675
    endloop
  endfacet
  facet normal 0 -0.913576 -0.406668
    outer loop
      vertex 3 57.9012 16.675
      vertex 0 58.186 16.0352
      vertex 3 58.186 16.0352
    endloop
  endfacet
  facet normal -0 0.104521 0.994523
    outer loop
      vertex 0 55 11.65
      vertex 3 54.3035 11.7232
      vertex 3 55 11.65
    endloop
  endfacet
  facet normal 0 0.104521 0.994523
    outer loop
      vertex 3 54.3035 11.7232
      vertex 0 55 11.65
      vertex 0 54.3035 11.7232
    endloop
  endfacet
  facet normal 0 0.913576 0.406668
    outer loop
      vertex 3 52.0988 13.325
      vertex 0 51.814 13.9648
      vertex 3 51.814 13.9648
    endloop
  endfacet
  facet normal 0 0.913576 0.406668
    outer loop
      vertex 0 51.814 13.9648
      vertex 3 52.0988 13.325
      vertex 0 52.0988 13.325
    endloop
  endfacet
  facet normal 0 -0.978148 -0.20791
    outer loop
      vertex 0 58.3316 15.3502
      vertex 3 58.186 16.0352
      vertex 0 58.186 16.0352
    endloop
  endfacet
  facet normal 0 -0.978148 -0.20791
    outer loop
      vertex 3 58.186 16.0352
      vertex 0 58.3316 15.3502
      vertex 3 58.3316 15.3502
    endloop
  endfacet
  facet normal 0 -0.104521 0.994523
    outer loop
      vertex 0 55.6965 11.7232
      vertex 3 55 11.65
      vertex 3 55.6965 11.7232
    endloop
  endfacet
  facet normal 0 -0.104521 0.994523
    outer loop
      vertex 3 55 11.65
      vertex 0 55.6965 11.7232
      vertex 0 55 11.65
    endloop
  endfacet
  facet normal 0 -1 0
    outer loop
      vertex 0 58.3316 14.6498
      vertex 3 58.3316 15.3502
      vertex 0 58.3316 15.3502
    endloop
  endfacet
  facet normal 0 -1 -0
    outer loop
      vertex 3 58.3316 15.3502
      vertex 0 58.3316 14.6498
      vertex 3 58.3316 14.6498
    endloop
  endfacet
  facet normal 0 0.978148 0.20791
    outer loop
      vertex 3 51.814 13.9648
      vertex 0 51.6684 14.6498
      vertex 3 51.6684 14.6498
    endloop
  endfacet
  facet normal 0 0.978148 0.20791
    outer loop
      vertex 0 51.6684 14.6498
      vertex 3 51.814 13.9648
      vertex 0 51.814 13.9648
    endloop
  endfacet
  facet normal 0 0.669154 -0.743124
    outer loop
      vertex 0 52.5105 17.2416
      vertex 3 53.0309 17.7102
      vertex 3 52.5105 17.2416
    endloop
  endfacet
  facet normal 0 0.669154 -0.743124
    outer loop
      vertex 3 53.0309 17.7102
      vertex 0 52.5105 17.2416
      vertex 0 53.0309 17.7102
    endloop
  endfacet
  facet normal -0 0.30898 0.951069
    outer loop
      vertex 0 54.3035 11.7232
      vertex 3 53.6374 11.9396
      vertex 3 54.3035 11.7232
    endloop
  endfacet
  facet normal 0 0.30898 0.951069
    outer loop
      vertex 3 53.6374 11.9396
      vertex 0 54.3035 11.7232
      vertex 0 53.6374 11.9396
    endloop
  endfacet
  facet normal 0 -0.30898 0.951069
    outer loop
      vertex 0 56.3626 11.9396
      vertex 3 55.6965 11.7232
      vertex 3 56.3626 11.9396
    endloop
  endfacet
  facet normal 0 -0.30898 0.951069
    outer loop
      vertex 3 55.6965 11.7232
      vertex 0 56.3626 11.9396
      vertex 0 55.6965 11.7232
    endloop
  endfacet
  facet normal 0 1 -0
    outer loop
      vertex 3 51.6684 14.6498
      vertex 0 51.6684 15.3502
      vertex 3 51.6684 15.3502
    endloop
  endfacet
  facet normal 0 1 0
    outer loop
      vertex 0 51.6684 15.3502
      vertex 3 51.6684 14.6498
      vertex 0 51.6684 14.6498
    endloop
  endfacet
  facet normal 0 -0.669154 -0.743124
    outer loop
      vertex 0 56.9691 17.7102
      vertex 3 57.4895 17.2416
      vertex 3 56.9691 17.7102
    endloop
  endfacet
  facet normal -0 -0.669154 -0.743124
    outer loop
      vertex 3 57.4895 17.2416
      vertex 0 56.9691 17.7102
      vertex 0 57.4895 17.2416
    endloop
  endfacet
  facet normal 0 -0.669154 0.743124
    outer loop
      vertex 0 57.4895 12.7584
      vertex 3 56.9691 12.2898
      vertex 3 57.4895 12.7584
    endloop
  endfacet
  facet normal 0 -0.669154 0.743124
    outer loop
      vertex 3 56.9691 12.2898
      vertex 0 57.4895 12.7584
      vertex 0 56.9691 12.2898
    endloop
  endfacet
  facet normal 0 -0.808989 -0.587824
    outer loop
      vertex 0 57.9012 16.675
      vertex 3 57.4895 17.2416
      vertex 0 57.4895 17.2416
    endloop
  endfacet
  facet normal 0 -0.808989 -0.587824
    outer loop
      vertex 3 57.4895 17.2416
      vertex 0 57.9012 16.675
      vertex 3 57.9012 16.675
    endloop
  endfacet
  facet normal 0 0.50004 -0.866002
    outer loop
      vertex 0 53.0309 17.7102
      vertex 3 53.6374 18.0604
      vertex 3 53.0309 17.7102
    endloop
  endfacet
  facet normal 0 0.50004 -0.866002
    outer loop
      vertex 3 53.6374 18.0604
      vertex 0 53.0309 17.7102
      vertex 0 53.6374 18.0604
    endloop
  endfacet
  facet normal 0 0.808989 0.587824
    outer loop
      vertex 3 52.5105 12.7584
      vertex 0 52.0988 13.325
      vertex 3 52.0988 13.325
    endloop
  endfacet
  facet normal 0 0.808989 0.587824
    outer loop
      vertex 0 52.0988 13.325
      vertex 3 52.5105 12.7584
      vertex 0 52.5105 12.7584
    endloop
  endfacet
  facet normal 0 -0.104521 -0.994523
    outer loop
      vertex 0 55 18.35
      vertex 3 55.6965 18.2768
      vertex 3 55 18.35
    endloop
  endfacet
  facet normal -0 -0.104521 -0.994523
    outer loop
      vertex 3 55.6965 18.2768
      vertex 0 55 18.35
      vertex 0 55.6965 18.2768
    endloop
  endfacet
  facet normal 0 -0.30898 -0.951069
    outer loop
      vertex 0 55.6965 18.2768
      vertex 3 56.3626 18.0604
      vertex 3 55.6965 18.2768
    endloop
  endfacet
  facet normal -0 -0.30898 -0.951069
    outer loop
      vertex 3 56.3626 18.0604
      vertex 0 55.6965 18.2768
      vertex 0 56.3626 18.0604
    endloop
  endfacet
  facet normal -0 0.50004 0.866002
    outer loop
      vertex 0 53.6374 11.9396
      vertex 3 53.0309 12.2898
      vertex 3 53.6374 11.9396
    endloop
  endfacet
  facet normal 0 0.50004 0.866002
    outer loop
      vertex 3 53.0309 12.2898
      vertex 0 53.6374 11.9396
      vertex 0 53.0309 12.2898
    endloop
  endfacet
  facet normal 0 -0.808989 0.587824
    outer loop
      vertex 0 57.4895 12.7584
      vertex 3 57.9012 13.325
      vertex 0 57.9012 13.325
    endloop
  endfacet
  facet normal 0 -0.808989 0.587824
    outer loop
      vertex 3 57.9012 13.325
      vertex 0 57.4895 12.7584
      vertex 3 57.4895 12.7584
    endloop
  endfacet
  facet normal -0 0.669154 0.743124
    outer loop
      vertex 0 53.0309 12.2898
      vertex 3 52.5105 12.7584
      vertex 3 53.0309 12.2898
    endloop
  endfacet
  facet normal 0 0.669154 0.743124
    outer loop
      vertex 3 52.5105 12.7584
      vertex 0 53.0309 12.2898
      vertex 0 52.5105 12.7584
    endloop
  endfacet
  facet normal 0 -0.913576 0.406668
    outer loop
      vertex 0 57.9012 13.325
      vertex 3 58.186 13.9648
      vertex 0 58.186 13.9648
    endloop
  endfacet
  facet normal 0 -0.913576 0.406668
    outer loop
      vertex 3 58.186 13.9648
      vertex 0 57.9012 13.325
      vertex 3 57.9012 13.325
    endloop
  endfacet
  facet normal 0 0.30898 -0.951069
    outer loop
      vertex 0 53.6374 18.0604
      vertex 3 54.3035 18.2768
      vertex 3 53.6374 18.0604
    endloop
  endfacet
  facet normal 0 0.30898 -0.951069
    outer loop
      vertex 3 54.3035 18.2768
      vertex 0 53.6374 18.0604
      vertex 0 54.3035 18.2768
    endloop
  endfacet
  facet normal 0 0.978148 -0.20791
    outer loop
      vertex 3 51.6684 15.3502
      vertex 0 51.814 16.0352
      vertex 3 51.814 16.0352
    endloop
  endfacet
  facet normal 0 0.978148 -0.20791
    outer loop
      vertex 0 51.814 16.0352
      vertex 3 51.6684 15.3502
      vertex 0 51.6684 15.3502
    endloop
  endfacet
  facet normal 0 -0.50004 -0.866002
    outer loop
      vertex 0 56.3626 18.0604
      vertex 3 56.9691 17.7102
      vertex 3 56.3626 18.0604
    endloop
  endfacet
  facet normal -0 -0.50004 -0.866002
    outer loop
      vertex 3 56.9691 17.7102
      vertex 0 56.3626 18.0604
      vertex 0 56.9691 17.7102
    endloop
  endfacet
  facet normal 0 0.104521 -0.994523
    outer loop
      vertex 0 54.3035 18.2768
      vertex 3 55 18.35
      vertex 3 54.3035 18.2768
    endloop
  endfacet
  facet normal 0 0.104521 -0.994523
    outer loop
      vertex 3 55 18.35
      vertex 0 54.3035 18.2768
      vertex 0 55 18.35
    endloop
  endfacet
  facet normal 0 0.913576 -0.406668
    outer loop
      vertex 3 51.814 16.0352
      vertex 0 52.0988 16.675
      vertex 3 52.0988 16.675
    endloop
  endfacet
  facet normal 0 0.913576 -0.406668
    outer loop
      vertex 0 52.0988 16.675
      vertex 3 51.814 16.0352
      vertex 0 51.814 16.0352
    endloop
  endfacet
  facet normal 0 0 -1
    outer loop
      vertex 102 15.2 27.3
      vertex 105 29.8 27.3
      vertex 105 15.2 27.3
    endloop
  endfacet
  facet normal -0 0 -1
    outer loop
      vertex 105 29.8 27.3
      vertex 102 15.2 27.3
      vertex 102 29.8 27.3
    endloop
  endfacet
  facet normal -0 0 1
    outer loop
      vertex 102 29.8 11.2
      vertex 105 15.2 11.2
      vertex 105 29.8 11.2
    endloop
  endfacet
  facet normal 0 0 1
    outer loop
      vertex 105 15.2 11.2
      vertex 102 29.8 11.2
      vertex 102 15.2 11.2
    endloop
  endfacet
  facet normal 0 -1 0
    outer loop
      vertex 102 29.8 11.2
      vertex 105 29.8 27.3
      vertex 102 29.8 27.3
    endloop
  endfacet
  facet normal 0 -1 -0
    outer loop
      vertex 105 29.8 27.3
      vertex 102 29.8 11.2
      vertex 105 29.8 11.2
    endloop
  endfacet
  facet normal 0 1 -0
    outer loop
      vertex 105 15.2 11.2
      vertex 102 15.2 27.3
      vertex 105 15.2 27.3
    endloop
  endfacet
  facet normal 0 1 0
    outer loop
      vertex 102 15.2 27.3
      vertex 105 15.2 11.2
      vertex 102 15.2 11.2
    endloop
  endfacet
  facet normal 0 0 -1
    outer loop
      vertex 102 32.2 27.3
      vertex 105 46.8 27.3
      vertex 105 32.2 27.3
    endloop
  endfacet
  facet normal -0 0 -1
    outer loop
      vertex 105 46.8 27.3
      vertex 102 32.2 27.3
      vertex 102 46.8 27.3
    endloop
  endfacet
  facet normal -0 0 1
    outer loop
      vertex 102 46.8 11.2
      vertex 105 32.2 11.2
      vertex 105 46.8 11.2
    endloop
  endfacet
  facet normal 0 0 1
    outer loop
      vertex 105 32.2 11.2
      vertex 102 46.8 11.2
      vertex 102 32.2 11.2
    endloop
  endfacet
  facet normal 0 -1 0
    outer loop
      vertex 102 46.8 11.2
      vertex 105 46.8 27.3
      vertex 102 46.8 27.3
    endloop
  endfacet
  facet normal 0 -1 -0
    outer loop
      vertex 105 46.8 27.3
      vertex 102 46.8 11.2
      vertex 105 46.8 11.2
    endloop
  endfacet
  facet normal 0 1 -0
    outer loop
      vertex 105 32.2 11.2
      vertex 102 32.2 27.3
      vertex 105 32.2 27.3
    endloop
  endfacet
  facet normal 0 1 0
    outer loop
      vertex 102 32.2 27.3
      vertex 105 32.2 11.2
      vertex 102 32.2 11.2
    endloop
  endfacet
  facet normal 0 0 -1
    outer loop
      vertex 102 50.2 25.3
      vertex 105 66.8 25.3
      vertex 105 50.2 25.3
    endloop
  endfacet
  facet normal -0 0 -1
    outer loop
      vertex 105 66.8 25.3
      vertex 102 50.2 25.3
      vertex 102 66.8 25.3
    endloop
  endfacet
  facet normal -0 0 1
    outer loop
      vertex 102 66.8 11.2
      vertex 105 50.2 11.2
      vertex 105 66.8 11.2
    endloop
  endfacet
  facet normal 0 0 1
    outer loop
      vertex 105 50.2 11.2
      vertex 102 66.8 11.2
      vertex 102 50.2 11.2
    endloop
  endfacet
  facet normal 0 -1 0
    outer loop
      vertex 102 66.8 11.2
      vertex 105 66.8 25.3
      vertex 102 66.8 25.3
    endloop
  endfacet
  facet normal 0 -1 -0
    outer loop
      vertex 105 66.8 25.3
      vertex 102 66.8 11.2
      vertex 105 66.8 11.2
    endloop
  endfacet
  facet normal 0 1 -0
    outer loop
      vertex 105 50.2 11.2
      vertex 102 50.2 25.3
      vertex 105 50.2 25.3
    endloop
  endfacet
  facet normal 0 1 0
    outer loop
      vertex 102 50.2 25.3
      vertex 105 50.2 11.2
      vertex 102 50.2 11.2
    endloop
  endfacet
  facet normal -1 0 0
    outer loop
      vertex 39 0 8.2
      vertex 39 3 11.8
      vertex 39 3 8.2
    endloop
  endfacet
  facet normal -1 -0 0
    outer loop
      vertex 39 3 11.8
      vertex 39 0 8.2
      vertex 39 0 11.8
    endloop
  endfacet
  facet normal 0 0 -1
    outer loop
      vertex 27 0 11.8
      vertex 39 3 11.8
      vertex 39 0 11.8
    endloop
  endfacet
  facet normal -0 0 -1
    outer loop
      vertex 39 3 11.8
      vertex 27 0 11.8
      vertex 27 3 11.8
    endloop
  endfacet
  facet normal -0 0 1
    outer loop
      vertex 27 3 8.2
      vertex 39 0 8.2
      vertex 39 3 8.2
    endloop
  endfacet
  facet normal 0 0 1
    outer loop
      vertex 39 0 8.2
      vertex 27 3 8.2
      vertex 27 0 8.2
    endloop
  endfacet
  facet normal 1 -0 0
    outer loop
      vertex 27 0 11.8
      vertex 27 3 8.2
      vertex 27 3 11.8
    endloop
  endfacet
  facet normal 1 0 0
    outer loop
      vertex 27 3 8.2
      vertex 27 0 11.8
      vertex 27 0 8.2
    endloop
  endfacet
  facet normal 0.555646 0 0.831419
    outer loop
      vertex 91.3626 3 92.3626
      vertex 91.9303 0 91.9832
      vertex 91.9303 3 91.9832
    endloop
  endfacet
  facet normal 0.555646 0 0.831419
    outer loop
      vertex 91.9303 0 91.9832
      vertex 91.3626 3 92.3626
      vertex 91.3626 0 92.3626
    endloop
  endfacet
  facet normal -0.831419 0 0.555646
    outer loop
      vertex 93.8374 0 92.3626
      vertex 94.2168 3 92.9303
      vertex 93.8374 3 92.3626
    endloop
  endfacet
  facet normal -0.831419 0 0.555646
    outer loop
      vertex 94.2168 3 92.9303
      vertex 93.8374 0 92.3626
      vertex 94.2168 0 92.9303
    endloop
  endfacet
  facet normal -0.980789 0 0.195074
    outer loop
      vertex 94.2168 0 92.9303
      vertex 94.35 3 93.6
      vertex 94.2168 3 92.9303
    endloop
  endfacet
  facet normal -0.980789 0 0.195074
    outer loop
      vertex 94.35 3 93.6
      vertex 94.2168 0 92.9303
      vertex 94.35 0 93.6
    endloop
  endfacet
  facet normal 0.831419 -0 0.555646
    outer loop
      vertex 90.9832 0 92.9303
      vertex 91.3626 3 92.3626
      vertex 90.9832 3 92.9303
    endloop
  endfacet
  facet normal 0.831419 0 0.555646
    outer loop
      vertex 91.3626 3 92.3626
      vertex 90.9832 0 92.9303
      vertex 91.3626 0 92.3626
    endloop
  endfacet
  facet normal 0.195074 0 -0.980789
    outer loop
      vertex 91.9303 0 95.2168
      vertex 92.6 3 95.35
      vertex 92.6 0 95.35
    endloop
  endfacet
  facet normal 0.195074 0 -0.980789
    outer loop
      vertex 92.6 3 95.35
      vertex 91.9303 0 95.2168
      vertex 91.9303 3 95.2168
    endloop
  endfacet
  facet normal -0.195074 0 -0.980789
    outer loop
      vertex 92.6 0 95.35
      vertex 93.2697 3 95.2168
      vertex 93.2697 0 95.2168
    endloop
  endfacet
  facet normal -0.195074 0 -0.980789
    outer loop
      vertex 93.2697 3 95.2168
      vertex 92.6 0 95.35
      vertex 92.6 3 95.35
    endloop
  endfacet
  facet normal -0.555646 0 -0.831419
    outer loop
      vertex 93.2697 0 95.2168
      vertex 93.8374 3 94.8374
      vertex 93.8374 0 94.8374
    endloop
  endfacet
  facet normal -0.555646 0 -0.831419
    outer loop
      vertex 93.8374 3 94.8374
      vertex 93.2697 0 95.2168
      vertex 93.2697 3 95.2168
    endloop
  endfacet
  facet normal -0.831419 0 -0.555646
    outer loop
      vertex 94.2168 0 94.2697
      vertex 93.8374 3 94.8374
      vertex 94.2168 3 94.2697
    endloop
  endfacet
  facet normal -0.831419 -0 -0.555646
    outer loop
      vertex 93.8374 3 94.8374
      vertex 94.2168 0 94.2697
      vertex 93.8374 0 94.8374
    endloop
  endfacet
  facet normal 0.980789 -0 0.195074
    outer loop
      vertex 90.85 0 93.6
      vertex 90.9832 3 92.9303
      vertex 90.85 3 93.6
    endloop
  endfacet
  facet normal 0.980789 0 0.195074
    outer loop
      vertex 90.9832 3 92.9303
      vertex 90.85 0 93.6
      vertex 90.9832 0 92.9303
    endloop
  endfacet
  facet normal -0.980789 0 -0.195074
    outer loop
      vertex 94.35 0 93.6
      vertex 94.2168 3 94.2697
      vertex 94.35 3 93.6
    endloop
  endfacet
  facet normal -0.980789 -0 -0.195074
    outer loop
      vertex 94.2168 3 94.2697
      vertex 94.35 0 93.6
      vertex 94.2168 0 94.2697
    endloop
  endfacet
  facet normal 0.195074 0 0.980789
    outer loop
      vertex 91.9303 3 91.9832
      vertex 92.6 0 91.85
      vertex 92.6 3 91.85
    endloop
  endfacet
  facet normal 0.195074 0 0.980789
    outer loop
      vertex 92.6 0 91.85
      vertex 91.9303 3 91.9832
      vertex 91.9303 0 91.9832
    endloop
  endfacet
  facet normal -0.195074 0 0.980789
    outer loop
      vertex 92.6 3 91.85
      vertex 93.2697 0 91.9832
      vertex 93.2697 3 91.9832
    endloop
  endfacet
  facet normal -0.195074 0 0.980789
    outer loop
      vertex 93.2697 0 91.9832
      vertex 92.6 3 91.85
      vertex 92.6 0 91.85
    endloop
  endfacet
  facet normal 0.831419 0 -0.555646
    outer loop
      vertex 91.3626 0 94.8374
      vertex 90.9832 3 94.2697
      vertex 91.3626 3 94.8374
    endloop
  endfacet
  facet normal 0.831419 0 -0.555646
    outer loop
      vertex 90.9832 3 94.2697
      vertex 91.3626 0 94.8374
      vertex 90.9832 0 94.2697
    endloop
  endfacet
  facet normal -0.555646 0 0.831419
    outer loop
      vertex 93.2697 3 91.9832
      vertex 93.8374 0 92.3626
      vertex 93.8374 3 92.3626
    endloop
  endfacet
  facet normal -0.555646 0 0.831419
    outer loop
      vertex 93.8374 0 92.3626
      vertex 93.2697 3 91.9832
      vertex 93.2697 0 91.9832
    endloop
  endfacet
  facet normal 0.980789 0 -0.195074
    outer loop
      vertex 90.9832 0 94.2697
      vertex 90.85 3 93.6
      vertex 90.9832 3 94.2697
    endloop
  endfacet
  facet normal 0.980789 0 -0.195074
    outer loop
      vertex 90.85 3 93.6
      vertex 90.9832 0 94.2697
      vertex 90.85 0 93.6
    endloop
  endfacet
  facet normal 0.555646 0 -0.831419
    outer loop
      vertex 91.3626 0 94.8374
      vertex 91.9303 3 95.2168
      vertex 91.9303 0 95.2168
    endloop
  endfacet
  facet normal 0.555646 0 -0.831419
    outer loop
      vertex 91.9303 3 95.2168
      vertex 91.3626 0 94.8374
      vertex 91.3626 3 94.8374
    endloop
  endfacet
  facet normal -1 0 0
    outer loop
      vertex 101 0.10352 52.8
      vertex 101 1.25 54
      vertex 101 1.25 52.8
    endloop
  endfacet
  facet normal -1 -0 0
    outer loop
      vertex 101 1.25 54
      vertex 101 0.10352 52.8
      vertex 101 0.10352 54
    endloop
  endfacet
  facet normal 0 0 -1
    outer loop
      vertex 100.975 0.0960732 54
      vertex 101 1.25 54
      vertex 101 0.10352 54
    endloop
  endfacet
  facet normal 0 0 -1
    outer loop
      vertex 100 0 54
      vertex 101 1.25 54
      vertex 100.975 0.0960732 54
    endloop
  endfacet
  facet normal 0 0 -1
    outer loop
      vertex 5 0 54
      vertex 101 1.25 54
      vertex 100 0 54
    endloop
  endfacet
  facet normal 0 0 -1
    outer loop
      vertex 4 1.25 54
      vertex 5 0 54
      vertex 4.02455 0.0960732 54
    endloop
  endfacet
  facet normal 0 0 -1
    outer loop
      vertex 4 1.25 54
      vertex 4.02455 0.0960732 54
      vertex 4 0.10352 54
    endloop
  endfacet
  facet normal 0 0 -1
    outer loop
      vertex 5 0 54
      vertex 4 1.25 54
      vertex 101 1.25 54
    endloop
  endfacet
  facet normal 0 0 1
    outer loop
      vertex 101 1.25 52.8
      vertex 100.975 0.0960732 52.8
      vertex 101 0.10352 52.8
    endloop
  endfacet
  facet normal 0 0 1
    outer loop
      vertex 101 1.25 52.8
      vertex 100 0 52.8
      vertex 100.975 0.0960732 52.8
    endloop
  endfacet
  facet normal 0 0 1
    outer loop
      vertex 101 1.25 52.8
      vertex 5 0 52.8
      vertex 100 0 52.8
    endloop
  endfacet
  facet normal -0 0 1
    outer loop
      vertex 4 1.25 52.8
      vertex 5 0 52.8
      vertex 101 1.25 52.8
    endloop
  endfacet
  facet normal 0 0 1
    outer loop
      vertex 5 0 52.8
      vertex 4 1.25 52.8
      vertex 4.02455 0.0960732 52.8
    endloop
  endfacet
  facet normal 0 0 1
    outer loop
      vertex 4.02455 0.0960732 52.8
      vertex 4 1.25 52.8
      vertex 4 0.10352 52.8
    endloop
  endfacet
  facet normal 1 -0 0
    outer loop
      vertex 4 0.10352 54
      vertex 4 1.25 52.8
      vertex 4 1.25 54
    endloop
  endfacet
  facet normal 1 0 0
    outer loop
      vertex 4 1.25 52.8
      vertex 4 0.10352 54
      vertex 4 0.10352 52.8
    endloop
  endfacet
  facet normal 0 -1 0
    outer loop
      vertex 4 1.25 52.8
      vertex 101 1.25 54
      vertex 4 1.25 54
    endloop
  endfacet
  facet normal 0 -1 -0
    outer loop
      vertex 101 1.25 54
      vertex 4 1.25 52.8
      vertex 101 1.25 52.8
    endloop
  endfacet
  facet normal 0.330325 0.943867 -0
    outer loop
      vertex 14.845 19.293 4
      vertex 14.1898 19.5223 10
      vertex 14.845 19.293 10
    endloop
  endfacet
  facet normal 0.330325 0.943867 0
    outer loop
      vertex 14.1898 19.5223 10
      vertex 14.845 19.293 4
      vertex 14.1898 19.5223 4
    endloop
  endfacet
  facet normal 0.943867 0.330325 0
    outer loop
      vertex 16.5223 17.1898 10
      vertex 16.293 17.845 4
      vertex 16.293 17.845 10
    endloop
  endfacet
  facet normal 0.943867 0.330325 0
    outer loop
      vertex 16.293 17.845 4
      vertex 16.5223 17.1898 10
      vertex 16.5223 17.1898 4
    endloop
  endfacet
  facet normal 0.993716 0.111933 0
    outer loop
      vertex 16.6 16.5 10
      vertex 16.5223 17.1898 4
      vertex 16.5223 17.1898 10
    endloop
  endfacet
  facet normal 0.993716 0.111933 0
    outer loop
      vertex 16.5223 17.1898 4
      vertex 16.6 16.5 10
      vertex 16.6 16.5 4
    endloop
  endfacet
  facet normal 0.531992 0.84675 -0
    outer loop
      vertex 15.4328 18.9237 4
      vertex 14.845 19.293 10
      vertex 15.4328 18.9237 10
    endloop
  endfacet
  facet normal 0.531992 0.84675 0
    outer loop
      vertex 14.845 19.293 10
      vertex 15.4328 18.9237 4
      vertex 14.845 19.293 4
    endloop
  endfacet
  facet normal -0.993716 -0.111933 0
    outer loop
      vertex 10.4777 15.8102 4
      vertex 10.4 16.5 10
      vertex 10.4 16.5 4
    endloop
  endfacet
  facet normal -0.993716 -0.111933 0
    outer loop
      vertex 10.4 16.5 10
      vertex 10.4777 15.8102 4
      vertex 10.4777 15.8102 10
    endloop
  endfacet
  facet normal -0.707107 0.707107 0
    outer loop
      vertex 11.0763 18.4328 4
      vertex 11.5672 18.9237 10
      vertex 11.5672 18.9237 4
    endloop
  endfacet
  facet normal -0.707107 0.707107 0
    outer loop
      vertex 11.5672 18.9237 10
      vertex 11.0763 18.4328 4
      vertex 11.0763 18.4328 10
    endloop
  endfacet
  facet normal -0.943867 0.330325 0
    outer loop
      vertex 10.4777 17.1898 4
      vertex 10.707 17.845 10
      vertex 10.707 17.845 4
    endloop
  endfacet
  facet normal -0.943867 0.330325 0
    outer loop
      vertex 10.707 17.845 10
      vertex 10.4777 17.1898 4
      vertex 10.4777 17.1898 10
    endloop
  endfacet
  facet normal -0.330325 0.943867 0
    outer loop
      vertex 12.8102 19.5223 4
      vertex 12.155 19.293 10
      vertex 12.8102 19.5223 10
    endloop
  endfacet
  facet normal -0.330325 0.943867 0
    outer loop
      vertex 12.155 19.293 10
      vertex 12.8102 19.5223 4
      vertex 12.155 19.293 4
    endloop
  endfacet
  facet normal -0.531992 0.84675 0
    outer loop
      vertex 12.155 19.293 4
      vertex 11.5672 18.9237 10
      vertex 12.155 19.293 10
    endloop
  endfacet
  facet normal -0.531992 0.84675 0
    outer loop
      vertex 11.5672 18.9237 10
      vertex 12.155 19.293 4
      vertex 11.5672 18.9237 4
    endloop
  endfacet
  facet normal -0.84675 0.531992 0
    outer loop
      vertex 10.707 17.845 4
      vertex 11.0763 18.4328 10
      vertex 11.0763 18.4328 4
    endloop
  endfacet
  facet normal -0.84675 0.531992 0
    outer loop
      vertex 11.0763 18.4328 10
      vertex 10.707 17.845 4
      vertex 10.707 17.845 10
    endloop
  endfacet
  facet normal -0.707107 -0.707107 0
    outer loop
      vertex 11.5672 14.0763 4
      vertex 11.0763 14.5672 10
      vertex 11.0763 14.5672 4
    endloop
  endfacet
  facet normal -0.707107 -0.707107 0
    outer loop
      vertex 11.0763 14.5672 10
      vertex 11.5672 14.0763 4
      vertex 11.5672 14.0763 10
    endloop
  endfacet
  facet normal 0.84675 -0.531992 0
    outer loop
      vertex 15.9237 14.5672 10
      vertex 16.293 15.155 4
      vertex 16.293 15.155 10
    endloop
  endfacet
  facet normal 0.84675 -0.531992 0
    outer loop
      vertex 16.293 15.155 4
      vertex 15.9237 14.5672 10
      vertex 15.9237 14.5672 4
    endloop
  endfacet
  facet normal 0.111933 -0.993716 0
    outer loop
      vertex 13.5 13.4 4
      vertex 14.1898 13.4777 10
      vertex 13.5 13.4 10
    endloop
  endfacet
  facet normal 0.111933 -0.993716 0
    outer loop
      vertex 14.1898 13.4777 10
      vertex 13.5 13.4 4
      vertex 14.1898 13.4777 4
    endloop
  endfacet
  facet normal 0.330325 -0.943867 0
    outer loop
      vertex 14.1898 13.4777 4
      vertex 14.845 13.707 10
      vertex 14.1898 13.4777 10
    endloop
  endfacet
  facet normal 0.330325 -0.943867 0
    outer loop
      vertex 14.845 13.707 10
      vertex 14.1898 13.4777 4
      vertex 14.845 13.707 4
    endloop
  endfacet
  facet normal 0.111933 0.993716 -0
    outer loop
      vertex 14.1898 19.5223 4
      vertex 13.5 19.6 10
      vertex 14.1898 19.5223 10
    endloop
  endfacet
  facet normal 0.111933 0.993716 0
    outer loop
      vertex 13.5 19.6 10
      vertex 14.1898 19.5223 4
      vertex 13.5 19.6 4
    endloop
  endfacet
  facet normal 0.707107 -0.707107 0
    outer loop
      vertex 15.4328 14.0763 10
      vertex 15.9237 14.5672 4
      vertex 15.9237 14.5672 10
    endloop
  endfacet
  facet normal 0.707107 -0.707107 0
    outer loop
      vertex 15.9237 14.5672 4
      vertex 15.4328 14.0763 10
      vertex 15.4328 14.0763 4
    endloop
  endfacet
  facet normal 0.707107 0.707107 0
    outer loop
      vertex 15.9237 18.4328 10
      vertex 15.4328 18.9237 4
      vertex 15.4328 18.9237 10
    endloop
  endfacet
  facet normal 0.707107 0.707107 0
    outer loop
      vertex 15.4328 18.9237 4
      vertex 15.9237 18.4328 10
      vertex 15.9237 18.4328 4
    endloop
  endfacet
  facet normal -0.84675 -0.531992 0
    outer loop
      vertex 11.0763 14.5672 4
      vertex 10.707 15.155 10
      vertex 10.707 15.155 4
    endloop
  endfacet
  facet normal -0.84675 -0.531992 0
    outer loop
      vertex 10.707 15.155 10
      vertex 11.0763 14.5672 4
      vertex 11.0763 14.5672 10
    endloop
  endfacet
  facet normal 0.531992 -0.84675 0
    outer loop
      vertex 14.845 13.707 4
      vertex 15.4328 14.0763 10
      vertex 14.845 13.707 10
    endloop
  endfacet
  facet normal 0.531992 -0.84675 0
    outer loop
      vertex 15.4328 14.0763 10
      vertex 14.845 13.707 4
      vertex 15.4328 14.0763 4
    endloop
  endfacet
  facet normal -0.993716 0.111933 0
    outer loop
      vertex 10.4 16.5 4
      vertex 10.4777 17.1898 10
      vertex 10.4777 17.1898 4
    endloop
  endfacet
  facet normal -0.993716 0.111933 0
    outer loop
      vertex 10.4777 17.1898 10
      vertex 10.4 16.5 4
      vertex 10.4 16.5 10
    endloop
  endfacet
  facet normal -0.111933 0.993716 0
    outer loop
      vertex 13.5 19.6 4
      vertex 12.8102 19.5223 10
      vertex 13.5 19.6 10
    endloop
  endfacet
  facet normal -0.111933 0.993716 0
    outer loop
      vertex 12.8102 19.5223 10
      vertex 13.5 19.6 4
      vertex 12.8102 19.5223 4
    endloop
  endfacet
  facet normal 0.943867 -0.330325 0
    outer loop
      vertex 16.293 15.155 10
      vertex 16.5223 15.8102 4
      vertex 16.5223 15.8102 10
    endloop
  endfacet
  facet normal 0.943867 -0.330325 0
    outer loop
      vertex 16.5223 15.8102 4
      vertex 16.293 15.155 10
      vertex 16.293 15.155 4
    endloop
  endfacet
  facet normal 0.84675 0.531992 0
    outer loop
      vertex 16.293 17.845 10
      vertex 15.9237 18.4328 4
      vertex 15.9237 18.4328 10
    endloop
  endfacet
  facet normal 0.84675 0.531992 0
    outer loop
      vertex 15.9237 18.4328 4
      vertex 16.293 17.845 10
      vertex 16.293 17.845 4
    endloop
  endfacet
  facet normal -0.531992 -0.84675 0
    outer loop
      vertex 11.5672 14.0763 4
      vertex 12.155 13.707 10
      vertex 11.5672 14.0763 10
    endloop
  endfacet
  facet normal -0.531992 -0.84675 -0
    outer loop
      vertex 12.155 13.707 10
      vertex 11.5672 14.0763 4
      vertex 12.155 13.707 4
    endloop
  endfacet
  facet normal 0.993716 -0.111933 0
    outer loop
      vertex 16.5223 15.8102 10
      vertex 16.6 16.5 4
      vertex 16.6 16.5 10
    endloop
  endfacet
  facet normal 0.993716 -0.111933 0
    outer loop
      vertex 16.6 16.5 4
      vertex 16.5223 15.8102 10
      vertex 16.5223 15.8102 4
    endloop
  endfacet
  facet normal 0 0 1
    outer loop
      vertex 14.85 16.5 10
      vertex 16.6 16.5 10
      vertex 16.5223 17.1898 10
    endloop
  endfacet
  facet normal 0 0 1
    outer loop
      vertex 14.7472 17.0166 10
      vertex 16.5223 17.1898 10
      vertex 16.293 17.845 10
    endloop
  endfacet
  facet normal 0 0 1
    outer loop
      vertex 16.6 16.5 10
      vertex 14.85 16.5 10
      vertex 16.5223 15.8102 10
    endloop
  endfacet
  facet normal 0 0 1
    outer loop
      vertex 14.7472 17.0166 10
      vertex 16.293 17.845 10
      vertex 15.9237 18.4328 10
    endloop
  endfacet
  facet normal -0 0 1
    outer loop
      vertex 14.7472 15.9834 10
      vertex 16.5223 15.8102 10
      vertex 14.85 16.5 10
    endloop
  endfacet
  facet normal 0 0 1
    outer loop
      vertex 14.4546 17.4546 10
      vertex 15.9237 18.4328 10
      vertex 15.4328 18.9237 10
    endloop
  endfacet
  facet normal 0 0 1
    outer loop
      vertex 16.5223 15.8102 10
      vertex 14.7472 15.9834 10
      vertex 16.293 15.155 10
    endloop
  endfacet
  facet normal 0 0 1
    outer loop
      vertex 16.293 15.155 10
      vertex 14.7472 15.9834 10
      vertex 15.9237 14.5672 10
    endloop
  endfacet
  facet normal 0 0 1
    outer loop
      vertex 14.0166 17.7472 10
      vertex 15.4328 18.9237 10
      vertex 14.845 19.293 10
    endloop
  endfacet
  facet normal 0 0 1
    outer loop
      vertex 16.5223 17.1898 10
      vertex 14.7472 17.0166 10
      vertex 14.85 16.5 10
    endloop
  endfacet
  facet normal 0 0 1
    outer loop
      vertex 15.9237 18.4328 10
      vertex 14.4546 17.4546 10
      vertex 14.7472 17.0166 10
    endloop
  endfacet
  facet normal 0 0 1
    outer loop
      vertex 14.0166 17.7472 10
      vertex 14.845 19.293 10
      vertex 14.1898 19.5223 10
    endloop
  endfacet
  facet normal 0 0 1
    outer loop
      vertex 15.4328 18.9237 10
      vertex 14.0166 17.7472 10
      vertex 14.4546 17.4546 10
    endloop
  endfacet
  facet normal 0 0 1
    outer loop
      vertex 13.5 17.85 10
      vertex 14.1898 19.5223 10
      vertex 13.5 19.6 10
    endloop
  endfacet
  facet normal 0 0 1
    outer loop
      vertex 14.1898 19.5223 10
      vertex 13.5 17.85 10
      vertex 14.0166 17.7472 10
    endloop
  endfacet
  facet normal -0 0 1
    outer loop
      vertex 12.8102 19.5223 10
      vertex 13.5 17.85 10
      vertex 13.5 19.6 10
    endloop
  endfacet
  facet normal 0 0 1
    outer loop
      vertex 13.5 17.85 10
      vertex 12.8102 19.5223 10
      vertex 12.9834 17.7472 10
    endloop
  endfacet
  facet normal -0 0 1
    outer loop
      vertex 12.155 19.293 10
      vertex 12.9834 17.7472 10
      vertex 12.8102 19.5223 10
    endloop
  endfacet
  facet normal -0 0 1
    outer loop
      vertex 11.5672 18.9237 10
      vertex 12.9834 17.7472 10
      vertex 12.155 19.293 10
    endloop
  endfacet
  facet normal 0 0 1
    outer loop
      vertex 12.9834 17.7472 10
      vertex 11.5672 18.9237 10
      vertex 12.5454 17.4546 10
    endloop
  endfacet
  facet normal -0 0 1
    outer loop
      vertex 11.0763 18.4328 10
      vertex 12.5454 17.4546 10
      vertex 11.5672 18.9237 10
    endloop
  endfacet
  facet normal 0 0 1
    outer loop
      vertex 12.5454 17.4546 10
      vertex 11.0763 18.4328 10
      vertex 12.2528 17.0166 10
    endloop
  endfacet
  facet normal -0 0 1
    outer loop
      vertex 14.4546 15.5454 10
      vertex 15.9237 14.5672 10
      vertex 14.7472 15.9834 10
    endloop
  endfacet
  facet normal 0 0 1
    outer loop
      vertex 15.9237 14.5672 10
      vertex 14.4546 15.5454 10
      vertex 15.4328 14.0763 10
    endloop
  endfacet
  facet normal -0 0 1
    outer loop
      vertex 14.0166 15.2528 10
      vertex 15.4328 14.0763 10
      vertex 14.4546 15.5454 10
    endloop
  endfacet
  facet normal 0 0 1
    outer loop
      vertex 15.4328 14.0763 10
      vertex 14.0166 15.2528 10
      vertex 14.845 13.707 10
    endloop
  endfacet
  facet normal 0 0 1
    outer loop
      vertex 14.845 13.707 10
      vertex 14.0166 15.2528 10
      vertex 14.1898 13.4777 10
    endloop
  endfacet
  facet normal -0 0 1
    outer loop
      vertex 13.5 15.15 10
      vertex 14.1898 13.4777 10
      vertex 14.0166 15.2528 10
    endloop
  endfacet
  facet normal 0 0 1
    outer loop
      vertex 13.5 15.15 10
      vertex 13.5 13.4 10
      vertex 14.1898 13.4777 10
    endloop
  endfacet
  facet normal 0 0 1
    outer loop
      vertex 12.8102 13.4777 10
      vertex 13.5 15.15 10
      vertex 12.9834 15.2528 10
    endloop
  endfacet
  facet normal 0 0 1
    outer loop
      vertex 13.5 15.15 10
      vertex 12.8102 13.4777 10
      vertex 13.5 13.4 10
    endloop
  endfacet
  facet normal 0 0 1
    outer loop
      vertex 11.5672 14.0763 10
      vertex 12.9834 15.2528 10
      vertex 12.5454 15.5454 10
    endloop
  endfacet
  facet normal 0 0 1
    outer loop
      vertex 11.0763 14.5672 10
      vertex 12.5454 15.5454 10
      vertex 12.2528 15.9834 10
    endloop
  endfacet
  facet normal 0 0 1
    outer loop
      vertex 12.9834 15.2528 10
      vertex 12.155 13.707 10
      vertex 12.8102 13.4777 10
    endloop
  endfacet
  facet normal 0 0 1
    outer loop
      vertex 10.4777 15.8102 10
      vertex 12.2528 15.9834 10
      vertex 12.15 16.5 10
    endloop
  endfacet
  facet normal -0 0 1
    outer loop
      vertex 10.707 17.845 10
      vertex 12.2528 17.0166 10
      vertex 11.0763 18.4328 10
    endloop
  endfacet
  facet normal 0 0 1
    outer loop
      vertex 12.9834 15.2528 10
      vertex 11.5672 14.0763 10
      vertex 12.155 13.707 10
    endloop
  endfacet
  facet normal -0 0 1
    outer loop
      vertex 10.4777 17.1898 10
      vertex 12.2528 17.0166 10
      vertex 10.707 17.845 10
    endloop
  endfacet
  facet normal 0 0 1
    outer loop
      vertex 12.5454 15.5454 10
      vertex 11.0763 14.5672 10
      vertex 11.5672 14.0763 10
    endloop
  endfacet
  facet normal 0 0 1
    outer loop
      vertex 12.2528 17.0166 10
      vertex 10.4777 17.1898 10
      vertex 12.15 16.5 10
    endloop
  endfacet
  facet normal 0 0 1
    outer loop
      vertex 12.2528 15.9834 10
      vertex 10.707 15.155 10
      vertex 11.0763 14.5672 10
    endloop
  endfacet
  facet normal 0 0 1
    outer loop
      vertex 10.4 16.5 10
      vertex 12.15 16.5 10
      vertex 10.4777 17.1898 10
    endloop
  endfacet
  facet normal 0 0 1
    outer loop
      vertex 12.2528 15.9834 10
      vertex 10.4777 15.8102 10
      vertex 10.707 15.155 10
    endloop
  endfacet
  facet normal 0 0 1
    outer loop
      vertex 12.15 16.5 10
      vertex 10.4 16.5 10
      vertex 10.4777 15.8102 10
    endloop
  endfacet
  facet normal -0.943867 -0.330325 0
    outer loop
      vertex 10.707 15.155 4
      vertex 10.4777 15.8102 10
      vertex 10.4777 15.8102 4
    endloop
  endfacet
  facet normal -0.943867 -0.330325 0
    outer loop
      vertex 10.4777 15.8102 10
      vertex 10.707 15.155 4
      vertex 10.707 15.155 10
    endloop
  endfacet
  facet normal -0.111933 -0.993716 0
    outer loop
      vertex 12.8102 13.4777 4
      vertex 13.5 13.4 10
      vertex 12.8102 13.4777 10
    endloop
  endfacet
  facet normal -0.111933 -0.993716 -0
    outer loop
      vertex 13.5 13.4 10
      vertex 12.8102 13.4777 4
      vertex 13.5 13.4 4
    endloop
  endfacet
  facet normal -0.330325 -0.943867 0
    outer loop
      vertex 12.155 13.707 4
      vertex 12.8102 13.4777 10
      vertex 12.155 13.707 10
    endloop
  endfacet
  facet normal -0.330325 -0.943867 -0
    outer loop
      vertex 12.8102 13.4777 10
      vertex 12.155 13.707 4
      vertex 12.8102 13.4777 4
    endloop
  endfacet
  facet normal 0.195167 0.98077 -0
    outer loop
      vertex 13.5 15.15 4
      vertex 12.9834 15.2528 10
      vertex 13.5 15.15 10
    endloop
  endfacet
  facet normal 0.195167 0.98077 0
    outer loop
      vertex 12.9834 15.2528 10
      vertex 13.5 15.15 4
      vertex 12.9834 15.2528 4
    endloop
  endfacet
  facet normal -0.831524 -0.555489 0
    outer loop
      vertex 14.7472 17.0166 4
      vertex 14.4546 17.4546 10
      vertex 14.4546 17.4546 4
    endloop
  endfacet
  facet normal -0.831524 -0.555489 0
    outer loop
      vertex 14.4546 17.4546 10
      vertex 14.7472 17.0166 4
      vertex 14.7472 17.0166 10
    endloop
  endfacet
  facet normal -0.98077 -0.195167 0
    outer loop
      vertex 14.85 16.5 4
      vertex 14.7472 17.0166 10
      vertex 14.7472 17.0166 4
    endloop
  endfacet
  facet normal -0.98077 -0.195167 0
    outer loop
      vertex 14.7472 17.0166 10
      vertex 14.85 16.5 4
      vertex 14.85 16.5 10
    endloop
  endfacet
  facet normal -0.555489 -0.831524 0
    outer loop
      vertex 14.0166 17.7472 4
      vertex 14.4546 17.4546 10
      vertex 14.0166 17.7472 10
    endloop
  endfacet
  facet normal -0.555489 -0.831524 -0
    outer loop
      vertex 14.4546 17.4546 10
      vertex 14.0166 17.7472 4
      vertex 14.4546 17.4546 4
    endloop
  endfacet
  facet normal -0.831524 0.555489 0
    outer loop
      vertex 14.4546 15.5454 4
      vertex 14.7472 15.9834 10
      vertex 14.7472 15.9834 4
    endloop
  endfacet
  facet normal -0.831524 0.555489 0
    outer loop
      vertex 14.7472 15.9834 10
      vertex 14.4546 15.5454 4
      vertex 14.4546 15.5454 10
    endloop
  endfacet
  facet normal -0.555489 0.831524 0
    outer loop
      vertex 14.4546 15.5454 4
      vertex 14.0166 15.2528 10
      vertex 14.4546 15.5454 10
    endloop
  endfacet
  facet normal -0.555489 0.831524 0
    outer loop
      vertex 14.0166 15.2528 10
      vertex 14.4546 15.5454 4
      vertex 14.0166 15.2528 4
    endloop
  endfacet
  facet normal 0.98077 -0.195167 0
    outer loop
      vertex 12.15 16.5 10
      vertex 12.2528 17.0166 4
      vertex 12.2528 17.0166 10
    endloop
  endfacet
  facet normal 0.98077 -0.195167 0
    outer loop
      vertex 12.2528 17.0166 4
      vertex 12.15 16.5 10
      vertex 12.15 16.5 4
    endloop
  endfacet
  facet normal -0.195167 0.98077 0
    outer loop
      vertex 14.0166 15.2528 4
      vertex 13.5 15.15 10
      vertex 14.0166 15.2528 10
    endloop
  endfacet
  facet normal -0.195167 0.98077 0
    outer loop
      vertex 13.5 15.15 10
      vertex 14.0166 15.2528 4
      vertex 13.5 15.15 4
    endloop
  endfacet
  facet normal 0.555489 -0.831524 0
    outer loop
      vertex 12.5454 17.4546 4
      vertex 12.9834 17.7472 10
      vertex 12.5454 17.4546 10
    endloop
  endfacet
  facet normal 0.555489 -0.831524 0
    outer loop
      vertex 12.9834 17.7472 10
      vertex 12.5454 17.4546 4
      vertex 12.9834 17.7472 4
    endloop
  endfacet
  facet normal -0.98077 0.195167 0
    outer loop
      vertex 14.7472 15.9834 4
      vertex 14.85 16.5 10
      vertex 14.85 16.5 4
    endloop
  endfacet
  facet normal -0.98077 0.195167 0
    outer loop
      vertex 14.85 16.5 10
      vertex 14.7472 15.9834 4
      vertex 14.7472 15.9834 10
    endloop
  endfacet
  facet normal 0.98077 0.195167 0
    outer loop
      vertex 12.2528 15.9834 10
      vertex 12.15 16.5 4
      vertex 12.15 16.5 10
    endloop
  endfacet
  facet normal 0.98077 0.195167 0
    outer loop
      vertex 12.15 16.5 4
      vertex 12.2528 15.9834 10
      vertex 12.2528 15.9834 4
    endloop
  endfacet
  facet normal 0.195167 -0.98077 0
    outer loop
      vertex 12.9834 17.7472 4
      vertex 13.5 17.85 10
      vertex 12.9834 17.7472 10
    endloop
  endfacet
  facet normal 0.195167 -0.98077 0
    outer loop
      vertex 13.5 17.85 10
      vertex 12.9834 17.7472 4
      vertex 13.5 17.85 4
    endloop
  endfacet
  facet normal -0.195167 -0.98077 0
    outer loop
      vertex 13.5 17.85 4
      vertex 14.0166 17.7472 10
      vertex 13.5 17.85 10
    endloop
  endfacet
  facet normal -0.195167 -0.98077 -0
    outer loop
      vertex 14.0166 17.7472 10
      vertex 13.5 17.85 4
      vertex 14.0166 17.7472 4
    endloop
  endfacet
  facet normal 0.831524 -0.555489 0
    outer loop
      vertex 12.2528 17.0166 10
      vertex 12.5454 17.4546 4
      vertex 12.5454 17.4546 10
    endloop
  endfacet
  facet normal 0.831524 -0.555489 0
    outer loop
      vertex 12.5454 17.4546 4
      vertex 12.2528 17.0166 10
      vertex 12.2528 17.0166 4
    endloop
  endfacet
  facet normal 0.555489 0.831524 -0
    outer loop
      vertex 12.9834 15.2528 4
      vertex 12.5454 15.5454 10
      vertex 12.9834 15.2528 10
    endloop
  endfacet
  facet normal 0.555489 0.831524 0
    outer loop
      vertex 12.5454 15.5454 10
      vertex 12.9834 15.2528 4
      vertex 12.5454 15.5454 4
    endloop
  endfacet
  facet normal 0.831524 0.555489 0
    outer loop
      vertex 12.5454 15.5454 10
      vertex 12.2528 15.9834 4
      vertex 12.2528 15.9834 10
    endloop
  endfacet
  facet normal 0.831524 0.555489 0
    outer loop
      vertex 12.2528 15.9834 4
      vertex 12.5454 15.5454 10
      vertex 12.5454 15.5454 4
    endloop
  endfacet
  facet normal 0.330325 0.943867 -0
    outer loop
      vertex 72.845 19.293 4
      vertex 72.1898 19.5223 10
      vertex 72.845 19.293 10
    endloop
  endfacet
  facet normal 0.330325 0.943867 0
    outer loop
      vertex 72.1898 19.5223 10
      vertex 72.845 19.293 4
      vertex 72.1898 19.5223 4
    endloop
  endfacet
  facet normal 0.943867 0.330325 0
    outer loop
      vertex 74.5223 17.1898 10
      vertex 74.293 17.845 4
      vertex 74.293 17.845 10
    endloop
  endfacet
  facet normal 0.943867 0.330325 0
    outer loop
      vertex 74.293 17.845 4
      vertex 74.5223 17.1898 10
      vertex 74.5223 17.1898 4
    endloop
  endfacet
  facet normal 0.993716 0.111933 0
    outer loop
      vertex 74.6 16.5 10
      vertex 74.5223 17.1898 4
      vertex 74.5223 17.1898 10
    endloop
  endfacet
  facet normal 0.993716 0.111933 0
    outer loop
      vertex 74.5223 17.1898 4
      vertex 74.6 16.5 10
      vertex 74.6 16.5 4
    endloop
  endfacet
  facet normal 0.531992 0.84675 -0
    outer loop
      vertex 73.4328 18.9237 4
      vertex 72.845 19.293 10
      vertex 73.4328 18.9237 10
    endloop
  endfacet
  facet normal 0.531992 0.84675 0
    outer loop
      vertex 72.845 19.293 10
      vertex 73.4328 18.9237 4
      vertex 72.845 19.293 4
    endloop
  endfacet
  facet normal -0.993716 -0.111933 0
    outer loop
      vertex 68.4777 15.8102 4
      vertex 68.4 16.5 10
      vertex 68.4 16.5 4
    endloop
  endfacet
  facet normal -0.993716 -0.111933 0
    outer loop
      vertex 68.4 16.5 10
      vertex 68.4777 15.8102 4
      vertex 68.4777 15.8102 10
    endloop
  endfacet
  facet normal -0.707107 0.707107 0
    outer loop
      vertex 69.0763 18.4328 4
      vertex 69.5672 18.9237 10
      vertex 69.5672 18.9237 4
    endloop
  endfacet
  facet normal -0.707107 0.707107 0
    outer loop
      vertex 69.5672 18.9237 10
      vertex 69.0763 18.4328 4
      vertex 69.0763 18.4328 10
    endloop
  endfacet
  facet normal -0.943867 0.330325 0
    outer loop
      vertex 68.4777 17.1898 4
      vertex 68.707 17.845 10
      vertex 68.707 17.845 4
    endloop
  endfacet
  facet normal -0.943867 0.330325 0
    outer loop
      vertex 68.707 17.845 10
      vertex 68.4777 17.1898 4
      vertex 68.4777 17.1898 10
    endloop
  endfacet
  facet normal -0.330325 0.943867 0
    outer loop
      vertex 70.8102 19.5223 4
      vertex 70.155 19.293 10
      vertex 70.8102 19.5223 10
    endloop
  endfacet
  facet normal -0.330325 0.943867 0
    outer loop
      vertex 70.155 19.293 10
      vertex 70.8102 19.5223 4
      vertex 70.155 19.293 4
    endloop
  endfacet
  facet normal -0.531992 0.84675 0
    outer loop
      vertex 70.155 19.293 4
      vertex 69.5672 18.9237 10
      vertex 70.155 19.293 10
    endloop
  endfacet
  facet normal -0.531992 0.84675 0
    outer loop
      vertex 69.5672 18.9237 10
      vertex 70.155 19.293 4
      vertex 69.5672 18.9237 4
    endloop
  endfacet
  facet normal -0.84675 0.531992 0
    outer loop
      vertex 68.707 17.845 4
      vertex 69.0763 18.4328 10
      vertex 69.0763 18.4328 4
    endloop
  endfacet
  facet normal -0.84675 0.531992 0
    outer loop
      vertex 69.0763 18.4328 10
      vertex 68.707 17.845 4
      vertex 68.707 17.845 10
    endloop
  endfacet
  facet normal -0.707107 -0.707107 0
    outer loop
      vertex 69.5672 14.0763 4
      vertex 69.0763 14.5672 10
      vertex 69.0763 14.5672 4
    endloop
  endfacet
  facet normal -0.707107 -0.707107 0
    outer loop
      vertex 69.0763 14.5672 10
      vertex 69.5672 14.0763 4
      vertex 69.5672 14.0763 10
    endloop
  endfacet
  facet normal 0.84675 -0.531992 0
    outer loop
      vertex 73.9237 14.5672 10
      vertex 74.293 15.155 4
      vertex 74.293 15.155 10
    endloop
  endfacet
  facet normal 0.84675 -0.531992 0
    outer loop
      vertex 74.293 15.155 4
      vertex 73.9237 14.5672 10
      vertex 73.9237 14.5672 4
    endloop
  endfacet
  facet normal 0.111933 -0.993716 0
    outer loop
      vertex 71.5 13.4 4
      vertex 72.1898 13.4777 10
      vertex 71.5 13.4 10
    endloop
  endfacet
  facet normal 0.111933 -0.993716 0
    outer loop
      vertex 72.1898 13.4777 10
      vertex 71.5 13.4 4
      vertex 72.1898 13.4777 4
    endloop
  endfacet
  facet normal 0.330325 -0.943867 0
    outer loop
      vertex 72.1898 13.4777 4
      vertex 72.845 13.707 10
      vertex 72.1898 13.4777 10
    endloop
  endfacet
  facet normal 0.330325 -0.943867 0
    outer loop
      vertex 72.845 13.707 10
      vertex 72.1898 13.4777 4
      vertex 72.845 13.707 4
    endloop
  endfacet
  facet normal 0.111933 0.993716 -0
    outer loop
      vertex 72.1898 19.5223 4
      vertex 71.5 19.6 10
      vertex 72.1898 19.5223 10
    endloop
  endfacet
  facet normal 0.111933 0.993716 0
    outer loop
      vertex 71.5 19.6 10
      vertex 72.1898 19.5223 4
      vertex 71.5 19.6 4
    endloop
  endfacet
  facet normal 0.707107 -0.707107 0
    outer loop
      vertex 73.4328 14.0763 10
      vertex 73.9237 14.5672 4
      vertex 73.9237 14.5672 10
    endloop
  endfacet
  facet normal 0.707107 -0.707107 0
    outer loop
      vertex 73.9237 14.5672 4
      vertex 73.4328 14.0763 10
      vertex 73.4328 14.0763 4
    endloop
  endfacet
  facet normal 0.707107 0.707107 0
    outer loop
      vertex 73.9237 18.4328 10
      vertex 73.4328 18.9237 4
      vertex 73.4328 18.9237 10
    endloop
  endfacet
  facet normal 0.707107 0.707107 0
    outer loop
      vertex 73.4328 18.9237 4
      vertex 73.9237 18.4328 10
      vertex 73.9237 18.4328 4
    endloop
  endfacet
  facet normal -0.84675 -0.531992 0
    outer loop
      vertex 69.0763 14.5672 4
      vertex 68.707 15.155 10
      vertex 68.707 15.155 4
    endloop
  endfacet
  facet normal -0.84675 -0.531992 0
    outer loop
      vertex 68.707 15.155 10
      vertex 69.0763 14.5672 4
      vertex 69.0763 14.5672 10
    endloop
  endfacet
  facet normal 0.531992 -0.84675 0
    outer loop
      vertex 72.845 13.707 4
      vertex 73.4328 14.0763 10
      vertex 72.845 13.707 10
    endloop
  endfacet
  facet normal 0.531992 -0.84675 0
    outer loop
      vertex 73.4328 14.0763 10
      vertex 72.845 13.707 4
      vertex 73.4328 14.0763 4
    endloop
  endfacet
  facet normal -0.993716 0.111933 0
    outer loop
      vertex 68.4 16.5 4
      vertex 68.4777 17.1898 10
      vertex 68.4777 17.1898 4
    endloop
  endfacet
  facet normal -0.993716 0.111933 0
    outer loop
      vertex 68.4777 17.1898 10
      vertex 68.4 16.5 4
      vertex 68.4 16.5 10
    endloop
  endfacet
  facet normal -0.111933 0.993716 0
    outer loop
      vertex 71.5 19.6 4
      vertex 70.8102 19.5223 10
      vertex 71.5 19.6 10
    endloop
  endfacet
  facet normal -0.111933 0.993716 0
    outer loop
      vertex 70.8102 19.5223 10
      vertex 71.5 19.6 4
      vertex 70.8102 19.5223 4
    endloop
  endfacet
  facet normal 0.943867 -0.330325 0
    outer loop
      vertex 74.293 15.155 10
      vertex 74.5223 15.8102 4
      vertex 74.5223 15.8102 10
    endloop
  endfacet
  facet normal 0.943867 -0.330325 0
    outer loop
      vertex 74.5223 15.8102 4
      vertex 74.293 15.155 10
      vertex 74.293 15.155 4
    endloop
  endfacet
  facet normal 0.84675 0.531992 0
    outer loop
      vertex 74.293 17.845 10
      vertex 73.9237 18.4328 4
      vertex 73.9237 18.4328 10
    endloop
  endfacet
  facet normal 0.84675 0.531992 0
    outer loop
      vertex 73.9237 18.4328 4
      vertex 74.293 17.845 10
      vertex 74.293 17.845 4
    endloop
  endfacet
  facet normal -0.531992 -0.84675 0
    outer loop
      vertex 69.5672 14.0763 4
      vertex 70.155 13.707 10
      vertex 69.5672 14.0763 10
    endloop
  endfacet
  facet normal -0.531992 -0.84675 -0
    outer loop
      vertex 70.155 13.707 10
      vertex 69.5672 14.0763 4
      vertex 70.155 13.707 4
    endloop
  endfacet
  facet normal 0.993716 -0.111933 0
    outer loop
      vertex 74.5223 15.8102 10
      vertex 74.6 16.5 4
      vertex 74.6 16.5 10
    endloop
  endfacet
  facet normal 0.993716 -0.111933 0
    outer loop
      vertex 74.6 16.5 4
      vertex 74.5223 15.8102 10
      vertex 74.5223 15.8102 4
    endloop
  endfacet
  facet normal 0 0 1
    outer loop
      vertex 72.85 16.5 10
      vertex 74.6 16.5 10
      vertex 74.5223 17.1898 10
    endloop
  endfacet
  facet normal 0 0 1
    outer loop
      vertex 72.7472 17.0166 10
      vertex 74.5223 17.1898 10
      vertex 74.293 17.845 10
    endloop
  endfacet
  facet normal 0 0 1
    outer loop
      vertex 74.6 16.5 10
      vertex 72.85 16.5 10
      vertex 74.5223 15.8102 10
    endloop
  endfacet
  facet normal 0 0 1
    outer loop
      vertex 72.7472 17.0166 10
      vertex 74.293 17.845 10
      vertex 73.9237 18.4328 10
    endloop
  endfacet
  facet normal -0 0 1
    outer loop
      vertex 72.7472 15.9834 10
      vertex 74.5223 15.8102 10
      vertex 72.85 16.5 10
    endloop
  endfacet
  facet normal 0 0 1
    outer loop
      vertex 72.4546 17.4546 10
      vertex 73.9237 18.4328 10
      vertex 73.4328 18.9237 10
    endloop
  endfacet
  facet normal 0 0 1
    outer loop
      vertex 74.5223 15.8102 10
      vertex 72.7472 15.9834 10
      vertex 74.293 15.155 10
    endloop
  endfacet
  facet normal 0 0 1
    outer loop
      vertex 74.293 15.155 10
      vertex 72.7472 15.9834 10
      vertex 73.9237 14.5672 10
    endloop
  endfacet
  facet normal 0 0 1
    outer loop
      vertex 72.0166 17.7472 10
      vertex 73.4328 18.9237 10
      vertex 72.845 19.293 10
    endloop
  endfacet
  facet normal 0 0 1
    outer loop
      vertex 74.5223 17.1898 10
      vertex 72.7472 17.0166 10
      vertex 72.85 16.5 10
    endloop
  endfacet
  facet normal 0 0 1
    outer loop
      vertex 73.9237 18.4328 10
      vertex 72.4546 17.4546 10
      vertex 72.7472 17.0166 10
    endloop
  endfacet
  facet normal 0 0 1
    outer loop
      vertex 72.0166 17.7472 10
      vertex 72.845 19.293 10
      vertex 72.1898 19.5223 10
    endloop
  endfacet
  facet normal 0 0 1
    outer loop
      vertex 73.4328 18.9237 10
      vertex 72.0166 17.7472 10
      vertex 72.4546 17.4546 10
    endloop
  endfacet
  facet normal 0 0 1
    outer loop
      vertex 71.5 17.85 10
      vertex 72.1898 19.5223 10
      vertex 71.5 19.6 10
    endloop
  endfacet
  facet normal 0 0 1
    outer loop
      vertex 72.1898 19.5223 10
      vertex 71.5 17.85 10
      vertex 72.0166 17.7472 10
    endloop
  endfacet
  facet normal -0 0 1
    outer loop
      vertex 70.8102 19.5223 10
      vertex 71.5 17.85 10
      vertex 71.5 19.6 10
    endloop
  endfacet
  facet normal 0 0 1
    outer loop
      vertex 71.5 17.85 10
      vertex 70.8102 19.5223 10
      vertex 70.9834 17.7472 10
    endloop
  endfacet
  facet normal -0 0 1
    outer loop
      vertex 70.155 19.293 10
      vertex 70.9834 17.7472 10
      vertex 70.8102 19.5223 10
    endloop
  endfacet
  facet normal -0 0 1
    outer loop
      vertex 69.5672 18.9237 10
      vertex 70.9834 17.7472 10
      vertex 70.155 19.293 10
    endloop
  endfacet
  facet normal 0 0 1
    outer loop
      vertex 70.9834 17.7472 10
      vertex 69.5672 18.9237 10
      vertex 70.5454 17.4546 10
    endloop
  endfacet
  facet normal -0 0 1
    outer loop
      vertex 69.0763 18.4328 10
      vertex 70.5454 17.4546 10
      vertex 69.5672 18.9237 10
    endloop
  endfacet
  facet normal 0 0 1
    outer loop
      vertex 70.5454 17.4546 10
      vertex 69.0763 18.4328 10
      vertex 70.2528 17.0166 10
    endloop
  endfacet
  facet normal -0 0 1
    outer loop
      vertex 72.4546 15.5454 10
      vertex 73.9237 14.5672 10
      vertex 72.7472 15.9834 10
    endloop
  endfacet
  facet normal 0 0 1
    outer loop
      vertex 73.9237 14.5672 10
      vertex 72.4546 15.5454 10
      vertex 73.4328 14.0763 10
    endloop
  endfacet
  facet normal -0 0 1
    outer loop
      vertex 72.0166 15.2528 10
      vertex 73.4328 14.0763 10
      vertex 72.4546 15.5454 10
    endloop
  endfacet
  facet normal 0 0 1
    outer loop
      vertex 73.4328 14.0763 10
      vertex 72.0166 15.2528 10
      vertex 72.845 13.707 10
    endloop
  endfacet
  facet normal 0 0 1
    outer loop
      vertex 72.845 13.707 10
      vertex 72.0166 15.2528 10
      vertex 72.1898 13.4777 10
    endloop
  endfacet
  facet normal -0 0 1
    outer loop
      vertex 71.5 15.15 10
      vertex 72.1898 13.4777 10
      vertex 72.0166 15.2528 10
    endloop
  endfacet
  facet normal 0 0 1
    outer loop
      vertex 71.5 15.15 10
      vertex 71.5 13.4 10
      vertex 72.1898 13.4777 10
    endloop
  endfacet
  facet normal 0 0 1
    outer loop
      vertex 70.8102 13.4777 10
      vertex 71.5 15.15 10
      vertex 70.9834 15.2528 10
    endloop
  endfacet
  facet normal 0 0 1
    outer loop
      vertex 71.5 15.15 10
      vertex 70.8102 13.4777 10
      vertex 71.5 13.4 10
    endloop
  endfacet
  facet normal 0 0 1
    outer loop
      vertex 69.5672 14.0763 10
      vertex 70.9834 15.2528 10
      vertex 70.5454 15.5454 10
    endloop
  endfacet
  facet normal 0 0 1
    outer loop
      vertex 69.0763 14.5672 10
      vertex 70.5454 15.5454 10
      vertex 70.2528 15.9834 10
    endloop
  endfacet
  facet normal 0 0 1
    outer loop
      vertex 70.9834 15.2528 10
      vertex 70.155 13.707 10
      vertex 70.8102 13.4777 10
    endloop
  endfacet
  facet normal 0 0 1
    outer loop
      vertex 68.4777 15.8102 10
      vertex 70.2528 15.9834 10
      vertex 70.15 16.5 10
    endloop
  endfacet
  facet normal -0 0 1
    outer loop
      vertex 68.707 17.845 10
      vertex 70.2528 17.0166 10
      vertex 69.0763 18.4328 10
    endloop
  endfacet
  facet normal 0 0 1
    outer loop
      vertex 70.9834 15.2528 10
      vertex 69.5672 14.0763 10
      vertex 70.155 13.707 10
    endloop
  endfacet
  facet normal -0 0 1
    outer loop
      vertex 68.4777 17.1898 10
      vertex 70.2528 17.0166 10
      vertex 68.707 17.845 10
    endloop
  endfacet
  facet normal 0 0 1
    outer loop
      vertex 70.5454 15.5454 10
      vertex 69.0763 14.5672 10
      vertex 69.5672 14.0763 10
    endloop
  endfacet
  facet normal 0 0 1
    outer loop
      vertex 70.2528 17.0166 10
      vertex 68.4777 17.1898 10
      vertex 70.15 16.5 10
    endloop
  endfacet
  facet normal 0 0 1
    outer loop
      vertex 70.2528 15.9834 10
      vertex 68.707 15.155 10
      vertex 69.0763 14.5672 10
    endloop
  endfacet
  facet normal 0 0 1
    outer loop
      vertex 68.4 16.5 10
      vertex 70.15 16.5 10
      vertex 68.4777 17.1898 10
    endloop
  endfacet
  facet normal 0 0 1
    outer loop
      vertex 70.2528 15.9834 10
      vertex 68.4777 15.8102 10
      vertex 68.707 15.155 10
    endloop
  endfacet
  facet normal 0 0 1
    outer loop
      vertex 70.15 16.5 10
      vertex 68.4 16.5 10
      vertex 68.4777 15.8102 10
    endloop
  endfacet
  facet normal -0.943867 -0.330325 0
    outer loop
      vertex 68.707 15.155 4
      vertex 68.4777 15.8102 10
      vertex 68.4777 15.8102 4
    endloop
  endfacet
  facet normal -0.943867 -0.330325 0
    outer loop
      vertex 68.4777 15.8102 10
      vertex 68.707 15.155 4
      vertex 68.707 15.155 10
    endloop
  endfacet
  facet normal -0.111933 -0.993716 0
    outer loop
      vertex 70.8102 13.4777 4
      vertex 71.5 13.4 10
      vertex 70.8102 13.4777 10
    endloop
  endfacet
  facet normal -0.111933 -0.993716 -0
    outer loop
      vertex 71.5 13.4 10
      vertex 70.8102 13.4777 4
      vertex 71.5 13.4 4
    endloop
  endfacet
  facet normal -0.330325 -0.943867 0
    outer loop
      vertex 70.155 13.707 4
      vertex 70.8102 13.4777 10
      vertex 70.155 13.707 10
    endloop
  endfacet
  facet normal -0.330325 -0.943867 -0
    outer loop
      vertex 70.8102 13.4777 10
      vertex 70.155 13.707 4
      vertex 70.8102 13.4777 4
    endloop
  endfacet
  facet normal 0.195167 0.98077 -0
    outer loop
      vertex 71.5 15.15 4
      vertex 70.9834 15.2528 10
      vertex 71.5 15.15 10
    endloop
  endfacet
  facet normal 0.195167 0.98077 0
    outer loop
      vertex 70.9834 15.2528 10
      vertex 71.5 15.15 4
      vertex 70.9834 15.2528 4
    endloop
  endfacet
  facet normal -0.831524 -0.555489 0
    outer loop
      vertex 72.7472 17.0166 4
      vertex 72.4546 17.4546 10
      vertex 72.4546 17.4546 4
    endloop
  endfacet
  facet normal -0.831524 -0.555489 0
    outer loop
      vertex 72.4546 17.4546 10
      vertex 72.7472 17.0166 4
      vertex 72.7472 17.0166 10
    endloop
  endfacet
  facet normal -0.98077 -0.195167 0
    outer loop
      vertex 72.85 16.5 4
      vertex 72.7472 17.0166 10
      vertex 72.7472 17.0166 4
    endloop
  endfacet
  facet normal -0.98077 -0.195167 0
    outer loop
      vertex 72.7472 17.0166 10
      vertex 72.85 16.5 4
      vertex 72.85 16.5 10
    endloop
  endfacet
  facet normal -0.555489 -0.831524 0
    outer loop
      vertex 72.0166 17.7472 4
      vertex 72.4546 17.4546 10
      vertex 72.0166 17.7472 10
    endloop
  endfacet
  facet normal -0.555489 -0.831524 -0
    outer loop
      vertex 72.4546 17.4546 10
      vertex 72.0166 17.7472 4
      vertex 72.4546 17.4546 4
    endloop
  endfacet
  facet normal -0.831524 0.555489 0
    outer loop
      vertex 72.4546 15.5454 4
      vertex 72.7472 15.9834 10
      vertex 72.7472 15.9834 4
    endloop
  endfacet
  facet normal -0.831524 0.555489 0
    outer loop
      vertex 72.7472 15.9834 10
      vertex 72.4546 15.5454 4
      vertex 72.4546 15.5454 10
    endloop
  endfacet
  facet normal -0.555489 0.831524 0
    outer loop
      vertex 72.4546 15.5454 4
      vertex 72.0166 15.2528 10
      vertex 72.4546 15.5454 10
    endloop
  endfacet
  facet normal -0.555489 0.831524 0
    outer loop
      vertex 72.0166 15.2528 10
      vertex 72.4546 15.5454 4
      vertex 72.0166 15.2528 4
    endloop
  endfacet
  facet normal 0.98077 -0.195167 0
    outer loop
      vertex 70.15 16.5 10
      vertex 70.2528 17.0166 4
      vertex 70.2528 17.0166 10
    endloop
  endfacet
  facet normal 0.98077 -0.195167 0
    outer loop
      vertex 70.2528 17.0166 4
      vertex 70.15 16.5 10
      vertex 70.15 16.5 4
    endloop
  endfacet
  facet normal -0.195167 0.98077 0
    outer loop
      vertex 72.0166 15.2528 4
      vertex 71.5 15.15 10
      vertex 72.0166 15.2528 10
    endloop
  endfacet
  facet normal -0.195167 0.98077 0
    outer loop
      vertex 71.5 15.15 10
      vertex 72.0166 15.2528 4
      vertex 71.5 15.15 4
    endloop
  endfacet
  facet normal 0.555489 -0.831524 0
    outer loop
      vertex 70.5454 17.4546 4
      vertex 70.9834 17.7472 10
      vertex 70.5454 17.4546 10
    endloop
  endfacet
  facet normal 0.555489 -0.831524 0
    outer loop
      vertex 70.9834 17.7472 10
      vertex 70.5454 17.4546 4
      vertex 70.9834 17.7472 4
    endloop
  endfacet
  facet normal -0.98077 0.195167 0
    outer loop
      vertex 72.7472 15.9834 4
      vertex 72.85 16.5 10
      vertex 72.85 16.5 4
    endloop
  endfacet
  facet normal -0.98077 0.195167 0
    outer loop
      vertex 72.85 16.5 10
      vertex 72.7472 15.9834 4
      vertex 72.7472 15.9834 10
    endloop
  endfacet
  facet normal 0.98077 0.195167 0
    outer loop
      vertex 70.2528 15.9834 10
      vertex 70.15 16.5 4
      vertex 70.15 16.5 10
    endloop
  endfacet
  facet normal 0.98077 0.195167 0
    outer loop
      vertex 70.15 16.5 4
      vertex 70.2528 15.9834 10
      vertex 70.2528 15.9834 4
    endloop
  endfacet
  facet normal 0.195167 -0.98077 0
    outer loop
      vertex 70.9834 17.7472 4
      vertex 71.5 17.85 10
      vertex 70.9834 17.7472 10
    endloop
  endfacet
  facet normal 0.195167 -0.98077 0
    outer loop
      vertex 71.5 17.85 10
      vertex 70.9834 17.7472 4
      vertex 71.5 17.85 4
    endloop
  endfacet
  facet normal -0.195167 -0.98077 0
    outer loop
      vertex 71.5 17.85 4
      vertex 72.0166 17.7472 10
      vertex 71.5 17.85 10
    endloop
  endfacet
  facet normal -0.195167 -0.98077 -0
    outer loop
      vertex 72.0166 17.7472 10
      vertex 71.5 17.85 4
      vertex 72.0166 17.7472 4
    endloop
  endfacet
  facet normal 0.831524 -0.555489 0
    outer loop
      vertex 70.2528 17.0166 10
      vertex 70.5454 17.4546 4
      vertex 70.5454 17.4546 10
    endloop
  endfacet
  facet normal 0.831524 -0.555489 0
    outer loop
      vertex 70.5454 17.4546 4
      vertex 70.2528 17.0166 10
      vertex 70.2528 17.0166 4
    endloop
  endfacet
  facet normal 0.555489 0.831524 -0
    outer loop
      vertex 70.9834 15.2528 4
      vertex 70.5454 15.5454 10
      vertex 70.9834 15.2528 10
    endloop
  endfacet
  facet normal 0.555489 0.831524 0
    outer loop
      vertex 70.5454 15.5454 10
      vertex 70.9834 15.2528 4
      vertex 70.5454 15.5454 4
    endloop
  endfacet
  facet normal 0.831524 0.555489 0
    outer loop
      vertex 70.5454 15.5454 10
      vertex 70.2528 15.9834 4
      vertex 70.2528 15.9834 10
    endloop
  endfacet
  facet normal 0.831524 0.555489 0
    outer loop
      vertex 70.2528 15.9834 4
      vertex 70.5454 15.5454 10
      vertex 70.5454 15.5454 4
    endloop
  endfacet
  facet normal 0.330325 0.943867 -0
    outer loop
      vertex 14.845 68.293 4
      vertex 14.1898 68.5223 10
      vertex 14.845 68.293 10
    endloop
  endfacet
  facet normal 0.330325 0.943867 0
    outer loop
      vertex 14.1898 68.5223 10
      vertex 14.845 68.293 4
      vertex 14.1898 68.5223 4
    endloop
  endfacet
  facet normal 0.943867 0.330325 0
    outer loop
      vertex 16.5223 66.1898 10
      vertex 16.293 66.845 4
      vertex 16.293 66.845 10
    endloop
  endfacet
  facet normal 0.943867 0.330325 0
    outer loop
      vertex 16.293 66.845 4
      vertex 16.5223 66.1898 10
      vertex 16.5223 66.1898 4
    endloop
  endfacet
  facet normal 0.993716 0.111933 0
    outer loop
      vertex 16.6 65.5 10
      vertex 16.5223 66.1898 4
      vertex 16.5223 66.1898 10
    endloop
  endfacet
  facet normal 0.993716 0.111933 0
    outer loop
      vertex 16.5223 66.1898 4
      vertex 16.6 65.5 10
      vertex 16.6 65.5 4
    endloop
  endfacet
  facet normal 0.531992 0.84675 -0
    outer loop
      vertex 15.4328 67.9237 4
      vertex 14.845 68.293 10
      vertex 15.4328 67.9237 10
    endloop
  endfacet
  facet normal 0.531992 0.84675 0
    outer loop
      vertex 14.845 68.293 10
      vertex 15.4328 67.9237 4
      vertex 14.845 68.293 4
    endloop
  endfacet
  facet normal -0.993716 -0.111933 0
    outer loop
      vertex 10.4777 64.8102 4
      vertex 10.4 65.5 10
      vertex 10.4 65.5 4
    endloop
  endfacet
  facet normal -0.993716 -0.111933 0
    outer loop
      vertex 10.4 65.5 10
      vertex 10.4777 64.8102 4
      vertex 10.4777 64.8102 10
    endloop
  endfacet
  facet normal -0.707107 0.707107 0
    outer loop
      vertex 11.0763 67.4328 4
      vertex 11.5672 67.9237 10
      vertex 11.5672 67.9237 4
    endloop
  endfacet
  facet normal -0.707107 0.707107 0
    outer loop
      vertex 11.5672 67.9237 10
      vertex 11.0763 67.4328 4
      vertex 11.0763 67.4328 10
    endloop
  endfacet
  facet normal -0.943867 0.330325 0
    outer loop
      vertex 10.4777 66.1898 4
      vertex 10.707 66.845 10
      vertex 10.707 66.845 4
    endloop
  endfacet
  facet normal -0.943867 0.330325 0
    outer loop
      vertex 10.707 66.845 10
      vertex 10.4777 66.1898 4
      vertex 10.4777 66.1898 10
    endloop
  endfacet
  facet normal -0.330325 0.943867 0
    outer loop
      vertex 12.8102 68.5223 4
      vertex 12.155 68.293 10
      vertex 12.8102 68.5223 10
    endloop
  endfacet
  facet normal -0.330325 0.943867 0
    outer loop
      vertex 12.155 68.293 10
      vertex 12.8102 68.5223 4
      vertex 12.155 68.293 4
    endloop
  endfacet
  facet normal -0.531992 0.84675 0
    outer loop
      vertex 12.155 68.293 4
      vertex 11.5672 67.9237 10
      vertex 12.155 68.293 10
    endloop
  endfacet
  facet normal -0.531992 0.84675 0
    outer loop
      vertex 11.5672 67.9237 10
      vertex 12.155 68.293 4
      vertex 11.5672 67.9237 4
    endloop
  endfacet
  facet normal -0.84675 0.531992 0
    outer loop
      vertex 10.707 66.845 4
      vertex 11.0763 67.4328 10
      vertex 11.0763 67.4328 4
    endloop
  endfacet
  facet normal -0.84675 0.531992 0
    outer loop
      vertex 11.0763 67.4328 10
      vertex 10.707 66.845 4
      vertex 10.707 66.845 10
    endloop
  endfacet
  facet normal -0.707107 -0.707107 0
    outer loop
      vertex 11.5672 63.0763 4
      vertex 11.0763 63.5672 10
      vertex 11.0763 63.5672 4
    endloop
  endfacet
  facet normal -0.707107 -0.707107 0
    outer loop
      vertex 11.0763 63.5672 10
      vertex 11.5672 63.0763 4
      vertex 11.5672 63.0763 10
    endloop
  endfacet
  facet normal 0.84675 -0.531992 0
    outer loop
      vertex 15.9237 63.5672 10
      vertex 16.293 64.155 4
      vertex 16.293 64.155 10
    endloop
  endfacet
  facet normal 0.84675 -0.531992 0
    outer loop
      vertex 16.293 64.155 4
      vertex 15.9237 63.5672 10
      vertex 15.9237 63.5672 4
    endloop
  endfacet
  facet normal 0.111933 -0.993716 0
    outer loop
      vertex 13.5 62.4 4
      vertex 14.1898 62.4777 10
      vertex 13.5 62.4 10
    endloop
  endfacet
  facet normal 0.111933 -0.993716 0
    outer loop
      vertex 14.1898 62.4777 10
      vertex 13.5 62.4 4
      vertex 14.1898 62.4777 4
    endloop
  endfacet
  facet normal 0.330325 -0.943867 0
    outer loop
      vertex 14.1898 62.4777 4
      vertex 14.845 62.707 10
      vertex 14.1898 62.4777 10
    endloop
  endfacet
  facet normal 0.330325 -0.943867 0
    outer loop
      vertex 14.845 62.707 10
      vertex 14.1898 62.4777 4
      vertex 14.845 62.707 4
    endloop
  endfacet
  facet normal 0.111933 0.993716 -0
    outer loop
      vertex 14.1898 68.5223 4
      vertex 13.5 68.6 10
      vertex 14.1898 68.5223 10
    endloop
  endfacet
  facet normal 0.111933 0.993716 0
    outer loop
      vertex 13.5 68.6 10
      vertex 14.1898 68.5223 4
      vertex 13.5 68.6 4
    endloop
  endfacet
  facet normal 0.707107 -0.707107 0
    outer loop
      vertex 15.4328 63.0763 10
      vertex 15.9237 63.5672 4
      vertex 15.9237 63.5672 10
    endloop
  endfacet
  facet normal 0.707107 -0.707107 0
    outer loop
      vertex 15.9237 63.5672 4
      vertex 15.4328 63.0763 10
      vertex 15.4328 63.0763 4
    endloop
  endfacet
  facet normal 0.707107 0.707107 0
    outer loop
      vertex 15.9237 67.4328 10
      vertex 15.4328 67.9237 4
      vertex 15.4328 67.9237 10
    endloop
  endfacet
  facet normal 0.707107 0.707107 0
    outer loop
      vertex 15.4328 67.9237 4
      vertex 15.9237 67.4328 10
      vertex 15.9237 67.4328 4
    endloop
  endfacet
  facet normal -0.84675 -0.531992 0
    outer loop
      vertex 11.0763 63.5672 4
      vertex 10.707 64.155 10
      vertex 10.707 64.155 4
    endloop
  endfacet
  facet normal -0.84675 -0.531992 0
    outer loop
      vertex 10.707 64.155 10
      vertex 11.0763 63.5672 4
      vertex 11.0763 63.5672 10
    endloop
  endfacet
  facet normal 0.531992 -0.84675 0
    outer loop
      vertex 14.845 62.707 4
      vertex 15.4328 63.0763 10
      vertex 14.845 62.707 10
    endloop
  endfacet
  facet normal 0.531992 -0.84675 0
    outer loop
      vertex 15.4328 63.0763 10
      vertex 14.845 62.707 4
      vertex 15.4328 63.0763 4
    endloop
  endfacet
  facet normal -0.993716 0.111933 0
    outer loop
      vertex 10.4 65.5 4
      vertex 10.4777 66.1898 10
      vertex 10.4777 66.1898 4
    endloop
  endfacet
  facet normal -0.993716 0.111933 0
    outer loop
      vertex 10.4777 66.1898 10
      vertex 10.4 65.5 4
      vertex 10.4 65.5 10
    endloop
  endfacet
  facet normal -0.111933 0.993716 0
    outer loop
      vertex 13.5 68.6 4
      vertex 12.8102 68.5223 10
      vertex 13.5 68.6 10
    endloop
  endfacet
  facet normal -0.111933 0.993716 0
    outer loop
      vertex 12.8102 68.5223 10
      vertex 13.5 68.6 4
      vertex 12.8102 68.5223 4
    endloop
  endfacet
  facet normal 0.943867 -0.330325 0
    outer loop
      vertex 16.293 64.155 10
      vertex 16.5223 64.8102 4
      vertex 16.5223 64.8102 10
    endloop
  endfacet
  facet normal 0.943867 -0.330325 0
    outer loop
      vertex 16.5223 64.8102 4
      vertex 16.293 64.155 10
      vertex 16.293 64.155 4
    endloop
  endfacet
  facet normal 0.84675 0.531992 0
    outer loop
      vertex 16.293 66.845 10
      vertex 15.9237 67.4328 4
      vertex 15.9237 67.4328 10
    endloop
  endfacet
  facet normal 0.84675 0.531992 0
    outer loop
      vertex 15.9237 67.4328 4
      vertex 16.293 66.845 10
      vertex 16.293 66.845 4
    endloop
  endfacet
  facet normal -0.531992 -0.84675 0
    outer loop
      vertex 11.5672 63.0763 4
      vertex 12.155 62.707 10
      vertex 11.5672 63.0763 10
    endloop
  endfacet
  facet normal -0.531992 -0.84675 -0
    outer loop
      vertex 12.155 62.707 10
      vertex 11.5672 63.0763 4
      vertex 12.155 62.707 4
    endloop
  endfacet
  facet normal 0.993716 -0.111933 0
    outer loop
      vertex 16.5223 64.8102 10
      vertex 16.6 65.5 4
      vertex 16.6 65.5 10
    endloop
  endfacet
  facet normal 0.993716 -0.111933 0
    outer loop
      vertex 16.6 65.5 4
      vertex 16.5223 64.8102 10
      vertex 16.5223 64.8102 4
    endloop
  endfacet
  facet normal 0 0 1
    outer loop
      vertex 14.85 65.5 10
      vertex 16.6 65.5 10
      vertex 16.5223 66.1898 10
    endloop
  endfacet
  facet normal 0 0 1
    outer loop
      vertex 14.7472 66.0166 10
      vertex 16.5223 66.1898 10
      vertex 16.293 66.845 10
    endloop
  endfacet
  facet normal 0 0 1
    outer loop
      vertex 16.6 65.5 10
      vertex 14.85 65.5 10
      vertex 16.5223 64.8102 10
    endloop
  endfacet
  facet normal 0 0 1
    outer loop
      vertex 14.7472 66.0166 10
      vertex 16.293 66.845 10
      vertex 15.9237 67.4328 10
    endloop
  endfacet
  facet normal -0 0 1
    outer loop
      vertex 14.7472 64.9834 10
      vertex 16.5223 64.8102 10
      vertex 14.85 65.5 10
    endloop
  endfacet
  facet normal 0 0 1
    outer loop
      vertex 14.4546 66.4546 10
      vertex 15.9237 67.4328 10
      vertex 15.4328 67.9237 10
    endloop
  endfacet
  facet normal 0 0 1
    outer loop
      vertex 16.5223 64.8102 10
      vertex 14.7472 64.9834 10
      vertex 16.293 64.155 10
    endloop
  endfacet
  facet normal 0 0 1
    outer loop
      vertex 16.293 64.155 10
      vertex 14.7472 64.9834 10
      vertex 15.9237 63.5672 10
    endloop
  endfacet
  facet normal 0 0 1
    outer loop
      vertex 14.0166 66.7472 10
      vertex 15.4328 67.9237 10
      vertex 14.845 68.293 10
    endloop
  endfacet
  facet normal 0 0 1
    outer loop
      vertex 16.5223 66.1898 10
      vertex 14.7472 66.0166 10
      vertex 14.85 65.5 10
    endloop
  endfacet
  facet normal 0 0 1
    outer loop
      vertex 15.9237 67.4328 10
      vertex 14.4546 66.4546 10
      vertex 14.7472 66.0166 10
    endloop
  endfacet
  facet normal 0 0 1
    outer loop
      vertex 14.0166 66.7472 10
      vertex 14.845 68.293 10
      vertex 14.1898 68.5223 10
    endloop
  endfacet
  facet normal 0 0 1
    outer loop
      vertex 15.4328 67.9237 10
      vertex 14.0166 66.7472 10
      vertex 14.4546 66.4546 10
    endloop
  endfacet
  facet normal 0 0 1
    outer loop
      vertex 13.5 66.85 10
      vertex 14.1898 68.5223 10
      vertex 13.5 68.6 10
    endloop
  endfacet
  facet normal 0 0 1
    outer loop
      vertex 14.1898 68.5223 10
      vertex 13.5 66.85 10
      vertex 14.0166 66.7472 10
    endloop
  endfacet
  facet normal -0 0 1
    outer loop
      vertex 12.8102 68.5223 10
      vertex 13.5 66.85 10
      vertex 13.5 68.6 10
    endloop
  endfacet
  facet normal 0 0 1
    outer loop
      vertex 13.5 66.85 10
      vertex 12.8102 68.5223 10
      vertex 12.9834 66.7472 10
    endloop
  endfacet
  facet normal -0 0 1
    outer loop
      vertex 12.155 68.293 10
      vertex 12.9834 66.7472 10
      vertex 12.8102 68.5223 10
    endloop
  endfacet
  facet normal -0 0 1
    outer loop
      vertex 11.5672 67.9237 10
      vertex 12.9834 66.7472 10
      vertex 12.155 68.293 10
    endloop
  endfacet
  facet normal 0 0 1
    outer loop
      vertex 12.9834 66.7472 10
      vertex 11.5672 67.9237 10
      vertex 12.5454 66.4546 10
    endloop
  endfacet
  facet normal -0 0 1
    outer loop
      vertex 11.0763 67.4328 10
      vertex 12.5454 66.4546 10
      vertex 11.5672 67.9237 10
    endloop
  endfacet
  facet normal 0 0 1
    outer loop
      vertex 12.5454 66.4546 10
      vertex 11.0763 67.4328 10
      vertex 12.2528 66.0166 10
    endloop
  endfacet
  facet normal -0 0 1
    outer loop
      vertex 14.4546 64.5454 10
      vertex 15.9237 63.5672 10
      vertex 14.7472 64.9834 10
    endloop
  endfacet
  facet normal 0 0 1
    outer loop
      vertex 15.9237 63.5672 10
      vertex 14.4546 64.5454 10
      vertex 15.4328 63.0763 10
    endloop
  endfacet
  facet normal -0 0 1
    outer loop
      vertex 14.0166 64.2528 10
      vertex 15.4328 63.0763 10
      vertex 14.4546 64.5454 10
    endloop
  endfacet
  facet normal 0 0 1
    outer loop
      vertex 15.4328 63.0763 10
      vertex 14.0166 64.2528 10
      vertex 14.845 62.707 10
    endloop
  endfacet
  facet normal 0 0 1
    outer loop
      vertex 14.845 62.707 10
      vertex 14.0166 64.2528 10
      vertex 14.1898 62.4777 10
    endloop
  endfacet
  facet normal -0 0 1
    outer loop
      vertex 13.5 64.15 10
      vertex 14.1898 62.4777 10
      vertex 14.0166 64.2528 10
    endloop
  endfacet
  facet normal 0 0 1
    outer loop
      vertex 13.5 64.15 10
      vertex 13.5 62.4 10
      vertex 14.1898 62.4777 10
    endloop
  endfacet
  facet normal 0 0 1
    outer loop
      vertex 12.8102 62.4777 10
      vertex 13.5 64.15 10
      vertex 12.9834 64.2528 10
    endloop
  endfacet
  facet normal 0 0 1
    outer loop
      vertex 13.5 64.15 10
      vertex 12.8102 62.4777 10
      vertex 13.5 62.4 10
    endloop
  endfacet
  facet normal 0 0 1
    outer loop
      vertex 11.5672 63.0763 10
      vertex 12.9834 64.2528 10
      vertex 12.5454 64.5454 10
    endloop
  endfacet
  facet normal 0 0 1
    outer loop
      vertex 11.0763 63.5672 10
      vertex 12.5454 64.5454 10
      vertex 12.2528 64.9834 10
    endloop
  endfacet
  facet normal 0 0 1
    outer loop
      vertex 12.9834 64.2528 10
      vertex 12.155 62.707 10
      vertex 12.8102 62.4777 10
    endloop
  endfacet
  facet normal 0 0 1
    outer loop
      vertex 10.4777 64.8102 10
      vertex 12.2528 64.9834 10
      vertex 12.15 65.5 10
    endloop
  endfacet
  facet normal -0 0 1
    outer loop
      vertex 10.707 66.845 10
      vertex 12.2528 66.0166 10
      vertex 11.0763 67.4328 10
    endloop
  endfacet
  facet normal 0 0 1
    outer loop
      vertex 12.9834 64.2528 10
      vertex 11.5672 63.0763 10
      vertex 12.155 62.707 10
    endloop
  endfacet
  facet normal -0 0 1
    outer loop
      vertex 10.4777 66.1898 10
      vertex 12.2528 66.0166 10
      vertex 10.707 66.845 10
    endloop
  endfacet
  facet normal 0 0 1
    outer loop
      vertex 12.5454 64.5454 10
      vertex 11.0763 63.5672 10
      vertex 11.5672 63.0763 10
    endloop
  endfacet
  facet normal 0 0 1
    outer loop
      vertex 12.2528 66.0166 10
      vertex 10.4777 66.1898 10
      vertex 12.15 65.5 10
    endloop
  endfacet
  facet normal 0 0 1
    outer loop
      vertex 12.2528 64.9834 10
      vertex 10.707 64.155 10
      vertex 11.0763 63.5672 10
    endloop
  endfacet
  facet normal 0 0 1
    outer loop
      vertex 10.4 65.5 10
      vertex 12.15 65.5 10
      vertex 10.4777 66.1898 10
    endloop
  endfacet
  facet normal 0 0 1
    outer loop
      vertex 12.2528 64.9834 10
      vertex 10.4777 64.8102 10
      vertex 10.707 64.155 10
    endloop
  endfacet
  facet normal 0 0 1
    outer loop
      vertex 12.15 65.5 10
      vertex 10.4 65.5 10
      vertex 10.4777 64.8102 10
    endloop
  endfacet
  facet normal -0.943867 -0.330325 0
    outer loop
      vertex 10.707 64.155 4
      vertex 10.4777 64.8102 10
      vertex 10.4777 64.8102 4
    endloop
  endfacet
  facet normal -0.943867 -0.330325 0
    outer loop
      vertex 10.4777 64.8102 10
      vertex 10.707 64.155 4
      vertex 10.707 64.155 10
    endloop
  endfacet
  facet normal -0.111933 -0.993716 0
    outer loop
      vertex 12.8102 62.4777 4
      vertex 13.5 62.4 10
      vertex 12.8102 62.4777 10
    endloop
  endfacet
  facet normal -0.111933 -0.993716 -0
    outer loop
      vertex 13.5 62.4 10
      vertex 12.8102 62.4777 4
      vertex 13.5 62.4 4
    endloop
  endfacet
  facet normal -0.330325 -0.943867 0
    outer loop
      vertex 12.155 62.707 4
      vertex 12.8102 62.4777 10
      vertex 12.155 62.707 10
    endloop
  endfacet
  facet normal -0.330325 -0.943867 -0
    outer loop
      vertex 12.8102 62.4777 10
      vertex 12.155 62.707 4
      vertex 12.8102 62.4777 4
    endloop
  endfacet
  facet normal 0.195167 0.98077 -0
    outer loop
      vertex 13.5 64.15 4
      vertex 12.9834 64.2528 10
      vertex 13.5 64.15 10
    endloop
  endfacet
  facet normal 0.195167 0.98077 0
    outer loop
      vertex 12.9834 64.2528 10
      vertex 13.5 64.15 4
      vertex 12.9834 64.2528 4
    endloop
  endfacet
  facet normal -0.831524 -0.555489 0
    outer loop
      vertex 14.7472 66.0166 4
      vertex 14.4546 66.4546 10
      vertex 14.4546 66.4546 4
    endloop
  endfacet
  facet normal -0.831524 -0.555489 0
    outer loop
      vertex 14.4546 66.4546 10
      vertex 14.7472 66.0166 4
      vertex 14.7472 66.0166 10
    endloop
  endfacet
  facet normal -0.98077 -0.195167 0
    outer loop
      vertex 14.85 65.5 4
      vertex 14.7472 66.0166 10
      vertex 14.7472 66.0166 4
    endloop
  endfacet
  facet normal -0.98077 -0.195167 0
    outer loop
      vertex 14.7472 66.0166 10
      vertex 14.85 65.5 4
      vertex 14.85 65.5 10
    endloop
  endfacet
  facet normal -0.555489 -0.831524 0
    outer loop
      vertex 14.0166 66.7472 4
      vertex 14.4546 66.4546 10
      vertex 14.0166 66.7472 10
    endloop
  endfacet
  facet normal -0.555489 -0.831524 -0
    outer loop
      vertex 14.4546 66.4546 10
      vertex 14.0166 66.7472 4
      vertex 14.4546 66.4546 4
    endloop
  endfacet
  facet normal -0.831524 0.555489 0
    outer loop
      vertex 14.4546 64.5454 4
      vertex 14.7472 64.9834 10
      vertex 14.7472 64.9834 4
    endloop
  endfacet
  facet normal -0.831524 0.555489 0
    outer loop
      vertex 14.7472 64.9834 10
      vertex 14.4546 64.5454 4
      vertex 14.4546 64.5454 10
    endloop
  endfacet
  facet normal -0.555489 0.831524 0
    outer loop
      vertex 14.4546 64.5454 4
      vertex 14.0166 64.2528 10
      vertex 14.4546 64.5454 10
    endloop
  endfacet
  facet normal -0.555489 0.831524 0
    outer loop
      vertex 14.0166 64.2528 10
      vertex 14.4546 64.5454 4
      vertex 14.0166 64.2528 4
    endloop
  endfacet
  facet normal 0.98077 -0.195167 0
    outer loop
      vertex 12.15 65.5 10
      vertex 12.2528 66.0166 4
      vertex 12.2528 66.0166 10
    endloop
  endfacet
  facet normal 0.98077 -0.195167 0
    outer loop
      vertex 12.2528 66.0166 4
      vertex 12.15 65.5 10
      vertex 12.15 65.5 4
    endloop
  endfacet
  facet normal -0.195167 0.98077 0
    outer loop
      vertex 14.0166 64.2528 4
      vertex 13.5 64.15 10
      vertex 14.0166 64.2528 10
    endloop
  endfacet
  facet normal -0.195167 0.98077 0
    outer loop
      vertex 13.5 64.15 10
      vertex 14.0166 64.2528 4
      vertex 13.5 64.15 4
    endloop
  endfacet
  facet normal 0.555489 -0.831524 0
    outer loop
      vertex 12.5454 66.4546 4
      vertex 12.9834 66.7472 10
      vertex 12.5454 66.4546 10
    endloop
  endfacet
  facet normal 0.555489 -0.831524 0
    outer loop
      vertex 12.9834 66.7472 10
      vertex 12.5454 66.4546 4
      vertex 12.9834 66.7472 4
    endloop
  endfacet
  facet normal -0.98077 0.195167 0
    outer loop
      vertex 14.7472 64.9834 4
      vertex 14.85 65.5 10
      vertex 14.85 65.5 4
    endloop
  endfacet
  facet normal -0.98077 0.195167 0
    outer loop
      vertex 14.85 65.5 10
      vertex 14.7472 64.9834 4
      vertex 14.7472 64.9834 10
    endloop
  endfacet
  facet normal 0.98077 0.195167 0
    outer loop
      vertex 12.2528 64.9834 10
      vertex 12.15 65.5 4
      vertex 12.15 65.5 10
    endloop
  endfacet
  facet normal 0.98077 0.195167 0
    outer loop
      vertex 12.15 65.5 4
      vertex 12.2528 64.9834 10
      vertex 12.2528 64.9834 4
    endloop
  endfacet
  facet normal 0.195167 -0.98077 0
    outer loop
      vertex 12.9834 66.7472 4
      vertex 13.5 66.85 10
      vertex 12.9834 66.7472 10
    endloop
  endfacet
  facet normal 0.195167 -0.98077 0
    outer loop
      vertex 13.5 66.85 10
      vertex 12.9834 66.7472 4
      vertex 13.5 66.85 4
    endloop
  endfacet
  facet normal -0.195167 -0.98077 0
    outer loop
      vertex 13.5 66.85 4
      vertex 14.0166 66.7472 10
      vertex 13.5 66.85 10
    endloop
  endfacet
  facet normal -0.195167 -0.98077 -0
    outer loop
      vertex 14.0166 66.7472 10
      vertex 13.5 66.85 4
      vertex 14.0166 66.7472 4
    endloop
  endfacet
  facet normal 0.831524 -0.555489 0
    outer loop
      vertex 12.2528 66.0166 10
      vertex 12.5454 66.4546 4
      vertex 12.5454 66.4546 10
    endloop
  endfacet
  facet normal 0.831524 -0.555489 0
    outer loop
      vertex 12.5454 66.4546 4
      vertex 12.2528 66.0166 10
      vertex 12.2528 66.0166 4
    endloop
  endfacet
  facet normal 0.555489 0.831524 -0
    outer loop
      vertex 12.9834 64.2528 4
      vertex 12.5454 64.5454 10
      vertex 12.9834 64.2528 10
    endloop
  endfacet
  facet normal 0.555489 0.831524 0
    outer loop
      vertex 12.5454 64.5454 10
      vertex 12.9834 64.2528 4
      vertex 12.5454 64.5454 4
    endloop
  endfacet
  facet normal 0.831524 0.555489 0
    outer loop
      vertex 12.5454 64.5454 10
      vertex 12.2528 64.9834 4
      vertex 12.2528 64.9834 10
    endloop
  endfacet
  facet normal 0.831524 0.555489 0
    outer loop
      vertex 12.2528 64.9834 4
      vertex 12.5454 64.5454 10
      vertex 12.5454 64.5454 4
    endloop
  endfacet
  facet normal 0.330325 0.943867 -0
    outer loop
      vertex 72.845 68.293 4
      vertex 72.1898 68.5223 10
      vertex 72.845 68.293 10
    endloop
  endfacet
  facet normal 0.330325 0.943867 0
    outer loop
      vertex 72.1898 68.5223 10
      vertex 72.845 68.293 4
      vertex 72.1898 68.5223 4
    endloop
  endfacet
  facet normal 0.943867 0.330325 0
    outer loop
      vertex 74.5223 66.1898 10
      vertex 74.293 66.845 4
      vertex 74.293 66.845 10
    endloop
  endfacet
  facet normal 0.943867 0.330325 0
    outer loop
      vertex 74.293 66.845 4
      vertex 74.5223 66.1898 10
      vertex 74.5223 66.1898 4
    endloop
  endfacet
  facet normal 0.993716 0.111933 0
    outer loop
      vertex 74.6 65.5 10
      vertex 74.5223 66.1898 4
      vertex 74.5223 66.1898 10
    endloop
  endfacet
  facet normal 0.993716 0.111933 0
    outer loop
      vertex 74.5223 66.1898 4
      vertex 74.6 65.5 10
      vertex 74.6 65.5 4
    endloop
  endfacet
  facet normal 0.531992 0.84675 -0
    outer loop
      vertex 73.4328 67.9237 4
      vertex 72.845 68.293 10
      vertex 73.4328 67.9237 10
    endloop
  endfacet
  facet normal 0.531992 0.84675 0
    outer loop
      vertex 72.845 68.293 10
      vertex 73.4328 67.9237 4
      vertex 72.845 68.293 4
    endloop
  endfacet
  facet normal -0.993716 -0.111933 0
    outer loop
      vertex 68.4777 64.8102 4
      vertex 68.4 65.5 10
      vertex 68.4 65.5 4
    endloop
  endfacet
  facet normal -0.993716 -0.111933 0
    outer loop
      vertex 68.4 65.5 10
      vertex 68.4777 64.8102 4
      vertex 68.4777 64.8102 10
    endloop
  endfacet
  facet normal -0.707107 0.707107 0
    outer loop
      vertex 69.0763 67.4328 4
      vertex 69.5672 67.9237 10
      vertex 69.5672 67.9237 4
    endloop
  endfacet
  facet normal -0.707107 0.707107 0
    outer loop
      vertex 69.5672 67.9237 10
      vertex 69.0763 67.4328 4
      vertex 69.0763 67.4328 10
    endloop
  endfacet
  facet normal -0.943867 0.330325 0
    outer loop
      vertex 68.4777 66.1898 4
      vertex 68.707 66.845 10
      vertex 68.707 66.845 4
    endloop
  endfacet
  facet normal -0.943867 0.330325 0
    outer loop
      vertex 68.707 66.845 10
      vertex 68.4777 66.1898 4
      vertex 68.4777 66.1898 10
    endloop
  endfacet
  facet normal -0.330325 0.943867 0
    outer loop
      vertex 70.8102 68.5223 4
      vertex 70.155 68.293 10
      vertex 70.8102 68.5223 10
    endloop
  endfacet
  facet normal -0.330325 0.943867 0
    outer loop
      vertex 70.155 68.293 10
      vertex 70.8102 68.5223 4
      vertex 70.155 68.293 4
    endloop
  endfacet
  facet normal -0.531992 0.84675 0
    outer loop
      vertex 70.155 68.293 4
      vertex 69.5672 67.9237 10
      vertex 70.155 68.293 10
    endloop
  endfacet
  facet normal -0.531992 0.84675 0
    outer loop
      vertex 69.5672 67.9237 10
      vertex 70.155 68.293 4
      vertex 69.5672 67.9237 4
    endloop
  endfacet
  facet normal -0.84675 0.531992 0
    outer loop
      vertex 68.707 66.845 4
      vertex 69.0763 67.4328 10
      vertex 69.0763 67.4328 4
    endloop
  endfacet
  facet normal -0.84675 0.531992 0
    outer loop
      vertex 69.0763 67.4328 10
      vertex 68.707 66.845 4
      vertex 68.707 66.845 10
    endloop
  endfacet
  facet normal -0.707107 -0.707107 0
    outer loop
      vertex 69.5672 63.0763 4
      vertex 69.0763 63.5672 10
      vertex 69.0763 63.5672 4
    endloop
  endfacet
  facet normal -0.707107 -0.707107 0
    outer loop
      vertex 69.0763 63.5672 10
      vertex 69.5672 63.0763 4
      vertex 69.5672 63.0763 10
    endloop
  endfacet
  facet normal 0.84675 -0.531992 0
    outer loop
      vertex 73.9237 63.5672 10
      vertex 74.293 64.155 4
      vertex 74.293 64.155 10
    endloop
  endfacet
  facet normal 0.84675 -0.531992 0
    outer loop
      vertex 74.293 64.155 4
      vertex 73.9237 63.5672 10
      vertex 73.9237 63.5672 4
    endloop
  endfacet
  facet normal 0.111933 -0.993716 0
    outer loop
      vertex 71.5 62.4 4
      vertex 72.1898 62.4777 10
      vertex 71.5 62.4 10
    endloop
  endfacet
  facet normal 0.111933 -0.993716 0
    outer loop
      vertex 72.1898 62.4777 10
      vertex 71.5 62.4 4
      vertex 72.1898 62.4777 4
    endloop
  endfacet
  facet normal 0.330325 -0.943867 0
    outer loop
      vertex 72.1898 62.4777 4
      vertex 72.845 62.707 10
      vertex 72.1898 62.4777 10
    endloop
  endfacet
  facet normal 0.330325 -0.943867 0
    outer loop
      vertex 72.845 62.707 10
      vertex 72.1898 62.4777 4
      vertex 72.845 62.707 4
    endloop
  endfacet
  facet normal 0.111933 0.993716 -0
    outer loop
      vertex 72.1898 68.5223 4
      vertex 71.5 68.6 10
      vertex 72.1898 68.5223 10
    endloop
  endfacet
  facet normal 0.111933 0.993716 0
    outer loop
      vertex 71.5 68.6 10
      vertex 72.1898 68.5223 4
      vertex 71.5 68.6 4
    endloop
  endfacet
  facet normal 0.707107 -0.707107 0
    outer loop
      vertex 73.4328 63.0763 10
      vertex 73.9237 63.5672 4
      vertex 73.9237 63.5672 10
    endloop
  endfacet
  facet normal 0.707107 -0.707107 0
    outer loop
      vertex 73.9237 63.5672 4
      vertex 73.4328 63.0763 10
      vertex 73.4328 63.0763 4
    endloop
  endfacet
  facet normal 0.707107 0.707107 0
    outer loop
      vertex 73.9237 67.4328 10
      vertex 73.4328 67.9237 4
      vertex 73.4328 67.9237 10
    endloop
  endfacet
  facet normal 0.707107 0.707107 0
    outer loop
      vertex 73.4328 67.9237 4
      vertex 73.9237 67.4328 10
      vertex 73.9237 67.4328 4
    endloop
  endfacet
  facet normal -0.84675 -0.531992 0
    outer loop
      vertex 69.0763 63.5672 4
      vertex 68.707 64.155 10
      vertex 68.707 64.155 4
    endloop
  endfacet
  facet normal -0.84675 -0.531992 0
    outer loop
      vertex 68.707 64.155 10
      vertex 69.0763 63.5672 4
      vertex 69.0763 63.5672 10
    endloop
  endfacet
  facet normal 0.531992 -0.84675 0
    outer loop
      vertex 72.845 62.707 4
      vertex 73.4328 63.0763 10
      vertex 72.845 62.707 10
    endloop
  endfacet
  facet normal 0.531992 -0.84675 0
    outer loop
      vertex 73.4328 63.0763 10
      vertex 72.845 62.707 4
      vertex 73.4328 63.0763 4
    endloop
  endfacet
  facet normal -0.993716 0.111933 0
    outer loop
      vertex 68.4 65.5 4
      vertex 68.4777 66.1898 10
      vertex 68.4777 66.1898 4
    endloop
  endfacet
  facet normal -0.993716 0.111933 0
    outer loop
      vertex 68.4777 66.1898 10
      vertex 68.4 65.5 4
      vertex 68.4 65.5 10
    endloop
  endfacet
  facet normal -0.111933 0.993716 0
    outer loop
      vertex 71.5 68.6 4
      vertex 70.8102 68.5223 10
      vertex 71.5 68.6 10
    endloop
  endfacet
  facet normal -0.111933 0.993716 0
    outer loop
      vertex 70.8102 68.5223 10
      vertex 71.5 68.6 4
      vertex 70.8102 68.5223 4
    endloop
  endfacet
  facet normal 0.943867 -0.330325 0
    outer loop
      vertex 74.293 64.155 10
      vertex 74.5223 64.8102 4
      vertex 74.5223 64.8102 10
    endloop
  endfacet
  facet normal 0.943867 -0.330325 0
    outer loop
      vertex 74.5223 64.8102 4
      vertex 74.293 64.155 10
      vertex 74.293 64.155 4
    endloop
  endfacet
  facet normal 0.84675 0.531992 0
    outer loop
      vertex 74.293 66.845 10
      vertex 73.9237 67.4328 4
      vertex 73.9237 67.4328 10
    endloop
  endfacet
  facet normal 0.84675 0.531992 0
    outer loop
      vertex 73.9237 67.4328 4
      vertex 74.293 66.845 10
      vertex 74.293 66.845 4
    endloop
  endfacet
  facet normal -0.531992 -0.84675 0
    outer loop
      vertex 69.5672 63.0763 4
      vertex 70.155 62.707 10
      vertex 69.5672 63.0763 10
    endloop
  endfacet
  facet normal -0.531992 -0.84675 -0
    outer loop
      vertex 70.155 62.707 10
      vertex 69.5672 63.0763 4
      vertex 70.155 62.707 4
    endloop
  endfacet
  facet normal 0.993716 -0.111933 0
    outer loop
      vertex 74.5223 64.8102 10
      vertex 74.6 65.5 4
      vertex 74.6 65.5 10
    endloop
  endfacet
  facet normal 0.993716 -0.111933 0
    outer loop
      vertex 74.6 65.5 4
      vertex 74.5223 64.8102 10
      vertex 74.5223 64.8102 4
    endloop
  endfacet
  facet normal 0 0 1
    outer loop
      vertex 72.85 65.5 10
      vertex 74.6 65.5 10
      vertex 74.5223 66.1898 10
    endloop
  endfacet
  facet normal 0 0 1
    outer loop
      vertex 72.7472 66.0166 10
      vertex 74.5223 66.1898 10
      vertex 74.293 66.845 10
    endloop
  endfacet
  facet normal 0 0 1
    outer loop
      vertex 74.6 65.5 10
      vertex 72.85 65.5 10
      vertex 74.5223 64.8102 10
    endloop
  endfacet
  facet normal 0 0 1
    outer loop
      vertex 72.7472 66.0166 10
      vertex 74.293 66.845 10
      vertex 73.9237 67.4328 10
    endloop
  endfacet
  facet normal -0 0 1
    outer loop
      vertex 72.7472 64.9834 10
      vertex 74.5223 64.8102 10
      vertex 72.85 65.5 10
    endloop
  endfacet
  facet normal 0 0 1
    outer loop
      vertex 72.4546 66.4546 10
      vertex 73.9237 67.4328 10
      vertex 73.4328 67.9237 10
    endloop
  endfacet
  facet normal 0 0 1
    outer loop
      vertex 74.5223 64.8102 10
      vertex 72.7472 64.9834 10
      vertex 74.293 64.155 10
    endloop
  endfacet
  facet normal 0 0 1
    outer loop
      vertex 74.293 64.155 10
      vertex 72.7472 64.9834 10
      vertex 73.9237 63.5672 10
    endloop
  endfacet
  facet normal 0 0 1
    outer loop
      vertex 72.0166 66.7472 10
      vertex 73.4328 67.9237 10
      vertex 72.845 68.293 10
    endloop
  endfacet
  facet normal 0 0 1
    outer loop
      vertex 74.5223 66.1898 10
      vertex 72.7472 66.0166 10
      vertex 72.85 65.5 10
    endloop
  endfacet
  facet normal 0 0 1
    outer loop
      vertex 73.9237 67.4328 10
      vertex 72.4546 66.4546 10
      vertex 72.7472 66.0166 10
    endloop
  endfacet
  facet normal 0 0 1
    outer loop
      vertex 72.0166 66.7472 10
      vertex 72.845 68.293 10
      vertex 72.1898 68.5223 10
    endloop
  endfacet
  facet normal 0 0 1
    outer loop
      vertex 73.4328 67.9237 10
      vertex 72.0166 66.7472 10
      vertex 72.4546 66.4546 10
    endloop
  endfacet
  facet normal 0 0 1
    outer loop
      vertex 71.5 66.85 10
      vertex 72.1898 68.5223 10
      vertex 71.5 68.6 10
    endloop
  endfacet
  facet normal 0 0 1
    outer loop
      vertex 72.1898 68.5223 10
      vertex 71.5 66.85 10
      vertex 72.0166 66.7472 10
    endloop
  endfacet
  facet normal -0 0 1
    outer loop
      vertex 70.8102 68.5223 10
      vertex 71.5 66.85 10
      vertex 71.5 68.6 10
    endloop
  endfacet
  facet normal 0 0 1
    outer loop
      vertex 71.5 66.85 10
      vertex 70.8102 68.5223 10
      vertex 70.9834 66.7472 10
    endloop
  endfacet
  facet normal -0 0 1
    outer loop
      vertex 70.155 68.293 10
      vertex 70.9834 66.7472 10
      vertex 70.8102 68.5223 10
    endloop
  endfacet
  facet normal -0 0 1
    outer loop
      vertex 69.5672 67.9237 10
      vertex 70.9834 66.7472 10
      vertex 70.155 68.293 10
    endloop
  endfacet
  facet normal 0 0 1
    outer loop
      vertex 70.9834 66.7472 10
      vertex 69.5672 67.9237 10
      vertex 70.5454 66.4546 10
    endloop
  endfacet
  facet normal -0 0 1
    outer loop
      vertex 69.0763 67.4328 10
      vertex 70.5454 66.4546 10
      vertex 69.5672 67.9237 10
    endloop
  endfacet
  facet normal 0 0 1
    outer loop
      vertex 70.5454 66.4546 10
      vertex 69.0763 67.4328 10
      vertex 70.2528 66.0166 10
    endloop
  endfacet
  facet normal -0 0 1
    outer loop
      vertex 72.4546 64.5454 10
      vertex 73.9237 63.5672 10
      vertex 72.7472 64.9834 10
    endloop
  endfacet
  facet normal 0 0 1
    outer loop
      vertex 73.9237 63.5672 10
      vertex 72.4546 64.5454 10
      vertex 73.4328 63.0763 10
    endloop
  endfacet
  facet normal -0 0 1
    outer loop
      vertex 72.0166 64.2528 10
      vertex 73.4328 63.0763 10
      vertex 72.4546 64.5454 10
    endloop
  endfacet
  facet normal 0 0 1
    outer loop
      vertex 73.4328 63.0763 10
      vertex 72.0166 64.2528 10
      vertex 72.845 62.707 10
    endloop
  endfacet
  facet normal 0 0 1
    outer loop
      vertex 72.845 62.707 10
      vertex 72.0166 64.2528 10
      vertex 72.1898 62.4777 10
    endloop
  endfacet
  facet normal -0 0 1
    outer loop
      vertex 71.5 64.15 10
      vertex 72.1898 62.4777 10
      vertex 72.0166 64.2528 10
    endloop
  endfacet
  facet normal 0 0 1
    outer loop
      vertex 71.5 64.15 10
      vertex 71.5 62.4 10
      vertex 72.1898 62.4777 10
    endloop
  endfacet
  facet normal 0 0 1
    outer loop
      vertex 70.8102 62.4777 10
      vertex 71.5 64.15 10
      vertex 70.9834 64.2528 10
    endloop
  endfacet
  facet normal 0 0 1
    outer loop
      vertex 71.5 64.15 10
      vertex 70.8102 62.4777 10
      vertex 71.5 62.4 10
    endloop
  endfacet
  facet normal 0 0 1
    outer loop
      vertex 69.5672 63.0763 10
      vertex 70.9834 64.2528 10
      vertex 70.5454 64.5454 10
    endloop
  endfacet
  facet normal 0 0 1
    outer loop
      vertex 69.0763 63.5672 10
      vertex 70.5454 64.5454 10
      vertex 70.2528 64.9834 10
    endloop
  endfacet
  facet normal 0 0 1
    outer loop
      vertex 70.9834 64.2528 10
      vertex 70.155 62.707 10
      vertex 70.8102 62.4777 10
    endloop
  endfacet
  facet normal 0 0 1
    outer loop
      vertex 68.4777 64.8102 10
      vertex 70.2528 64.9834 10
      vertex 70.15 65.5 10
    endloop
  endfacet
  facet normal -0 0 1
    outer loop
      vertex 68.707 66.845 10
      vertex 70.2528 66.0166 10
      vertex 69.0763 67.4328 10
    endloop
  endfacet
  facet normal 0 0 1
    outer loop
      vertex 70.9834 64.2528 10
      vertex 69.5672 63.0763 10
      vertex 70.155 62.707 10
    endloop
  endfacet
  facet normal -0 0 1
    outer loop
      vertex 68.4777 66.1898 10
      vertex 70.2528 66.0166 10
      vertex 68.707 66.845 10
    endloop
  endfacet
  facet normal 0 0 1
    outer loop
      vertex 70.5454 64.5454 10
      vertex 69.0763 63.5672 10
      vertex 69.5672 63.0763 10
    endloop
  endfacet
  facet normal 0 0 1
    outer loop
      vertex 70.2528 66.0166 10
      vertex 68.4777 66.1898 10
      vertex 70.15 65.5 10
    endloop
  endfacet
  facet normal 0 0 1
    outer loop
      vertex 70.2528 64.9834 10
      vertex 68.707 64.155 10
      vertex 69.0763 63.5672 10
    endloop
  endfacet
  facet normal 0 0 1
    outer loop
      vertex 68.4 65.5 10
      vertex 70.15 65.5 10
      vertex 68.4777 66.1898 10
    endloop
  endfacet
  facet normal 0 0 1
    outer loop
      vertex 70.2528 64.9834 10
      vertex 68.4777 64.8102 10
      vertex 68.707 64.155 10
    endloop
  endfacet
  facet normal 0 0 1
    outer loop
      vertex 70.15 65.5 10
      vertex 68.4 65.5 10
      vertex 68.4777 64.8102 10
    endloop
  endfacet
  facet normal -0.943867 -0.330325 0
    outer loop
      vertex 68.707 64.155 4
      vertex 68.4777 64.8102 10
      vertex 68.4777 64.8102 4
    endloop
  endfacet
  facet normal -0.943867 -0.330325 0
    outer loop
      vertex 68.4777 64.8102 10
      vertex 68.707 64.155 4
      vertex 68.707 64.155 10
    endloop
  endfacet
  facet normal -0.111933 -0.993716 0
    outer loop
      vertex 70.8102 62.4777 4
      vertex 71.5 62.4 10
      vertex 70.8102 62.4777 10
    endloop
  endfacet
  facet normal -0.111933 -0.993716 -0
    outer loop
      vertex 71.5 62.4 10
      vertex 70.8102 62.4777 4
      vertex 71.5 62.4 4
    endloop
  endfacet
  facet normal -0.330325 -0.943867 0
    outer loop
      vertex 70.155 62.707 4
      vertex 70.8102 62.4777 10
      vertex 70.155 62.707 10
    endloop
  endfacet
  facet normal -0.330325 -0.943867 -0
    outer loop
      vertex 70.8102 62.4777 10
      vertex 70.155 62.707 4
      vertex 70.8102 62.4777 4
    endloop
  endfacet
  facet normal 0.195167 0.98077 -0
    outer loop
      vertex 71.5 64.15 4
      vertex 70.9834 64.2528 10
      vertex 71.5 64.15 10
    endloop
  endfacet
  facet normal 0.195167 0.98077 0
    outer loop
      vertex 70.9834 64.2528 10
      vertex 71.5 64.15 4
      vertex 70.9834 64.2528 4
    endloop
  endfacet
  facet normal -0.831524 -0.555489 0
    outer loop
      vertex 72.7472 66.0166 4
      vertex 72.4546 66.4546 10
      vertex 72.4546 66.4546 4
    endloop
  endfacet
  facet normal -0.831524 -0.555489 0
    outer loop
      vertex 72.4546 66.4546 10
      vertex 72.7472 66.0166 4
      vertex 72.7472 66.0166 10
    endloop
  endfacet
  facet normal -0.98077 -0.195167 0
    outer loop
      vertex 72.85 65.5 4
      vertex 72.7472 66.0166 10
      vertex 72.7472 66.0166 4
    endloop
  endfacet
  facet normal -0.98077 -0.195167 0
    outer loop
      vertex 72.7472 66.0166 10
      vertex 72.85 65.5 4
      vertex 72.85 65.5 10
    endloop
  endfacet
  facet normal -0.555489 -0.831524 0
    outer loop
      vertex 72.0166 66.7472 4
      vertex 72.4546 66.4546 10
      vertex 72.0166 66.7472 10
    endloop
  endfacet
  facet normal -0.555489 -0.831524 -0
    outer loop
      vertex 72.4546 66.4546 10
      vertex 72.0166 66.7472 4
      vertex 72.4546 66.4546 4
    endloop
  endfacet
  facet normal -0.831524 0.555489 0
    outer loop
      vertex 72.4546 64.5454 4
      vertex 72.7472 64.9834 10
      vertex 72.7472 64.9834 4
    endloop
  endfacet
  facet normal -0.831524 0.555489 0
    outer loop
      vertex 72.7472 64.9834 10
      vertex 72.4546 64.5454 4
      vertex 72.4546 64.5454 10
    endloop
  endfacet
  facet normal -0.555489 0.831524 0
    outer loop
      vertex 72.4546 64.5454 4
      vertex 72.0166 64.2528 10
      vertex 72.4546 64.5454 10
    endloop
  endfacet
  facet normal -0.555489 0.831524 0
    outer loop
      vertex 72.0166 64.2528 10
      vertex 72.4546 64.5454 4
      vertex 72.0166 64.2528 4
    endloop
  endfacet
  facet normal 0.98077 -0.195167 0
    outer loop
      vertex 70.15 65.5 10
      vertex 70.2528 66.0166 4
      vertex 70.2528 66.0166 10
    endloop
  endfacet
  facet normal 0.98077 -0.195167 0
    outer loop
      vertex 70.2528 66.0166 4
      vertex 70.15 65.5 10
      vertex 70.15 65.5 4
    endloop
  endfacet
  facet normal -0.195167 0.98077 0
    outer loop
      vertex 72.0166 64.2528 4
      vertex 71.5 64.15 10
      vertex 72.0166 64.2528 10
    endloop
  endfacet
  facet normal -0.195167 0.98077 0
    outer loop
      vertex 71.5 64.15 10
      vertex 72.0166 64.2528 4
      vertex 71.5 64.15 4
    endloop
  endfacet
  facet normal 0.555489 -0.831524 0
    outer loop
      vertex 70.5454 66.4546 4
      vertex 70.9834 66.7472 10
      vertex 70.5454 66.4546 10
    endloop
  endfacet
  facet normal 0.555489 -0.831524 0
    outer loop
      vertex 70.9834 66.7472 10
      vertex 70.5454 66.4546 4
      vertex 70.9834 66.7472 4
    endloop
  endfacet
  facet normal -0.98077 0.195167 0
    outer loop
      vertex 72.7472 64.9834 4
      vertex 72.85 65.5 10
      vertex 72.85 65.5 4
    endloop
  endfacet
  facet normal -0.98077 0.195167 0
    outer loop
      vertex 72.85 65.5 10
      vertex 72.7472 64.9834 4
      vertex 72.7472 64.9834 10
    endloop
  endfacet
  facet normal 0.98077 0.195167 0
    outer loop
      vertex 70.2528 64.9834 10
      vertex 70.15 65.5 4
      vertex 70.15 65.5 10
    endloop
  endfacet
  facet normal 0.98077 0.195167 0
    outer loop
      vertex 70.15 65.5 4
      vertex 70.2528 64.9834 10
      vertex 70.2528 64.9834 4
    endloop
  endfacet
  facet normal 0.195167 -0.98077 0
    outer loop
      vertex 70.9834 66.7472 4
      vertex 71.5 66.85 10
      vertex 70.9834 66.7472 10
    endloop
  endfacet
  facet normal 0.195167 -0.98077 0
    outer loop
      vertex 71.5 66.85 10
      vertex 70.9834 66.7472 4
      vertex 71.5 66.85 4
    endloop
  endfacet
  facet normal -0.195167 -0.98077 0
    outer loop
      vertex 71.5 66.85 4
      vertex 72.0166 66.7472 10
      vertex 71.5 66.85 10
    endloop
  endfacet
  facet normal -0.195167 -0.98077 -0
    outer loop
      vertex 72.0166 66.7472 10
      vertex 71.5 66.85 4
      vertex 72.0166 66.7472 4
    endloop
  endfacet
  facet normal 0.831524 -0.555489 0
    outer loop
      vertex 70.2528 66.0166 10
      vertex 70.5454 66.4546 4
      vertex 70.5454 66.4546 10
    endloop
  endfacet
  facet normal 0.831524 -0.555489 0
    outer loop
      vertex 70.5454 66.4546 4
      vertex 70.2528 66.0166 10
      vertex 70.2528 66.0166 4
    endloop
  endfacet
  facet normal 0.555489 0.831524 -0
    outer loop
      vertex 70.9834 64.2528 4
      vertex 70.5454 64.5454 10
      vertex 70.9834 64.2528 10
    endloop
  endfacet
  facet normal 0.555489 0.831524 0
    outer loop
      vertex 70.5454 64.5454 10
      vertex 70.9834 64.2528 4
      vertex 70.5454 64.5454 4
    endloop
  endfacet
  facet normal 0.831524 0.555489 0
    outer loop
      vertex 70.5454 64.5454 10
      vertex 70.2528 64.9834 4
      vertex 70.2528 64.9834 10
    endloop
  endfacet
  facet normal 0.831524 0.555489 0
    outer loop
      vertex 70.2528 64.9834 4
      vertex 70.5454 64.5454 10
      vertex 70.5454 64.5454 4
    endloop
  endfacet
  facet normal 1 -0 0
    outer loop
      vertex 11.5 4.5 120
      vertex 11.5 11.5 112
      vertex 11.5 11.5 120
    endloop
  endfacet
  facet normal 1 0 0
    outer loop
      vertex 11.5 11.5 112
      vertex 11.5 4.5 120
      vertex 11.5 4.5 112
    endloop
  endfacet
  facet normal 0 0 1
    outer loop
      vertex 11.5 11.5 120
      vertex 9.6 8 120
      vertex 11.5 4.5 120
    endloop
  endfacet
  facet normal 0 0 1
    outer loop
      vertex 11.5 11.5 120
      vertex 9.47821 8.61229 120
      vertex 9.6 8 120
    endloop
  endfacet
  facet normal 0 0 1
    outer loop
      vertex 11.5 11.5 120
      vertex 9.13137 9.13137 120
      vertex 9.47821 8.61229 120
    endloop
  endfacet
  facet normal 0 0 1
    outer loop
      vertex 11.5 11.5 120
      vertex 8.61229 9.47821 120
      vertex 9.13137 9.13137 120
    endloop
  endfacet
  facet normal 0 0 1
    outer loop
      vertex 11.5 11.5 120
      vertex 8 9.6 120
      vertex 8.61229 9.47821 120
    endloop
  endfacet
  facet normal -0 0 1
    outer loop
      vertex 4.5 11.5 120
      vertex 8 9.6 120
      vertex 11.5 11.5 120
    endloop
  endfacet
  facet normal 0 0 1
    outer loop
      vertex 6.52179 8.61229 120
      vertex 4.5 11.5 120
      vertex 6.4 8 120
    endloop
  endfacet
  facet normal 0 0 1
    outer loop
      vertex 6.86863 9.13137 120
      vertex 4.5 11.5 120
      vertex 6.52179 8.61229 120
    endloop
  endfacet
  facet normal 0 0 1
    outer loop
      vertex 7.38771 9.47821 120
      vertex 4.5 11.5 120
      vertex 6.86863 9.13137 120
    endloop
  endfacet
  facet normal 0 0 1
    outer loop
      vertex 8 9.6 120
      vertex 4.5 11.5 120
      vertex 7.38771 9.47821 120
    endloop
  endfacet
  facet normal -0 0 1
    outer loop
      vertex 9.47821 7.38771 120
      vertex 11.5 4.5 120
      vertex 9.6 8 120
    endloop
  endfacet
  facet normal -0 0 1
    outer loop
      vertex 9.13137 6.86863 120
      vertex 11.5 4.5 120
      vertex 9.47821 7.38771 120
    endloop
  endfacet
  facet normal -0 0 1
    outer loop
      vertex 8.61229 6.52179 120
      vertex 11.5 4.5 120
      vertex 9.13137 6.86863 120
    endloop
  endfacet
  facet normal -0 0 1
    outer loop
      vertex 8 6.4 120
      vertex 11.5 4.5 120
      vertex 8.61229 6.52179 120
    endloop
  endfacet
  facet normal 0 0 1
    outer loop
      vertex 4.5 4.5 120
      vertex 8 6.4 120
      vertex 7.38771 6.52179 120
    endloop
  endfacet
  facet normal 0 0 1
    outer loop
      vertex 4.5 4.5 120
      vertex 6.4 8 120
      vertex 4.5 11.5 120
    endloop
  endfacet
  facet normal 0 0 1
    outer loop
      vertex 8 6.4 120
      vertex 4.5 4.5 120
      vertex 11.5 4.5 120
    endloop
  endfacet
  facet normal 0 0 1
    outer loop
      vertex 6.86863 6.86863 120
      vertex 4.5 4.5 120
      vertex 7.38771 6.52179 120
    endloop
  endfacet
  facet normal 0 0 1
    outer loop
      vertex 6.52179 7.38771 120
      vertex 4.5 4.5 120
      vertex 6.86863 6.86863 120
    endloop
  endfacet
  facet normal 0 0 1
    outer loop
      vertex 6.4 8 120
      vertex 4.5 4.5 120
      vertex 6.52179 7.38771 120
    endloop
  endfacet
  facet normal 0 0 -1
    outer loop
      vertex 4.5 4.5 112
      vertex 11.5 11.5 112
      vertex 11.5 4.5 112
    endloop
  endfacet
  facet normal -0 0 -1
    outer loop
      vertex 11.5 11.5 112
      vertex 4.5 4.5 112
      vertex 4.5 11.5 112
    endloop
  endfacet
  facet normal -1 0 0
    outer loop
      vertex 4.5 4.5 112
      vertex 4.5 11.5 120
      vertex 4.5 11.5 112
    endloop
  endfacet
  facet normal -1 -0 0
    outer loop
      vertex 4.5 11.5 120
      vertex 4.5 4.5 112
      vertex 4.5 4.5 120
    endloop
  endfacet
  facet normal 0 1 -0
    outer loop
      vertex 11.5 11.5 112
      vertex 4.5 11.5 120
      vertex 11.5 11.5 120
    endloop
  endfacet
  facet normal 0 1 0
    outer loop
      vertex 4.5 11.5 120
      vertex 11.5 11.5 112
      vertex 4.5 11.5 112
    endloop
  endfacet
  facet normal 0 -1 0
    outer loop
      vertex 4.5 4.5 112
      vertex 11.5 4.5 120
      vertex 4.5 4.5 120
    endloop
  endfacet
  facet normal 0 -1 -0
    outer loop
      vertex 11.5 4.5 120
      vertex 4.5 4.5 112
      vertex 11.5 4.5 112
    endloop
  endfacet
  facet normal -0.831468 -0.555572 0
    outer loop
      vertex 9.47821 8.61229 115.9
      vertex 9.13137 9.13137 120
      vertex 9.13137 9.13137 115.9
    endloop
  endfacet
  facet normal -0.831468 -0.555572 0
    outer loop
      vertex 9.13137 9.13137 120
      vertex 9.47821 8.61229 115.9
      vertex 9.47821 8.61229 120
    endloop
  endfacet
  facet normal -0.980786 -0.195087 0
    outer loop
      vertex 9.6 8 115.9
      vertex 9.47821 8.61229 120
      vertex 9.47821 8.61229 115.9
    endloop
  endfacet
  facet normal -0.980786 -0.195087 0
    outer loop
      vertex 9.47821 8.61229 120
      vertex 9.6 8 115.9
      vertex 9.6 8 120
    endloop
  endfacet
  facet normal -0.555572 -0.831468 0
    outer loop
      vertex 8.61229 9.47821 115.9
      vertex 9.13137 9.13137 120
      vertex 8.61229 9.47821 120
    endloop
  endfacet
  facet normal -0.555572 -0.831468 -0
    outer loop
      vertex 9.13137 9.13137 120
      vertex 8.61229 9.47821 115.9
      vertex 9.13137 9.13137 115.9
    endloop
  endfacet
  facet normal -0.831468 0.555572 0
    outer loop
      vertex 9.13137 6.86863 115.9
      vertex 9.47821 7.38771 120
      vertex 9.47821 7.38771 115.9
    endloop
  endfacet
  facet normal -0.831468 0.555572 0
    outer loop
      vertex 9.47821 7.38771 120
      vertex 9.13137 6.86863 115.9
      vertex 9.13137 6.86863 120
    endloop
  endfacet
  facet normal 0.195087 -0.980786 0
    outer loop
      vertex 7.38771 9.47821 115.9
      vertex 8 9.6 120
      vertex 7.38771 9.47821 120
    endloop
  endfacet
  facet normal 0.195087 -0.980786 0
    outer loop
      vertex 8 9.6 120
      vertex 7.38771 9.47821 115.9
      vertex 8 9.6 115.9
    endloop
  endfacet
  facet normal 0.831468 -0.555572 0
    outer loop
      vertex 6.52179 8.61229 120
      vertex 6.86863 9.13137 115.9
      vertex 6.86863 9.13137 120
    endloop
  endfacet
  facet normal 0.831468 -0.555572 0
    outer loop
      vertex 6.86863 9.13137 115.9
      vertex 6.52179 8.61229 120
      vertex 6.52179 8.61229 115.9
    endloop
  endfacet
  facet normal 0.980786 -0.195087 0
    outer loop
      vertex 6.4 8 120
      vertex 6.52179 8.61229 115.9
      vertex 6.52179 8.61229 120
    endloop
  endfacet
  facet normal 0.980786 -0.195087 0
    outer loop
      vertex 6.52179 8.61229 115.9
      vertex 6.4 8 120
      vertex 6.4 8 115.9
    endloop
  endfacet
  facet normal -0.195087 0.980786 0
    outer loop
      vertex 8.61229 6.52179 115.9
      vertex 8 6.4 120
      vertex 8.61229 6.52179 120
    endloop
  endfacet
  facet normal -0.195087 0.980786 0
    outer loop
      vertex 8 6.4 120
      vertex 8.61229 6.52179 115.9
      vertex 8 6.4 115.9
    endloop
  endfacet
  facet normal 0.195087 0.980786 -0
    outer loop
      vertex 8 6.4 115.9
      vertex 7.38771 6.52179 120
      vertex 8 6.4 120
    endloop
  endfacet
  facet normal 0.195087 0.980786 0
    outer loop
      vertex 7.38771 6.52179 120
      vertex 8 6.4 115.9
      vertex 7.38771 6.52179 115.9
    endloop
  endfacet
  facet normal 0.980786 0.195087 0
    outer loop
      vertex 6.52179 7.38771 120
      vertex 6.4 8 115.9
      vertex 6.4 8 120
    endloop
  endfacet
  facet normal 0.980786 0.195087 0
    outer loop
      vertex 6.4 8 115.9
      vertex 6.52179 7.38771 120
      vertex 6.52179 7.38771 115.9
    endloop
  endfacet
  facet normal -0.195087 -0.980786 0
    outer loop
      vertex 8 9.6 115.9
      vertex 8.61229 9.47821 120
      vertex 8 9.6 120
    endloop
  endfacet
  facet normal -0.195087 -0.980786 -0
    outer loop
      vertex 8.61229 9.47821 120
      vertex 8 9.6 115.9
      vertex 8.61229 9.47821 115.9
    endloop
  endfacet
  facet normal -0.980786 0.195087 0
    outer loop
      vertex 9.47821 7.38771 115.9
      vertex 9.6 8 120
      vertex 9.6 8 115.9
    endloop
  endfacet
  facet normal -0.980786 0.195087 0
    outer loop
      vertex 9.6 8 120
      vertex 9.47821 7.38771 115.9
      vertex 9.47821 7.38771 120
    endloop
  endfacet
  facet normal -0.555572 0.831468 0
    outer loop
      vertex 9.13137 6.86863 115.9
      vertex 8.61229 6.52179 120
      vertex 9.13137 6.86863 120
    endloop
  endfacet
  facet normal -0.555572 0.831468 0
    outer loop
      vertex 8.61229 6.52179 120
      vertex 9.13137 6.86863 115.9
      vertex 8.61229 6.52179 115.9
    endloop
  endfacet
  facet normal 0.831468 0.555572 0
    outer loop
      vertex 6.86863 6.86863 120
      vertex 6.52179 7.38771 115.9
      vertex 6.52179 7.38771 120
    endloop
  endfacet
  facet normal 0.831468 0.555572 0
    outer loop
      vertex 6.52179 7.38771 115.9
      vertex 6.86863 6.86863 120
      vertex 6.86863 6.86863 115.9
    endloop
  endfacet
  facet normal 0.555572 -0.831468 0
    outer loop
      vertex 6.86863 9.13137 115.9
      vertex 7.38771 9.47821 120
      vertex 6.86863 9.13137 120
    endloop
  endfacet
  facet normal 0.555572 -0.831468 0
    outer loop
      vertex 7.38771 9.47821 120
      vertex 6.86863 9.13137 115.9
      vertex 7.38771 9.47821 115.9
    endloop
  endfacet
  facet normal 0.555572 0.831468 -0
    outer loop
      vertex 7.38771 6.52179 115.9
      vertex 6.86863 6.86863 120
      vertex 7.38771 6.52179 120
    endloop
  endfacet
  facet normal 0.555572 0.831468 0
    outer loop
      vertex 6.86863 6.86863 120
      vertex 7.38771 6.52179 115.9
      vertex 6.86863 6.86863 115.9
    endloop
  endfacet
  facet normal 0 0 1
    outer loop
      vertex 9.47821 8.61229 115.9
      vertex 9.47821 7.38771 115.9
      vertex 9.6 8 115.9
    endloop
  endfacet
  facet normal 0 0 1
    outer loop
      vertex 9.13137 9.13137 115.9
      vertex 9.47821 7.38771 115.9
      vertex 9.47821 8.61229 115.9
    endloop
  endfacet
  facet normal 0 0 1
    outer loop
      vertex 9.13137 9.13137 115.9
      vertex 9.13137 6.86863 115.9
      vertex 9.47821 7.38771 115.9
    endloop
  endfacet
  facet normal 0 0 1
    outer loop
      vertex 8.61229 9.47821 115.9
      vertex 9.13137 6.86863 115.9
      vertex 9.13137 9.13137 115.9
    endloop
  endfacet
  facet normal 0 0 1
    outer loop
      vertex 8.61229 9.47821 115.9
      vertex 8.61229 6.52179 115.9
      vertex 9.13137 6.86863 115.9
    endloop
  endfacet
  facet normal 0 0 1
    outer loop
      vertex 8 9.6 115.9
      vertex 8.61229 6.52179 115.9
      vertex 8.61229 9.47821 115.9
    endloop
  endfacet
  facet normal 0 0 1
    outer loop
      vertex 8 9.6 115.9
      vertex 8 6.4 115.9
      vertex 8.61229 6.52179 115.9
    endloop
  endfacet
  facet normal -0 0 1
    outer loop
      vertex 7.38771 9.47821 115.9
      vertex 8 6.4 115.9
      vertex 8 9.6 115.9
    endloop
  endfacet
  facet normal 0 0 1
    outer loop
      vertex 7.38771 9.47821 115.9
      vertex 7.38771 6.52179 115.9
      vertex 8 6.4 115.9
    endloop
  endfacet
  facet normal -0 0 1
    outer loop
      vertex 6.86863 9.13137 115.9
      vertex 7.38771 6.52179 115.9
      vertex 7.38771 9.47821 115.9
    endloop
  endfacet
  facet normal 0 0 1
    outer loop
      vertex 6.86863 9.13137 115.9
      vertex 6.86863 6.86863 115.9
      vertex 7.38771 6.52179 115.9
    endloop
  endfacet
  facet normal -0 0 1
    outer loop
      vertex 6.52179 8.61229 115.9
      vertex 6.86863 6.86863 115.9
      vertex 6.86863 9.13137 115.9
    endloop
  endfacet
  facet normal 0 0 1
    outer loop
      vertex 6.52179 8.61229 115.9
      vertex 6.52179 7.38771 115.9
      vertex 6.86863 6.86863 115.9
    endloop
  endfacet
  facet normal 0 -0 1
    outer loop
      vertex 6.52179 7.38771 115.9
      vertex 6.52179 8.61229 115.9
      vertex 6.4 8 115.9
    endloop
  endfacet
  facet normal 1 -0 0
    outer loop
      vertex 100.5 4.5 120
      vertex 100.5 11.5 112
      vertex 100.5 11.5 120
    endloop
  endfacet
  facet normal 1 0 0
    outer loop
      vertex 100.5 11.5 112
      vertex 100.5 4.5 120
      vertex 100.5 4.5 112
    endloop
  endfacet
  facet normal 0 0 1
    outer loop
      vertex 100.5 11.5 120
      vertex 98.6 8 120
      vertex 100.5 4.5 120
    endloop
  endfacet
  facet normal 0 0 1
    outer loop
      vertex 100.5 11.5 120
      vertex 98.4782 8.61229 120
      vertex 98.6 8 120
    endloop
  endfacet
  facet normal 0 0 1
    outer loop
      vertex 100.5 11.5 120
      vertex 98.1314 9.13137 120
      vertex 98.4782 8.61229 120
    endloop
  endfacet
  facet normal 0 0 1
    outer loop
      vertex 100.5 11.5 120
      vertex 97.6123 9.47821 120
      vertex 98.1314 9.13137 120
    endloop
  endfacet
  facet normal 0 0 1
    outer loop
      vertex 100.5 11.5 120
      vertex 97 9.6 120
      vertex 97.6123 9.47821 120
    endloop
  endfacet
  facet normal -0 0 1
    outer loop
      vertex 93.5 11.5 120
      vertex 97 9.6 120
      vertex 100.5 11.5 120
    endloop
  endfacet
  facet normal 0 0 1
    outer loop
      vertex 95.5218 8.61229 120
      vertex 93.5 11.5 120
      vertex 95.4 8 120
    endloop
  endfacet
  facet normal 0 0 1
    outer loop
      vertex 95.8686 9.13137 120
      vertex 93.5 11.5 120
      vertex 95.5218 8.61229 120
    endloop
  endfacet
  facet normal 0 0 1
    outer loop
      vertex 96.3877 9.47821 120
      vertex 93.5 11.5 120
      vertex 95.8686 9.13137 120
    endloop
  endfacet
  facet normal 0 0 1
    outer loop
      vertex 97 9.6 120
      vertex 93.5 11.5 120
      vertex 96.3877 9.47821 120
    endloop
  endfacet
  facet normal -0 0 1
    outer loop
      vertex 98.4782 7.38771 120
      vertex 100.5 4.5 120
      vertex 98.6 8 120
    endloop
  endfacet
  facet normal -0 0 1
    outer loop
      vertex 98.1314 6.86863 120
      vertex 100.5 4.5 120
      vertex 98.4782 7.38771 120
    endloop
  endfacet
  facet normal -0 0 1
    outer loop
      vertex 97.6123 6.52179 120
      vertex 100.5 4.5 120
      vertex 98.1314 6.86863 120
    endloop
  endfacet
  facet normal -0 0 1
    outer loop
      vertex 97 6.4 120
      vertex 100.5 4.5 120
      vertex 97.6123 6.52179 120
    endloop
  endfacet
  facet normal 0 0 1
    outer loop
      vertex 93.5 4.5 120
      vertex 97 6.4 120
      vertex 96.3877 6.52179 120
    endloop
  endfacet
  facet normal 0 0 1
    outer loop
      vertex 93.5 4.5 120
      vertex 95.4 8 120
      vertex 93.5 11.5 120
    endloop
  endfacet
  facet normal 0 0 1
    outer loop
      vertex 97 6.4 120
      vertex 93.5 4.5 120
      vertex 100.5 4.5 120
    endloop
  endfacet
  facet normal 0 0 1
    outer loop
      vertex 95.8686 6.86863 120
      vertex 93.5 4.5 120
      vertex 96.3877 6.52179 120
    endloop
  endfacet
  facet normal 0 0 1
    outer loop
      vertex 95.5218 7.38771 120
      vertex 93.5 4.5 120
      vertex 95.8686 6.86863 120
    endloop
  endfacet
  facet normal 0 0 1
    outer loop
      vertex 95.4 8 120
      vertex 93.5 4.5 120
      vertex 95.5218 7.38771 120
    endloop
  endfacet
  facet normal 0 0 -1
    outer loop
      vertex 93.5 4.5 112
      vertex 100.5 11.5 112
      vertex 100.5 4.5 112
    endloop
  endfacet
  facet normal -0 0 -1
    outer loop
      vertex 100.5 11.5 112
      vertex 93.5 4.5 112
      vertex 93.5 11.5 112
    endloop
  endfacet
  facet normal -1 0 0
    outer loop
      vertex 93.5 4.5 112
      vertex 93.5 11.5 120
      vertex 93.5 11.5 112
    endloop
  endfacet
  facet normal -1 -0 0
    outer loop
      vertex 93.5 11.5 120
      vertex 93.5 4.5 112
      vertex 93.5 4.5 120
    endloop
  endfacet
  facet normal 0 1 -0
    outer loop
      vertex 100.5 11.5 112
      vertex 93.5 11.5 120
      vertex 100.5 11.5 120
    endloop
  endfacet
  facet normal 0 1 0
    outer loop
      vertex 93.5 11.5 120
      vertex 100.5 11.5 112
      vertex 93.5 11.5 112
    endloop
  endfacet
  facet normal 0 -1 0
    outer loop
      vertex 93.5 4.5 112
      vertex 100.5 4.5 120
      vertex 93.5 4.5 120
    endloop
  endfacet
  facet normal 0 -1 -0
    outer loop
      vertex 100.5 4.5 120
      vertex 93.5 4.5 112
      vertex 100.5 4.5 112
    endloop
  endfacet
  facet normal -0.831498 -0.555528 0
    outer loop
      vertex 98.4782 8.61229 115.9
      vertex 98.1314 9.13137 120
      vertex 98.1314 9.13137 115.9
    endloop
  endfacet
  facet normal -0.831498 -0.555528 0
    outer loop
      vertex 98.1314 9.13137 120
      vertex 98.4782 8.61229 115.9
      vertex 98.4782 8.61229 120
    endloop
  endfacet
  facet normal -0.980783 -0.195103 0
    outer loop
      vertex 98.6 8 115.9
      vertex 98.4782 8.61229 120
      vertex 98.4782 8.61229 115.9
    endloop
  endfacet
  facet normal -0.980783 -0.195103 0
    outer loop
      vertex 98.4782 8.61229 120
      vertex 98.6 8 115.9
      vertex 98.6 8 120
    endloop
  endfacet
  facet normal -0.555557 -0.831478 0
    outer loop
      vertex 97.6123 9.47821 115.9
      vertex 98.1314 9.13137 120
      vertex 97.6123 9.47821 120
    endloop
  endfacet
  facet normal -0.555557 -0.831478 -0
    outer loop
      vertex 98.1314 9.13137 120
      vertex 97.6123 9.47821 115.9
      vertex 98.1314 9.13137 115.9
    endloop
  endfacet
  facet normal -0.831498 0.555528 0
    outer loop
      vertex 98.1314 6.86863 115.9
      vertex 98.4782 7.38771 120
      vertex 98.4782 7.38771 115.9
    endloop
  endfacet
  facet normal -0.831498 0.555528 0
    outer loop
      vertex 98.4782 7.38771 120
      vertex 98.1314 6.86863 115.9
      vertex 98.1314 6.86863 120
    endloop
  endfacet
  facet normal 0.195084 -0.980787 0
    outer loop
      vertex 96.3877 9.47821 115.9
      vertex 97 9.6 120
      vertex 96.3877 9.47821 120
    endloop
  endfacet
  facet normal 0.195084 -0.980787 0
    outer loop
      vertex 97 9.6 120
      vertex 96.3877 9.47821 115.9
      vertex 97 9.6 115.9
    endloop
  endfacet
  facet normal 0.831498 -0.555528 0
    outer loop
      vertex 95.5218 8.61229 120
      vertex 95.8686 9.13137 115.9
      vertex 95.8686 9.13137 120
    endloop
  endfacet
  facet normal 0.831498 -0.555528 0
    outer loop
      vertex 95.8686 9.13137 115.9
      vertex 95.5218 8.61229 120
      vertex 95.5218 8.61229 115.9
    endloop
  endfacet
  facet normal 0.980783 -0.195103 0
    outer loop
      vertex 95.4 8 120
      vertex 95.5218 8.61229 115.9
      vertex 95.5218 8.61229 120
    endloop
  endfacet
  facet normal 0.980783 -0.195103 0
    outer loop
      vertex 95.5218 8.61229 115.9
      vertex 95.4 8 120
      vertex 95.4 8 115.9
    endloop
  endfacet
  facet normal -0.195084 0.980787 0
    outer loop
      vertex 97.6123 6.52179 115.9
      vertex 97 6.4 120
      vertex 97.6123 6.52179 120
    endloop
  endfacet
  facet normal -0.195084 0.980787 0
    outer loop
      vertex 97 6.4 120
      vertex 97.6123 6.52179 115.9
      vertex 97 6.4 115.9
    endloop
  endfacet
  facet normal 0.195084 0.980787 -0
    outer loop
      vertex 97 6.4 115.9
      vertex 96.3877 6.52179 120
      vertex 97 6.4 120
    endloop
  endfacet
  facet normal 0.195084 0.980787 0
    outer loop
      vertex 96.3877 6.52179 120
      vertex 97 6.4 115.9
      vertex 96.3877 6.52179 115.9
    endloop
  endfacet
  facet normal 0.980783 0.195103 0
    outer loop
      vertex 95.5218 7.38771 120
      vertex 95.4 8 115.9
      vertex 95.4 8 120
    endloop
  endfacet
  facet normal 0.980783 0.195103 0
    outer loop
      vertex 95.4 8 115.9
      vertex 95.5218 7.38771 120
      vertex 95.5218 7.38771 115.9
    endloop
  endfacet
  facet normal -0.195084 -0.980787 0
    outer loop
      vertex 97 9.6 115.9
      vertex 97.6123 9.47821 120
      vertex 97 9.6 120
    endloop
  endfacet
  facet normal -0.195084 -0.980787 -0
    outer loop
      vertex 97.6123 9.47821 120
      vertex 97 9.6 115.9
      vertex 97.6123 9.47821 115.9
    endloop
  endfacet
  facet normal -0.980783 0.195103 0
    outer loop
      vertex 98.4782 7.38771 115.9
      vertex 98.6 8 120
      vertex 98.6 8 115.9
    endloop
  endfacet
  facet normal -0.980783 0.195103 0
    outer loop
      vertex 98.6 8 120
      vertex 98.4782 7.38771 115.9
      vertex 98.4782 7.38771 120
    endloop
  endfacet
  facet normal -0.555557 0.831478 0
    outer loop
      vertex 98.1314 6.86863 115.9
      vertex 97.6123 6.52179 120
      vertex 98.1314 6.86863 120
    endloop
  endfacet
  facet normal -0.555557 0.831478 0
    outer loop
      vertex 97.6123 6.52179 120
      vertex 98.1314 6.86863 115.9
      vertex 97.6123 6.52179 115.9
    endloop
  endfacet
  facet normal 0.831498 0.555528 0
    outer loop
      vertex 95.8686 6.86863 120
      vertex 95.5218 7.38771 115.9
      vertex 95.5218 7.38771 120
    endloop
  endfacet
  facet normal 0.831498 0.555528 0
    outer loop
      vertex 95.5218 7.38771 115.9
      vertex 95.8686 6.86863 120
      vertex 95.8686 6.86863 115.9
    endloop
  endfacet
  facet normal 0.555557 -0.831478 0
    outer loop
      vertex 95.8686 9.13137 115.9
      vertex 96.3877 9.47821 120
      vertex 95.8686 9.13137 120
    endloop
  endfacet
  facet normal 0.555557 -0.831478 0
    outer loop
      vertex 96.3877 9.47821 120
      vertex 95.8686 9.13137 115.9
      vertex 96.3877 9.47821 115.9
    endloop
  endfacet
  facet normal 0.555557 0.831478 -0
    outer loop
      vertex 96.3877 6.52179 115.9
      vertex 95.8686 6.86863 120
      vertex 96.3877 6.52179 120
    endloop
  endfacet
  facet normal 0.555557 0.831478 0
    outer loop
      vertex 95.8686 6.86863 120
      vertex 96.3877 6.52179 115.9
      vertex 95.8686 6.86863 115.9
    endloop
  endfacet
  facet normal 0 0 1
    outer loop
      vertex 98.4782 8.61229 115.9
      vertex 98.4782 7.38771 115.9
      vertex 98.6 8 115.9
    endloop
  endfacet
  facet normal 0 0 1
    outer loop
      vertex 98.1314 9.13137 115.9
      vertex 98.4782 7.38771 115.9
      vertex 98.4782 8.61229 115.9
    endloop
  endfacet
  facet normal 0 0 1
    outer loop
      vertex 98.1314 9.13137 115.9
      vertex 98.1314 6.86863 115.9
      vertex 98.4782 7.38771 115.9
    endloop
  endfacet
  facet normal 0 0 1
    outer loop
      vertex 97.6123 9.47821 115.9
      vertex 98.1314 6.86863 115.9
      vertex 98.1314 9.13137 115.9
    endloop
  endfacet
  facet normal 0 0 1
    outer loop
      vertex 97.6123 9.47821 115.9
      vertex 97.6123 6.52179 115.9
      vertex 98.1314 6.86863 115.9
    endloop
  endfacet
  facet normal 0 0 1
    outer loop
      vertex 97 9.6 115.9
      vertex 97.6123 6.52179 115.9
      vertex 97.6123 9.47821 115.9
    endloop
  endfacet
  facet normal 0 0 1
    outer loop
      vertex 97 9.6 115.9
      vertex 97 6.4 115.9
      vertex 97.6123 6.52179 115.9
    endloop
  endfacet
  facet normal -0 0 1
    outer loop
      vertex 96.3877 9.47821 115.9
      vertex 97 6.4 115.9
      vertex 97 9.6 115.9
    endloop
  endfacet
  facet normal 0 0 1
    outer loop
      vertex 96.3877 9.47821 115.9
      vertex 96.3877 6.52179 115.9
      vertex 97 6.4 115.9
    endloop
  endfacet
  facet normal -0 0 1
    outer loop
      vertex 95.8686 9.13137 115.9
      vertex 96.3877 6.52179 115.9
      vertex 96.3877 9.47821 115.9
    endloop
  endfacet
  facet normal 0 0 1
    outer loop
      vertex 95.8686 9.13137 115.9
      vertex 95.8686 6.86863 115.9
      vertex 96.3877 6.52179 115.9
    endloop
  endfacet
  facet normal -0 0 1
    outer loop
      vertex 95.5218 8.61229 115.9
      vertex 95.8686 6.86863 115.9
      vertex 95.8686 9.13137 115.9
    endloop
  endfacet
  facet normal 0 0 1
    outer loop
      vertex 95.5218 8.61229 115.9
      vertex 95.5218 7.38771 115.9
      vertex 95.8686 6.86863 115.9
    endloop
  endfacet
  facet normal 0 -0 1
    outer loop
      vertex 95.5218 7.38771 115.9
      vertex 95.5218 8.61229 115.9
      vertex 95.4 8 115.9
    endloop
  endfacet
  facet normal 1 -0 0
    outer loop
      vertex 11.5 72.5 120
      vertex 11.5 79.5 112
      vertex 11.5 79.5 120
    endloop
  endfacet
  facet normal 1 0 0
    outer loop
      vertex 11.5 79.5 112
      vertex 11.5 72.5 120
      vertex 11.5 72.5 112
    endloop
  endfacet
  facet normal 0 0 1
    outer loop
      vertex 11.5 79.5 120
      vertex 9.6 76 120
      vertex 11.5 72.5 120
    endloop
  endfacet
  facet normal 0 0 1
    outer loop
      vertex 11.5 79.5 120
      vertex 9.47821 76.6123 120
      vertex 9.6 76 120
    endloop
  endfacet
  facet normal 0 0 1
    outer loop
      vertex 11.5 79.5 120
      vertex 9.13137 77.1314 120
      vertex 9.47821 76.6123 120
    endloop
  endfacet
  facet normal 0 0 1
    outer loop
      vertex 11.5 79.5 120
      vertex 8.61229 77.4782 120
      vertex 9.13137 77.1314 120
    endloop
  endfacet
  facet normal 0 0 1
    outer loop
      vertex 11.5 79.5 120
      vertex 8 77.6 120
      vertex 8.61229 77.4782 120
    endloop
  endfacet
  facet normal -0 0 1
    outer loop
      vertex 4.5 79.5 120
      vertex 8 77.6 120
      vertex 11.5 79.5 120
    endloop
  endfacet
  facet normal 0 0 1
    outer loop
      vertex 6.52179 76.6123 120
      vertex 4.5 79.5 120
      vertex 6.4 76 120
    endloop
  endfacet
  facet normal 0 0 1
    outer loop
      vertex 6.86863 77.1314 120
      vertex 4.5 79.5 120
      vertex 6.52179 76.6123 120
    endloop
  endfacet
  facet normal 0 0 1
    outer loop
      vertex 7.38771 77.4782 120
      vertex 4.5 79.5 120
      vertex 6.86863 77.1314 120
    endloop
  endfacet
  facet normal 0 0 1
    outer loop
      vertex 8 77.6 120
      vertex 4.5 79.5 120
      vertex 7.38771 77.4782 120
    endloop
  endfacet
  facet normal -0 0 1
    outer loop
      vertex 9.47821 75.3877 120
      vertex 11.5 72.5 120
      vertex 9.6 76 120
    endloop
  endfacet
  facet normal -0 0 1
    outer loop
      vertex 9.13137 74.8686 120
      vertex 11.5 72.5 120
      vertex 9.47821 75.3877 120
    endloop
  endfacet
  facet normal -0 0 1
    outer loop
      vertex 8.61229 74.5218 120
      vertex 11.5 72.5 120
      vertex 9.13137 74.8686 120
    endloop
  endfacet
  facet normal -0 0 1
    outer loop
      vertex 8 74.4 120
      vertex 11.5 72.5 120
      vertex 8.61229 74.5218 120
    endloop
  endfacet
  facet normal 0 0 1
    outer loop
      vertex 4.5 72.5 120
      vertex 8 74.4 120
      vertex 7.38771 74.5218 120
    endloop
  endfacet
  facet normal 0 0 1
    outer loop
      vertex 4.5 72.5 120
      vertex 6.4 76 120
      vertex 4.5 79.5 120
    endloop
  endfacet
  facet normal 0 0 1
    outer loop
      vertex 8 74.4 120
      vertex 4.5 72.5 120
      vertex 11.5 72.5 120
    endloop
  endfacet
  facet normal 0 0 1
    outer loop
      vertex 6.86863 74.8686 120
      vertex 4.5 72.5 120
      vertex 7.38771 74.5218 120
    endloop
  endfacet
  facet normal 0 0 1
    outer loop
      vertex 6.52179 75.3877 120
      vertex 4.5 72.5 120
      vertex 6.86863 74.8686 120
    endloop
  endfacet
  facet normal 0 0 1
    outer loop
      vertex 6.4 76 120
      vertex 4.5 72.5 120
      vertex 6.52179 75.3877 120
    endloop
  endfacet
  facet normal 0 0 -1
    outer loop
      vertex 4.5 72.5 112
      vertex 11.5 79.5 112
      vertex 11.5 72.5 112
    endloop
  endfacet
  facet normal -0 0 -1
    outer loop
      vertex 11.5 79.5 112
      vertex 4.5 72.5 112
      vertex 4.5 79.5 112
    endloop
  endfacet
  facet normal -1 0 0
    outer loop
      vertex 4.5 72.5 112
      vertex 4.5 79.5 120
      vertex 4.5 79.5 112
    endloop
  endfacet
  facet normal -1 -0 0
    outer loop
      vertex 4.5 79.5 120
      vertex 4.5 72.5 112
      vertex 4.5 72.5 120
    endloop
  endfacet
  facet normal 0 1 -0
    outer loop
      vertex 11.5 79.5 112
      vertex 4.5 79.5 120
      vertex 11.5 79.5 120
    endloop
  endfacet
  facet normal 0 1 0
    outer loop
      vertex 4.5 79.5 120
      vertex 11.5 79.5 112
      vertex 4.5 79.5 112
    endloop
  endfacet
  facet normal 0 -1 0
    outer loop
      vertex 4.5 72.5 112
      vertex 11.5 72.5 120
      vertex 4.5 72.5 120
    endloop
  endfacet
  facet normal 0 -1 -0
    outer loop
      vertex 11.5 72.5 120
      vertex 4.5 72.5 112
      vertex 11.5 72.5 112
    endloop
  endfacet
  facet normal -0.831478 -0.555557 0
    outer loop
      vertex 9.47821 76.6123 115.9
      vertex 9.13137 77.1314 120
      vertex 9.13137 77.1314 115.9
    endloop
  endfacet
  facet normal -0.831478 -0.555557 0
    outer loop
      vertex 9.13137 77.1314 120
      vertex 9.47821 76.6123 115.9
      vertex 9.47821 76.6123 120
    endloop
  endfacet
  facet normal -0.980787 -0.195084 0
    outer loop
      vertex 9.6 76 115.9
      vertex 9.47821 76.6123 120
      vertex 9.47821 76.6123 115.9
    endloop
  endfacet
  facet normal -0.980787 -0.195084 0
    outer loop
      vertex 9.47821 76.6123 120
      vertex 9.6 76 115.9
      vertex 9.6 76 120
    endloop
  endfacet
  facet normal -0.555528 -0.831498 0
    outer loop
      vertex 8.61229 77.4782 115.9
      vertex 9.13137 77.1314 120
      vertex 8.61229 77.4782 120
    endloop
  endfacet
  facet normal -0.555528 -0.831498 -0
    outer loop
      vertex 9.13137 77.1314 120
      vertex 8.61229 77.4782 115.9
      vertex 9.13137 77.1314 115.9
    endloop
  endfacet
  facet normal -0.831478 0.555557 0
    outer loop
      vertex 9.13137 74.8686 115.9
      vertex 9.47821 75.3877 120
      vertex 9.47821 75.3877 115.9
    endloop
  endfacet
  facet normal -0.831478 0.555557 0
    outer loop
      vertex 9.47821 75.3877 120
      vertex 9.13137 74.8686 115.9
      vertex 9.13137 74.8686 120
    endloop
  endfacet
  facet normal 0.195103 -0.980783 0
    outer loop
      vertex 7.38771 77.4782 115.9
      vertex 8 77.6 120
      vertex 7.38771 77.4782 120
    endloop
  endfacet
  facet normal 0.195103 -0.980783 0
    outer loop
      vertex 8 77.6 120
      vertex 7.38771 77.4782 115.9
      vertex 8 77.6 115.9
    endloop
  endfacet
  facet normal 0.831478 -0.555557 0
    outer loop
      vertex 6.52179 76.6123 120
      vertex 6.86863 77.1314 115.9
      vertex 6.86863 77.1314 120
    endloop
  endfacet
  facet normal 0.831478 -0.555557 0
    outer loop
      vertex 6.86863 77.1314 115.9
      vertex 6.52179 76.6123 120
      vertex 6.52179 76.6123 115.9
    endloop
  endfacet
  facet normal 0.980787 -0.195084 0
    outer loop
      vertex 6.4 76 120
      vertex 6.52179 76.6123 115.9
      vertex 6.52179 76.6123 120
    endloop
  endfacet
  facet normal 0.980787 -0.195084 0
    outer loop
      vertex 6.52179 76.6123 115.9
      vertex 6.4 76 120
      vertex 6.4 76 115.9
    endloop
  endfacet
  facet normal -0.195103 0.980783 0
    outer loop
      vertex 8.61229 74.5218 115.9
      vertex 8 74.4 120
      vertex 8.61229 74.5218 120
    endloop
  endfacet
  facet normal -0.195103 0.980783 0
    outer loop
      vertex 8 74.4 120
      vertex 8.61229 74.5218 115.9
      vertex 8 74.4 115.9
    endloop
  endfacet
  facet normal 0.195103 0.980783 -0
    outer loop
      vertex 8 74.4 115.9
      vertex 7.38771 74.5218 120
      vertex 8 74.4 120
    endloop
  endfacet
  facet normal 0.195103 0.980783 0
    outer loop
      vertex 7.38771 74.5218 120
      vertex 8 74.4 115.9
      vertex 7.38771 74.5218 115.9
    endloop
  endfacet
  facet normal 0.980787 0.195084 0
    outer loop
      vertex 6.52179 75.3877 120
      vertex 6.4 76 115.9
      vertex 6.4 76 120
    endloop
  endfacet
  facet normal 0.980787 0.195084 0
    outer loop
      vertex 6.4 76 115.9
      vertex 6.52179 75.3877 120
      vertex 6.52179 75.3877 115.9
    endloop
  endfacet
  facet normal -0.195103 -0.980783 0
    outer loop
      vertex 8 77.6 115.9
      vertex 8.61229 77.4782 120
      vertex 8 77.6 120
    endloop
  endfacet
  facet normal -0.195103 -0.980783 -0
    outer loop
      vertex 8.61229 77.4782 120
      vertex 8 77.6 115.9
      vertex 8.61229 77.4782 115.9
    endloop
  endfacet
  facet normal -0.980787 0.195084 0
    outer loop
      vertex 9.47821 75.3877 115.9
      vertex 9.6 76 120
      vertex 9.6 76 115.9
    endloop
  endfacet
  facet normal -0.980787 0.195084 0
    outer loop
      vertex 9.6 76 120
      vertex 9.47821 75.3877 115.9
      vertex 9.47821 75.3877 120
    endloop
  endfacet
  facet normal -0.555528 0.831498 0
    outer loop
      vertex 9.13137 74.8686 115.9
      vertex 8.61229 74.5218 120
      vertex 9.13137 74.8686 120
    endloop
  endfacet
  facet normal -0.555528 0.831498 0
    outer loop
      vertex 8.61229 74.5218 120
      vertex 9.13137 74.8686 115.9
      vertex 8.61229 74.5218 115.9
    endloop
  endfacet
  facet normal 0.831478 0.555557 0
    outer loop
      vertex 6.86863 74.8686 120
      vertex 6.52179 75.3877 115.9
      vertex 6.52179 75.3877 120
    endloop
  endfacet
  facet normal 0.831478 0.555557 0
    outer loop
      vertex 6.52179 75.3877 115.9
      vertex 6.86863 74.8686 120
      vertex 6.86863 74.8686 115.9
    endloop
  endfacet
  facet normal 0.555528 -0.831498 0
    outer loop
      vertex 6.86863 77.1314 115.9
      vertex 7.38771 77.4782 120
      vertex 6.86863 77.1314 120
    endloop
  endfacet
  facet normal 0.555528 -0.831498 0
    outer loop
      vertex 7.38771 77.4782 120
      vertex 6.86863 77.1314 115.9
      vertex 7.38771 77.4782 115.9
    endloop
  endfacet
  facet normal 0.555528 0.831498 -0
    outer loop
      vertex 7.38771 74.5218 115.9
      vertex 6.86863 74.8686 120
      vertex 7.38771 74.5218 120
    endloop
  endfacet
  facet normal 0.555528 0.831498 0
    outer loop
      vertex 6.86863 74.8686 120
      vertex 7.38771 74.5218 115.9
      vertex 6.86863 74.8686 115.9
    endloop
  endfacet
  facet normal 0 0 1
    outer loop
      vertex 9.47821 76.6123 115.9
      vertex 9.47821 75.3877 115.9
      vertex 9.6 76 115.9
    endloop
  endfacet
  facet normal 0 0 1
    outer loop
      vertex 9.13137 77.1314 115.9
      vertex 9.47821 75.3877 115.9
      vertex 9.47821 76.6123 115.9
    endloop
  endfacet
  facet normal 0 0 1
    outer loop
      vertex 9.13137 77.1314 115.9
      vertex 9.13137 74.8686 115.9
      vertex 9.47821 75.3877 115.9
    endloop
  endfacet
  facet normal 0 0 1
    outer loop
      vertex 8.61229 77.4782 115.9
      vertex 9.13137 74.8686 115.9
      vertex 9.13137 77.1314 115.9
    endloop
  endfacet
  facet normal 0 0 1
    outer loop
      vertex 8.61229 77.4782 115.9
      vertex 8.61229 74.5218 115.9
      vertex 9.13137 74.8686 115.9
    endloop
  endfacet
  facet normal 0 0 1
    outer loop
      vertex 8 77.6 115.9
      vertex 8.61229 74.5218 115.9
      vertex 8.61229 77.4782 115.9
    endloop
  endfacet
  facet normal 0 0 1
    outer loop
      vertex 8 77.6 115.9
      vertex 8 74.4 115.9
      vertex 8.61229 74.5218 115.9
    endloop
  endfacet
  facet normal -0 0 1
    outer loop
      vertex 7.38771 77.4782 115.9
      vertex 8 74.4 115.9
      vertex 8 77.6 115.9
    endloop
  endfacet
  facet normal 0 0 1
    outer loop
      vertex 7.38771 77.4782 115.9
      vertex 7.38771 74.5218 115.9
      vertex 8 74.4 115.9
    endloop
  endfacet
  facet normal -0 0 1
    outer loop
      vertex 6.86863 77.1314 115.9
      vertex 7.38771 74.5218 115.9
      vertex 7.38771 77.4782 115.9
    endloop
  endfacet
  facet normal 0 0 1
    outer loop
      vertex 6.86863 77.1314 115.9
      vertex 6.86863 74.8686 115.9
      vertex 7.38771 74.5218 115.9
    endloop
  endfacet
  facet normal -0 0 1
    outer loop
      vertex 6.52179 76.6123 115.9
      vertex 6.86863 74.8686 115.9
      vertex 6.86863 77.1314 115.9
    endloop
  endfacet
  facet normal 0 0 1
    outer loop
      vertex 6.52179 76.6123 115.9
      vertex 6.52179 75.3877 115.9
      vertex 6.86863 74.8686 115.9
    endloop
  endfacet
  facet normal 0 -0 1
    outer loop
      vertex 6.52179 75.3877 115.9
      vertex 6.52179 76.6123 115.9
      vertex 6.4 76 115.9
    endloop
  endfacet
  facet normal 1 -0 0
    outer loop
      vertex 100.5 72.5 120
      vertex 100.5 79.5 112
      vertex 100.5 79.5 120
    endloop
  endfacet
  facet normal 1 0 0
    outer loop
      vertex 100.5 79.5 112
      vertex 100.5 72.5 120
      vertex 100.5 72.5 112
    endloop
  endfacet
  facet normal 0 0 1
    outer loop
      vertex 100.5 79.5 120
      vertex 98.6 76 120
      vertex 100.5 72.5 120
    endloop
  endfacet
  facet normal 0 0 1
    outer loop
      vertex 100.5 79.5 120
      vertex 98.4782 76.6123 120
      vertex 98.6 76 120
    endloop
  endfacet
  facet normal 0 0 1
    outer loop
      vertex 100.5 79.5 120
      vertex 98.1314 77.1314 120
      vertex 98.4782 76.6123 120
    endloop
  endfacet
  facet normal 0 0 1
    outer loop
      vertex 100.5 79.5 120
      vertex 97.6123 77.4782 120
      vertex 98.1314 77.1314 120
    endloop
  endfacet
  facet normal 0 0 1
    outer loop
      vertex 100.5 79.5 120
      vertex 97 77.6 120
      vertex 97.6123 77.4782 120
    endloop
  endfacet
  facet normal -0 0 1
    outer loop
      vertex 93.5 79.5 120
      vertex 97 77.6 120
      vertex 100.5 79.5 120
    endloop
  endfacet
  facet normal 0 0 1
    outer loop
      vertex 95.5218 76.6123 120
      vertex 93.5 79.5 120
      vertex 95.4 76 120
    endloop
  endfacet
  facet normal 0 0 1
    outer loop
      vertex 95.8686 77.1314 120
      vertex 93.5 79.5 120
      vertex 95.5218 76.6123 120
    endloop
  endfacet
  facet normal 0 0 1
    outer loop
      vertex 96.3877 77.4782 120
      vertex 93.5 79.5 120
      vertex 95.8686 77.1314 120
    endloop
  endfacet
  facet normal 0 0 1
    outer loop
      vertex 97 77.6 120
      vertex 93.5 79.5 120
      vertex 96.3877 77.4782 120
    endloop
  endfacet
  facet normal -0 0 1
    outer loop
      vertex 98.4782 75.3877 120
      vertex 100.5 72.5 120
      vertex 98.6 76 120
    endloop
  endfacet
  facet normal -0 0 1
    outer loop
      vertex 98.1314 74.8686 120
      vertex 100.5 72.5 120
      vertex 98.4782 75.3877 120
    endloop
  endfacet
  facet normal -0 0 1
    outer loop
      vertex 97.6123 74.5218 120
      vertex 100.5 72.5 120
      vertex 98.1314 74.8686 120
    endloop
  endfacet
  facet normal -0 0 1
    outer loop
      vertex 97 74.4 120
      vertex 100.5 72.5 120
      vertex 97.6123 74.5218 120
    endloop
  endfacet
  facet normal 0 0 1
    outer loop
      vertex 93.5 72.5 120
      vertex 97 74.4 120
      vertex 96.3877 74.5218 120
    endloop
  endfacet
  facet normal 0 0 1
    outer loop
      vertex 93.5 72.5 120
      vertex 95.4 76 120
      vertex 93.5 79.5 120
    endloop
  endfacet
  facet normal 0 0 1
    outer loop
      vertex 97 74.4 120
      vertex 93.5 72.5 120
      vertex 100.5 72.5 120
    endloop
  endfacet
  facet normal 0 0 1
    outer loop
      vertex 95.8686 74.8686 120
      vertex 93.5 72.5 120
      vertex 96.3877 74.5218 120
    endloop
  endfacet
  facet normal 0 0 1
    outer loop
      vertex 95.5218 75.3877 120
      vertex 93.5 72.5 120
      vertex 95.8686 74.8686 120
    endloop
  endfacet
  facet normal 0 0 1
    outer loop
      vertex 95.4 76 120
      vertex 93.5 72.5 120
      vertex 95.5218 75.3877 120
    endloop
  endfacet
  facet normal 0 0 -1
    outer loop
      vertex 93.5 72.5 112
      vertex 100.5 79.5 112
      vertex 100.5 72.5 112
    endloop
  endfacet
  facet normal -0 0 -1
    outer loop
      vertex 100.5 79.5 112
      vertex 93.5 72.5 112
      vertex 93.5 79.5 112
    endloop
  endfacet
  facet normal -1 0 0
    outer loop
      vertex 93.5 72.5 112
      vertex 93.5 79.5 120
      vertex 93.5 79.5 112
    endloop
  endfacet
  facet normal -1 -0 0
    outer loop
      vertex 93.5 79.5 120
      vertex 93.5 72.5 112
      vertex 93.5 72.5 120
    endloop
  endfacet
  facet normal 0 1 -0
    outer loop
      vertex 100.5 79.5 112
      vertex 93.5 79.5 120
      vertex 100.5 79.5 120
    endloop
  endfacet
  facet normal 0 1 0
    outer loop
      vertex 93.5 79.5 120
      vertex 100.5 79.5 112
      vertex 93.5 79.5 112
    endloop
  endfacet
  facet normal 0 -1 0
    outer loop
      vertex 93.5 72.5 112
      vertex 100.5 72.5 120
      vertex 93.5 72.5 120
    endloop
  endfacet
  facet normal 0 -1 -0
    outer loop
      vertex 100.5 72.5 120
      vertex 93.5 72.5 112
      vertex 100.5 72.5 112
    endloop
  endfacet
  facet normal -0.831508 -0.555513 0
    outer loop
      vertex 98.4782 76.6123 115.9
      vertex 98.1314 77.1314 120
      vertex 98.1314 77.1314 115.9
    endloop
  endfacet
  facet normal -0.831508 -0.555513 0
    outer loop
      vertex 98.1314 77.1314 120
      vertex 98.4782 76.6123 115.9
      vertex 98.4782 76.6123 120
    endloop
  endfacet
  facet normal -0.980783 -0.1951 0
    outer loop
      vertex 98.6 76 115.9
      vertex 98.4782 76.6123 120
      vertex 98.4782 76.6123 115.9
    endloop
  endfacet
  facet normal -0.980783 -0.1951 0
    outer loop
      vertex 98.4782 76.6123 120
      vertex 98.6 76 115.9
      vertex 98.6 76 120
    endloop
  endfacet
  facet normal -0.555513 -0.831508 0
    outer loop
      vertex 97.6123 77.4782 115.9
      vertex 98.1314 77.1314 120
      vertex 97.6123 77.4782 120
    endloop
  endfacet
  facet normal -0.555513 -0.831508 -0
    outer loop
      vertex 98.1314 77.1314 120
      vertex 97.6123 77.4782 115.9
      vertex 98.1314 77.1314 115.9
    endloop
  endfacet
  facet normal -0.831508 0.555513 0
    outer loop
      vertex 98.1314 74.8686 115.9
      vertex 98.4782 75.3877 120
      vertex 98.4782 75.3877 115.9
    endloop
  endfacet
  facet normal -0.831508 0.555513 0
    outer loop
      vertex 98.4782 75.3877 120
      vertex 98.1314 74.8686 115.9
      vertex 98.1314 74.8686 120
    endloop
  endfacet
  facet normal 0.1951 -0.980783 0
    outer loop
      vertex 96.3877 77.4782 115.9
      vertex 97 77.6 120
      vertex 96.3877 77.4782 120
    endloop
  endfacet
  facet normal 0.1951 -0.980783 0
    outer loop
      vertex 97 77.6 120
      vertex 96.3877 77.4782 115.9
      vertex 97 77.6 115.9
    endloop
  endfacet
  facet normal 0.831508 -0.555513 0
    outer loop
      vertex 95.5218 76.6123 120
      vertex 95.8686 77.1314 115.9
      vertex 95.8686 77.1314 120
    endloop
  endfacet
  facet normal 0.831508 -0.555513 0
    outer loop
      vertex 95.8686 77.1314 115.9
      vertex 95.5218 76.6123 120
      vertex 95.5218 76.6123 115.9
    endloop
  endfacet
  facet normal 0.980783 -0.1951 0
    outer loop
      vertex 95.4 76 120
      vertex 95.5218 76.6123 115.9
      vertex 95.5218 76.6123 120
    endloop
  endfacet
  facet normal 0.980783 -0.1951 0
    outer loop
      vertex 95.5218 76.6123 115.9
      vertex 95.4 76 120
      vertex 95.4 76 115.9
    endloop
  endfacet
  facet normal -0.1951 0.980783 0
    outer loop
      vertex 97.6123 74.5218 115.9
      vertex 97 74.4 120
      vertex 97.6123 74.5218 120
    endloop
  endfacet
  facet normal -0.1951 0.980783 0
    outer loop
      vertex 97 74.4 120
      vertex 97.6123 74.5218 115.9
      vertex 97 74.4 115.9
    endloop
  endfacet
  facet normal 0.1951 0.980783 -0
    outer loop
      vertex 97 74.4 115.9
      vertex 96.3877 74.5218 120
      vertex 97 74.4 120
    endloop
  endfacet
  facet normal 0.1951 0.980783 0
    outer loop
      vertex 96.3877 74.5218 120
      vertex 97 74.4 115.9
      vertex 96.3877 74.5218 115.9
    endloop
  endfacet
  facet normal 0.980783 0.1951 0
    outer loop
      vertex 95.5218 75.3877 120
      vertex 95.4 76 115.9
      vertex 95.4 76 120
    endloop
  endfacet
  facet normal 0.980783 0.1951 0
    outer loop
      vertex 95.4 76 115.9
      vertex 95.5218 75.3877 120
      vertex 95.5218 75.3877 115.9
    endloop
  endfacet
  facet normal -0.1951 -0.980783 0
    outer loop
      vertex 97 77.6 115.9
      vertex 97.6123 77.4782 120
      vertex 97 77.6 120
    endloop
  endfacet
  facet normal -0.1951 -0.980783 -0
    outer loop
      vertex 97.6123 77.4782 120
      vertex 97 77.6 115.9
      vertex 97.6123 77.4782 115.9
    endloop
  endfacet
  facet normal -0.980783 0.1951 0
    outer loop
      vertex 98.4782 75.3877 115.9
      vertex 98.6 76 120
      vertex 98.6 76 115.9
    endloop
  endfacet
  facet normal -0.980783 0.1951 0
    outer loop
      vertex 98.6 76 120
      vertex 98.4782 75.3877 115.9
      vertex 98.4782 75.3877 120
    endloop
  endfacet
  facet normal -0.555513 0.831508 0
    outer loop
      vertex 98.1314 74.8686 115.9
      vertex 97.6123 74.5218 120
      vertex 98.1314 74.8686 120
    endloop
  endfacet
  facet normal -0.555513 0.831508 0
    outer loop
      vertex 97.6123 74.5218 120
      vertex 98.1314 74.8686 115.9
      vertex 97.6123 74.5218 115.9
    endloop
  endfacet
  facet normal 0.831508 0.555513 0
    outer loop
      vertex 95.8686 74.8686 120
      vertex 95.5218 75.3877 115.9
      vertex 95.5218 75.3877 120
    endloop
  endfacet
  facet normal 0.831508 0.555513 0
    outer loop
      vertex 95.5218 75.3877 115.9
      vertex 95.8686 74.8686 120
      vertex 95.8686 74.8686 115.9
    endloop
  endfacet
  facet normal 0.555513 -0.831508 0
    outer loop
      vertex 95.8686 77.1314 115.9
      vertex 96.3877 77.4782 120
      vertex 95.8686 77.1314 120
    endloop
  endfacet
  facet normal 0.555513 -0.831508 0
    outer loop
      vertex 96.3877 77.4782 120
      vertex 95.8686 77.1314 115.9
      vertex 96.3877 77.4782 115.9
    endloop
  endfacet
  facet normal 0.555513 0.831508 -0
    outer loop
      vertex 96.3877 74.5218 115.9
      vertex 95.8686 74.8686 120
      vertex 96.3877 74.5218 120
    endloop
  endfacet
  facet normal 0.555513 0.831508 0
    outer loop
      vertex 95.8686 74.8686 120
      vertex 96.3877 74.5218 115.9
      vertex 95.8686 74.8686 115.9
    endloop
  endfacet
  facet normal 0 0 1
    outer loop
      vertex 98.4782 76.6123 115.9
      vertex 98.4782 75.3877 115.9
      vertex 98.6 76 115.9
    endloop
  endfacet
  facet normal 0 0 1
    outer loop
      vertex 98.1314 77.1314 115.9
      vertex 98.4782 75.3877 115.9
      vertex 98.4782 76.6123 115.9
    endloop
  endfacet
  facet normal 0 0 1
    outer loop
      vertex 98.1314 77.1314 115.9
      vertex 98.1314 74.8686 115.9
      vertex 98.4782 75.3877 115.9
    endloop
  endfacet
  facet normal 0 0 1
    outer loop
      vertex 97.6123 77.4782 115.9
      vertex 98.1314 74.8686 115.9
      vertex 98.1314 77.1314 115.9
    endloop
  endfacet
  facet normal 0 0 1
    outer loop
      vertex 97.6123 77.4782 115.9
      vertex 97.6123 74.5218 115.9
      vertex 98.1314 74.8686 115.9
    endloop
  endfacet
  facet normal 0 0 1
    outer loop
      vertex 97 77.6 115.9
      vertex 97.6123 74.5218 115.9
      vertex 97.6123 77.4782 115.9
    endloop
  endfacet
  facet normal 0 0 1
    outer loop
      vertex 97 77.6 115.9
      vertex 97 74.4 115.9
      vertex 97.6123 74.5218 115.9
    endloop
  endfacet
  facet normal -0 0 1
    outer loop
      vertex 96.3877 77.4782 115.9
      vertex 97 74.4 115.9
      vertex 97 77.6 115.9
    endloop
  endfacet
  facet normal 0 0 1
    outer loop
      vertex 96.3877 77.4782 115.9
      vertex 96.3877 74.5218 115.9
      vertex 97 74.4 115.9
    endloop
  endfacet
  facet normal -0 0 1
    outer loop
      vertex 95.8686 77.1314 115.9
      vertex 96.3877 74.5218 115.9
      vertex 96.3877 77.4782 115.9
    endloop
  endfacet
  facet normal 0 0 1
    outer loop
      vertex 95.8686 77.1314 115.9
      vertex 95.8686 74.8686 115.9
      vertex 96.3877 74.5218 115.9
    endloop
  endfacet
  facet normal -0 0 1
    outer loop
      vertex 95.5218 76.6123 115.9
      vertex 95.8686 74.8686 115.9
      vertex 95.8686 77.1314 115.9
    endloop
  endfacet
  facet normal 0 0 1
    outer loop
      vertex 95.5218 76.6123 115.9
      vertex 95.5218 75.3877 115.9
      vertex 95.8686 74.8686 115.9
    endloop
  endfacet
  facet normal 0 -0 1
    outer loop
      vertex 95.5218 75.3877 115.9
      vertex 95.5218 76.6123 115.9
      vertex 95.4 76 115.9
    endloop
  endfacet
  facet normal -1 0 0
    outer loop
      vertex 46.5 42.7 128
      vertex 46.5 42 130
      vertex 46.5 42.7 130
    endloop
  endfacet
  facet normal -1 0 0
    outer loop
      vertex 46.5 41.3 128
      vertex 46.5 42 130
      vertex 46.5 42.7 128
    endloop
  endfacet
  facet normal -1 -0 0
    outer loop
      vertex 46.5 42 130
      vertex 46.5 41.3 128
      vertex 46.5 41.3 130
    endloop
  endfacet
  facet normal 0 0 -1
    outer loop
      vertex 10.5 42.7 130
      vertex 10.7899 42.7 130
      vertex 10.5 42 130
    endloop
  endfacet
  facet normal -0 -0 -1
    outer loop
      vertex 46.5 42.7 130
      vertex 46.5 42 130
      vertex 46.21 42.7 130
    endloop
  endfacet
  facet normal 0 0 -1
    outer loop
      vertex 10.5 42 130
      vertex 10.7899 41.3 130
      vertex 10.5 41.3 130
    endloop
  endfacet
  facet normal 0 -0 -1
    outer loop
      vertex 46.5 42 130
      vertex 46.5 41.3 130
      vertex 46.21 41.3 130
    endloop
  endfacet
  facet normal 0 0 -1
    outer loop
      vertex 27.8 24.2899 130
      vertex 28.5 24 130
      vertex 27.8 24 130
    endloop
  endfacet
  facet normal 0 0 -1
    outer loop
      vertex 27.8 60 130
      vertex 28.5 60 130
      vertex 27.8 59.71 130
    endloop
  endfacet
  facet normal 0 -0 -1
    outer loop
      vertex 29.2 24.2899 130
      vertex 29.2 24 130
      vertex 28.5 24 130
    endloop
  endfacet
  facet normal -0 -0 -1
    outer loop
      vertex 29.2 60 130
      vertex 29.2 59.71 130
      vertex 28.5 60 130
    endloop
  endfacet
  facet normal 0 -0 -1
    outer loop
      vertex 15.4821 29.9721 130
      vertex 15.7721 29.2721 130
      vertex 15.2771 29.7671 130
    endloop
  endfacet
  facet normal 0 -0 -1
    outer loop
      vertex 40.7329 55.2229 130
      vertex 41.2279 54.7279 130
      vertex 40.5279 55.0179 130
    endloop
  endfacet
  facet normal -0 0 -1
    outer loop
      vertex 16.4721 28.9821 130
      vertex 16.2671 28.7771 130
      vertex 15.7721 29.2721 130
    endloop
  endfacet
  facet normal -0 0 -1
    outer loop
      vertex 41.7229 54.2329 130
      vertex 41.5179 54.0279 130
      vertex 41.2279 54.7279 130
    endloop
  endfacet
  facet normal 0 0 -1
    outer loop
      vertex 41.2279 29.2721 130
      vertex 40.7329 28.7771 130
      vertex 40.5279 28.9821 130
    endloop
  endfacet
  facet normal 0 0 -1
    outer loop
      vertex 15.7721 54.7279 130
      vertex 15.4821 54.0279 130
      vertex 15.2771 54.2329 130
    endloop
  endfacet
  facet normal 0 -0 -1
    outer loop
      vertex 41.5179 29.9721 130
      vertex 41.7229 29.7671 130
      vertex 41.2279 29.2721 130
    endloop
  endfacet
  facet normal 0 -0 -1
    outer loop
      vertex 16.2671 55.2229 130
      vertex 16.4721 55.0179 130
      vertex 15.7721 54.7279 130
    endloop
  endfacet
  facet normal 1 -0 0
    outer loop
      vertex 10.5 42 130
      vertex 10.5 42.7 128
      vertex 10.5 42.7 130
    endloop
  endfacet
  facet normal 1 0 0
    outer loop
      vertex 10.5 41.3 128
      vertex 10.5 42 130
      vertex 10.5 41.3 130
    endloop
  endfacet
  facet normal 1 0 0
    outer loop
      vertex 10.5 42 130
      vertex 10.5 41.3 128
      vertex 10.5 42.7 128
    endloop
  endfacet
  facet normal 0 -1 0
    outer loop
      vertex 10.5 42.7 128
      vertex 10.7899 42.7 130
      vertex 10.5 42.7 130
    endloop
  endfacet
  facet normal 0 -1 -0
    outer loop
      vertex 10.7899 42.7 130
      vertex 10.5 42.7 128
      vertex 10.7899 42.7 128
    endloop
  endfacet
  facet normal 0 -1 0
    outer loop
      vertex 46.21 42.7 128
      vertex 46.5 42.7 130
      vertex 46.21 42.7 130
    endloop
  endfacet
  facet normal 0 -1 -0
    outer loop
      vertex 46.5 42.7 130
      vertex 46.21 42.7 128
      vertex 46.5 42.7 128
    endloop
  endfacet
  facet normal 0 1 -0
    outer loop
      vertex 10.7899 41.3 128
      vertex 10.5 41.3 130
      vertex 10.7899 41.3 130
    endloop
  endfacet
  facet normal 0 1 0
    outer loop
      vertex 10.5 41.3 130
      vertex 10.7899 41.3 128
      vertex 10.5 41.3 128
    endloop
  endfacet
  facet normal 0 1 -0
    outer loop
      vertex 46.5 41.3 128
      vertex 46.21 41.3 130
      vertex 46.5 41.3 130
    endloop
  endfacet
  facet normal 0 1 0
    outer loop
      vertex 46.21 41.3 130
      vertex 46.5 41.3 128
      vertex 46.21 41.3 128
    endloop
  endfacet
  facet normal -0.707107 -0.707107 0
    outer loop
      vertex 40.7329 55.2229 128
      vertex 41.2279 54.7279 130
      vertex 40.7329 55.2229 130
    endloop
  endfacet
  facet normal -0.707107 -0.707107 -2.5177e-15
    outer loop
      vertex 41.7229 54.2329 128
      vertex 41.2279 54.7279 130
      vertex 40.7329 55.2229 128
    endloop
  endfacet
  facet normal -0.707107 -0.707107 0
    outer loop
      vertex 41.2279 54.7279 130
      vertex 41.7229 54.2329 128
      vertex 41.7229 54.2329 130
    endloop
  endfacet
  facet normal 0.707107 0.707107 0
    outer loop
      vertex 15.7721 29.2721 130
      vertex 15.2771 29.7671 128
      vertex 15.2771 29.7671 130
    endloop
  endfacet
  facet normal 0.707107 0.707107 -0
    outer loop
      vertex 16.2671 28.7771 128
      vertex 15.7721 29.2721 130
      vertex 16.2671 28.7771 130
    endloop
  endfacet
  facet normal 0.707107 0.707107 6.24469e-16
    outer loop
      vertex 15.7721 29.2721 130
      vertex 16.2671 28.7771 128
      vertex 15.2771 29.7671 128
    endloop
  endfacet
  facet normal 0.707107 -0.707107 0
    outer loop
      vertex 15.2771 29.7671 128
      vertex 15.4821 29.9721 130
      vertex 15.2771 29.7671 130
    endloop
  endfacet
  facet normal 0.707107 -0.707107 0
    outer loop
      vertex 15.4821 29.9721 130
      vertex 15.2771 29.7671 128
      vertex 15.4821 29.9721 128
    endloop
  endfacet
  facet normal 0.707107 -0.707107 0
    outer loop
      vertex 40.5279 55.0179 128
      vertex 40.7329 55.2229 130
      vertex 40.5279 55.0179 130
    endloop
  endfacet
  facet normal 0.707107 -0.707107 0
    outer loop
      vertex 40.7329 55.2229 130
      vertex 40.5279 55.0179 128
      vertex 40.7329 55.2229 128
    endloop
  endfacet
  facet normal -0.707107 0.707107 0
    outer loop
      vertex 16.2671 28.7771 128
      vertex 16.4721 28.9821 130
      vertex 16.4721 28.9821 128
    endloop
  endfacet
  facet normal -0.707107 0.707107 0
    outer loop
      vertex 16.4721 28.9821 130
      vertex 16.2671 28.7771 128
      vertex 16.2671 28.7771 130
    endloop
  endfacet
  facet normal -0.707107 0.707107 0
    outer loop
      vertex 41.5179 54.0279 128
      vertex 41.7229 54.2329 130
      vertex 41.7229 54.2329 128
    endloop
  endfacet
  facet normal -0.707107 0.707107 0
    outer loop
      vertex 41.7229 54.2329 130
      vertex 41.5179 54.0279 128
      vertex 41.5179 54.0279 130
    endloop
  endfacet
  facet normal 0 1 -0
    outer loop
      vertex 29.2 24 128
      vertex 28.5 24 130
      vertex 29.2 24 130
    endloop
  endfacet
  facet normal 0 1 0
    outer loop
      vertex 27.8 24 128
      vertex 28.5 24 130
      vertex 29.2 24 128
    endloop
  endfacet
  facet normal 0 1 0
    outer loop
      vertex 28.5 24 130
      vertex 27.8 24 128
      vertex 27.8 24 130
    endloop
  endfacet
  facet normal 1 -0 0
    outer loop
      vertex 27.8 24 130
      vertex 27.8 24.2899 128
      vertex 27.8 24.2899 130
    endloop
  endfacet
  facet normal 1 0 0
    outer loop
      vertex 27.8 24.2899 128
      vertex 27.8 24 130
      vertex 27.8 24 128
    endloop
  endfacet
  facet normal 1 -0 0
    outer loop
      vertex 27.8 59.71 130
      vertex 27.8 60 128
      vertex 27.8 60 130
    endloop
  endfacet
  facet normal 1 0 0
    outer loop
      vertex 27.8 60 128
      vertex 27.8 59.71 130
      vertex 27.8 59.71 128
    endloop
  endfacet
  facet normal -1 0 0
    outer loop
      vertex 29.2 24 128
      vertex 29.2 24.2899 130
      vertex 29.2 24.2899 128
    endloop
  endfacet
  facet normal -1 -0 0
    outer loop
      vertex 29.2 24.2899 130
      vertex 29.2 24 128
      vertex 29.2 24 130
    endloop
  endfacet
  facet normal -1 0 0
    outer loop
      vertex 29.2 59.71 128
      vertex 29.2 60 130
      vertex 29.2 60 128
    endloop
  endfacet
  facet normal -1 -0 0
    outer loop
      vertex 29.2 60 130
      vertex 29.2 59.71 128
      vertex 29.2 59.71 130
    endloop
  endfacet
  facet normal 0 -1 0
    outer loop
      vertex 27.8 60 128
      vertex 28.5 60 130
      vertex 27.8 60 130
    endloop
  endfacet
  facet normal 0 -1 0
    outer loop
      vertex 29.2 60 128
      vertex 28.5 60 130
      vertex 27.8 60 128
    endloop
  endfacet
  facet normal 0 -1 0
    outer loop
      vertex 28.5 60 130
      vertex 29.2 60 128
      vertex 29.2 60 130
    endloop
  endfacet
  facet normal 0.707107 -0.707107 0
    outer loop
      vertex 15.2771 54.2329 128
      vertex 15.7721 54.7279 130
      vertex 15.2771 54.2329 130
    endloop
  endfacet
  facet normal 0.707107 -0.707107 -1.24894e-15
    outer loop
      vertex 16.2671 55.2229 128
      vertex 15.7721 54.7279 130
      vertex 15.2771 54.2329 128
    endloop
  endfacet
  facet normal 0.707107 -0.707107 0
    outer loop
      vertex 15.7721 54.7279 130
      vertex 16.2671 55.2229 128
      vertex 16.2671 55.2229 130
    endloop
  endfacet
  facet normal -0.707107 0.707107 0
    outer loop
      vertex 41.7229 29.7671 128
      vertex 41.2279 29.2721 130
      vertex 41.7229 29.7671 130
    endloop
  endfacet
  facet normal -0.707107 0.707107 -6.14556e-16
    outer loop
      vertex 40.7329 28.7771 128
      vertex 41.2279 29.2721 130
      vertex 41.7229 29.7671 128
    endloop
  endfacet
  facet normal -0.707107 0.707107 0
    outer loop
      vertex 41.2279 29.2721 130
      vertex 40.7329 28.7771 128
      vertex 40.7329 28.7771 130
    endloop
  endfacet
  facet normal 0.707107 0.707107 -0
    outer loop
      vertex 40.7329 28.7771 128
      vertex 40.5279 28.9821 130
      vertex 40.7329 28.7771 130
    endloop
  endfacet
  facet normal 0.707107 0.707107 0
    outer loop
      vertex 40.5279 28.9821 130
      vertex 40.7329 28.7771 128
      vertex 40.5279 28.9821 128
    endloop
  endfacet
  facet normal 0.707107 0.707107 0
    outer loop
      vertex 15.4821 54.0279 130
      vertex 15.2771 54.2329 128
      vertex 15.2771 54.2329 130
    endloop
  endfacet
  facet normal 0.707107 0.707107 0
    outer loop
      vertex 15.2771 54.2329 128
      vertex 15.4821 54.0279 130
      vertex 15.4821 54.0279 128
    endloop
  endfacet
  facet normal -0.707107 -0.707107 0
    outer loop
      vertex 41.7229 29.7671 128
      vertex 41.5179 29.9721 130
      vertex 41.5179 29.9721 128
    endloop
  endfacet
  facet normal -0.707107 -0.707107 0
    outer loop
      vertex 41.5179 29.9721 130
      vertex 41.7229 29.7671 128
      vertex 41.7229 29.7671 130
    endloop
  endfacet
  facet normal -0.707107 -0.707107 0
    outer loop
      vertex 16.4721 55.0179 128
      vertex 16.2671 55.2229 130
      vertex 16.2671 55.2229 128
    endloop
  endfacet
  facet normal -0.707107 -0.707107 0
    outer loop
      vertex 16.2671 55.2229 130
      vertex 16.4721 55.0179 128
      vertex 16.4721 55.0179 130
    endloop
  endfacet
  facet normal -0.831508 -0.555513 0
    outer loop
      vertex 13.9782 26.6123 128
      vertex 13.6314 27.1314 132
      vertex 13.6314 27.1314 128
    endloop
  endfacet
  facet normal -0.831508 -0.555513 0
    outer loop
      vertex 13.6314 27.1314 132
      vertex 13.9782 26.6123 128
      vertex 13.9782 26.6123 132
    endloop
  endfacet
  facet normal -0.980783 -0.1951 0
    outer loop
      vertex 14.1 26 128
      vertex 13.9782 26.6123 132
      vertex 13.9782 26.6123 128
    endloop
  endfacet
  facet normal -0.980783 -0.1951 0
    outer loop
      vertex 13.9782 26.6123 132
      vertex 14.1 26 128
      vertex 14.1 26 132
    endloop
  endfacet
  facet normal -0.555513 -0.831508 0
    outer loop
      vertex 13.1123 27.4782 128
      vertex 13.6314 27.1314 132
      vertex 13.1123 27.4782 132
    endloop
  endfacet
  facet normal -0.555513 -0.831508 -0
    outer loop
      vertex 13.6314 27.1314 132
      vertex 13.1123 27.4782 128
      vertex 13.6314 27.1314 128
    endloop
  endfacet
  facet normal -0.1951 -0.980783 0
    outer loop
      vertex 12.5 27.6 128
      vertex 13.1123 27.4782 132
      vertex 12.5 27.6 132
    endloop
  endfacet
  facet normal -0.1951 -0.980783 -0
    outer loop
      vertex 13.1123 27.4782 132
      vertex 12.5 27.6 128
      vertex 13.1123 27.4782 128
    endloop
  endfacet
  facet normal -0.1951 0.980783 0
    outer loop
      vertex 13.1123 24.5218 128
      vertex 12.5 24.4 132
      vertex 13.1123 24.5218 132
    endloop
  endfacet
  facet normal -0.1951 0.980783 0
    outer loop
      vertex 12.5 24.4 132
      vertex 13.1123 24.5218 128
      vertex 12.5 24.4 128
    endloop
  endfacet
  facet normal -0.980783 0.1951 0
    outer loop
      vertex 13.9782 25.3877 128
      vertex 14.1 26 132
      vertex 14.1 26 128
    endloop
  endfacet
  facet normal -0.980783 0.1951 0
    outer loop
      vertex 14.1 26 132
      vertex 13.9782 25.3877 128
      vertex 13.9782 25.3877 132
    endloop
  endfacet
  facet normal -0.555513 0.831508 0
    outer loop
      vertex 13.6314 24.8686 128
      vertex 13.1123 24.5218 132
      vertex 13.6314 24.8686 132
    endloop
  endfacet
  facet normal -0.555513 0.831508 0
    outer loop
      vertex 13.1123 24.5218 132
      vertex 13.6314 24.8686 128
      vertex 13.1123 24.5218 128
    endloop
  endfacet
  facet normal 0.555513 -0.831508 0
    outer loop
      vertex 11.3686 27.1314 128
      vertex 11.8877 27.4782 132
      vertex 11.3686 27.1314 132
    endloop
  endfacet
  facet normal 0.555513 -0.831508 0
    outer loop
      vertex 11.8877 27.4782 132
      vertex 11.3686 27.1314 128
      vertex 11.8877 27.4782 128
    endloop
  endfacet
  facet normal 0.831508 0.555513 0
    outer loop
      vertex 11.3686 24.8686 132
      vertex 11.0218 25.3877 128
      vertex 11.0218 25.3877 132
    endloop
  endfacet
  facet normal 0.831508 0.555513 0
    outer loop
      vertex 11.0218 25.3877 128
      vertex 11.3686 24.8686 132
      vertex 11.3686 24.8686 128
    endloop
  endfacet
  facet normal 0.1951 0.980783 -0
    outer loop
      vertex 12.5 24.4 128
      vertex 11.8877 24.5218 132
      vertex 12.5 24.4 132
    endloop
  endfacet
  facet normal 0.1951 0.980783 0
    outer loop
      vertex 11.8877 24.5218 132
      vertex 12.5 24.4 128
      vertex 11.8877 24.5218 128
    endloop
  endfacet
  facet normal 0.980783 -0.1951 0
    outer loop
      vertex 10.9 26 132
      vertex 11.0218 26.6123 128
      vertex 11.0218 26.6123 132
    endloop
  endfacet
  facet normal 0.980783 -0.1951 0
    outer loop
      vertex 11.0218 26.6123 128
      vertex 10.9 26 132
      vertex 10.9 26 128
    endloop
  endfacet
  facet normal 0.831508 -0.555513 0
    outer loop
      vertex 11.0218 26.6123 132
      vertex 11.3686 27.1314 128
      vertex 11.3686 27.1314 132
    endloop
  endfacet
  facet normal 0.831508 -0.555513 0
    outer loop
      vertex 11.3686 27.1314 128
      vertex 11.0218 26.6123 132
      vertex 11.0218 26.6123 128
    endloop
  endfacet
  facet normal -0.831508 0.555513 0
    outer loop
      vertex 13.6314 24.8686 128
      vertex 13.9782 25.3877 132
      vertex 13.9782 25.3877 128
    endloop
  endfacet
  facet normal -0.831508 0.555513 0
    outer loop
      vertex 13.9782 25.3877 132
      vertex 13.6314 24.8686 128
      vertex 13.6314 24.8686 132
    endloop
  endfacet
  facet normal 0.1951 -0.980783 0
    outer loop
      vertex 11.8877 27.4782 128
      vertex 12.5 27.6 132
      vertex 11.8877 27.4782 132
    endloop
  endfacet
  facet normal 0.1951 -0.980783 0
    outer loop
      vertex 12.5 27.6 132
      vertex 11.8877 27.4782 128
      vertex 12.5 27.6 128
    endloop
  endfacet
  facet normal 0.980783 0.1951 0
    outer loop
      vertex 11.0218 25.3877 132
      vertex 10.9 26 128
      vertex 10.9 26 132
    endloop
  endfacet
  facet normal 0.980783 0.1951 0
    outer loop
      vertex 10.9 26 128
      vertex 11.0218 25.3877 132
      vertex 11.0218 25.3877 128
    endloop
  endfacet
  facet normal 0.555513 0.831508 -0
    outer loop
      vertex 11.8877 24.5218 128
      vertex 11.3686 24.8686 132
      vertex 11.8877 24.5218 132
    endloop
  endfacet
  facet normal 0.555513 0.831508 0
    outer loop
      vertex 11.3686 24.8686 132
      vertex 11.8877 24.5218 128
      vertex 11.3686 24.8686 128
    endloop
  endfacet
  facet normal -0.831508 -0.555513 0
    outer loop
      vertex 13.9782 58.6123 128
      vertex 13.6314 59.1314 132
      vertex 13.6314 59.1314 128
    endloop
  endfacet
  facet normal -0.831508 -0.555513 0
    outer loop
      vertex 13.6314 59.1314 132
      vertex 13.9782 58.6123 128
      vertex 13.9782 58.6123 132
    endloop
  endfacet
  facet normal -0.980783 -0.1951 0
    outer loop
      vertex 14.1 58 128
      vertex 13.9782 58.6123 132
      vertex 13.9782 58.6123 128
    endloop
  endfacet
  facet normal -0.980783 -0.1951 0
    outer loop
      vertex 13.9782 58.6123 132
      vertex 14.1 58 128
      vertex 14.1 58 132
    endloop
  endfacet
  facet normal -0.555513 -0.831508 0
    outer loop
      vertex 13.1123 59.4782 128
      vertex 13.6314 59.1314 132
      vertex 13.1123 59.4782 132
    endloop
  endfacet
  facet normal -0.555513 -0.831508 -0
    outer loop
      vertex 13.6314 59.1314 132
      vertex 13.1123 59.4782 128
      vertex 13.6314 59.1314 128
    endloop
  endfacet
  facet normal -0.831508 0.555513 0
    outer loop
      vertex 13.6314 56.8686 128
      vertex 13.9782 57.3877 132
      vertex 13.9782 57.3877 128
    endloop
  endfacet
  facet normal -0.831508 0.555513 0
    outer loop
      vertex 13.9782 57.3877 132
      vertex 13.6314 56.8686 128
      vertex 13.6314 56.8686 132
    endloop
  endfacet
  facet normal 0.1951 -0.980783 0
    outer loop
      vertex 11.8877 59.4782 128
      vertex 12.5 59.6 132
      vertex 11.8877 59.4782 132
    endloop
  endfacet
  facet normal 0.1951 -0.980783 0
    outer loop
      vertex 12.5 59.6 132
      vertex 11.8877 59.4782 128
      vertex 12.5 59.6 128
    endloop
  endfacet
  facet normal 0.831508 -0.555513 0
    outer loop
      vertex 11.0218 58.6123 132
      vertex 11.3686 59.1314 128
      vertex 11.3686 59.1314 132
    endloop
  endfacet
  facet normal 0.831508 -0.555513 0
    outer loop
      vertex 11.3686 59.1314 128
      vertex 11.0218 58.6123 132
      vertex 11.0218 58.6123 128
    endloop
  endfacet
  facet normal 0.980783 -0.1951 0
    outer loop
      vertex 10.9 58 132
      vertex 11.0218 58.6123 128
      vertex 11.0218 58.6123 132
    endloop
  endfacet
  facet normal 0.980783 -0.1951 0
    outer loop
      vertex 11.0218 58.6123 128
      vertex 10.9 58 132
      vertex 10.9 58 128
    endloop
  endfacet
  facet normal -0.1951 0.980783 0
    outer loop
      vertex 13.1123 56.5218 128
      vertex 12.5 56.4 132
      vertex 13.1123 56.5218 132
    endloop
  endfacet
  facet normal -0.1951 0.980783 0
    outer loop
      vertex 12.5 56.4 132
      vertex 13.1123 56.5218 128
      vertex 12.5 56.4 128
    endloop
  endfacet
  facet normal 0.1951 0.980783 -0
    outer loop
      vertex 12.5 56.4 128
      vertex 11.8877 56.5218 132
      vertex 12.5 56.4 132
    endloop
  endfacet
  facet normal 0.1951 0.980783 0
    outer loop
      vertex 11.8877 56.5218 132
      vertex 12.5 56.4 128
      vertex 11.8877 56.5218 128
    endloop
  endfacet
  facet normal 0.980783 0.1951 0
    outer loop
      vertex 11.0218 57.3877 132
      vertex 10.9 58 128
      vertex 10.9 58 132
    endloop
  endfacet
  facet normal 0.980783 0.1951 0
    outer loop
      vertex 10.9 58 128
      vertex 11.0218 57.3877 132
      vertex 11.0218 57.3877 128
    endloop
  endfacet
  facet normal -0.1951 -0.980783 0
    outer loop
      vertex 12.5 59.6 128
      vertex 13.1123 59.4782 132
      vertex 12.5 59.6 132
    endloop
  endfacet
  facet normal -0.1951 -0.980783 -0
    outer loop
      vertex 13.1123 59.4782 132
      vertex 12.5 59.6 128
      vertex 13.1123 59.4782 128
    endloop
  endfacet
  facet normal -0.980783 0.1951 0
    outer loop
      vertex 13.9782 57.3877 128
      vertex 14.1 58 132
      vertex 14.1 58 128
    endloop
  endfacet
  facet normal -0.980783 0.1951 0
    outer loop
      vertex 14.1 58 132
      vertex 13.9782 57.3877 128
      vertex 13.9782 57.3877 132
    endloop
  endfacet
  facet normal -0.555513 0.831508 0
    outer loop
      vertex 13.6314 56.8686 128
      vertex 13.1123 56.5218 132
      vertex 13.6314 56.8686 132
    endloop
  endfacet
  facet normal -0.555513 0.831508 0
    outer loop
      vertex 13.1123 56.5218 132
      vertex 13.6314 56.8686 128
      vertex 13.1123 56.5218 128
    endloop
  endfacet
  facet normal 0.831508 0.555513 0
    outer loop
      vertex 11.3686 56.8686 132
      vertex 11.0218 57.3877 128
      vertex 11.0218 57.3877 132
    endloop
  endfacet
  facet normal 0.831508 0.555513 0
    outer loop
      vertex 11.0218 57.3877 128
      vertex 11.3686 56.8686 132
      vertex 11.3686 56.8686 128
    endloop
  endfacet
  facet normal 0.555513 -0.831508 0
    outer loop
      vertex 11.3686 59.1314 128
      vertex 11.8877 59.4782 132
      vertex 11.3686 59.1314 132
    endloop
  endfacet
  facet normal 0.555513 -0.831508 0
    outer loop
      vertex 11.8877 59.4782 132
      vertex 11.3686 59.1314 128
      vertex 11.8877 59.4782 128
    endloop
  endfacet
  facet normal 0.555513 0.831508 -0
    outer loop
      vertex 11.8877 56.5218 128
      vertex 11.3686 56.8686 132
      vertex 11.8877 56.5218 132
    endloop
  endfacet
  facet normal 0.555513 0.831508 0
    outer loop
      vertex 11.3686 56.8686 132
      vertex 11.8877 56.5218 128
      vertex 11.3686 56.8686 128
    endloop
  endfacet
  facet normal 0.980783 -0.1951 0
    outer loop
      vertex 42.9 26 132
      vertex 43.0218 26.6123 128
      vertex 43.0218 26.6123 132
    endloop
  endfacet
  facet normal 0.980783 -0.1951 0
    outer loop
      vertex 43.0218 26.6123 128
      vertex 42.9 26 132
      vertex 42.9 26 128
    endloop
  endfacet
  facet normal -0.831508 -0.555513 0
    outer loop
      vertex 45.9782 26.6123 128
      vertex 45.6314 27.1314 132
      vertex 45.6314 27.1314 128
    endloop
  endfacet
  facet normal -0.831508 -0.555513 0
    outer loop
      vertex 45.6314 27.1314 132
      vertex 45.9782 26.6123 128
      vertex 45.9782 26.6123 132
    endloop
  endfacet
  facet normal -0.980783 -0.1951 0
    outer loop
      vertex 46.1 26 128
      vertex 45.9782 26.6123 132
      vertex 45.9782 26.6123 128
    endloop
  endfacet
  facet normal -0.980783 -0.1951 0
    outer loop
      vertex 45.9782 26.6123 132
      vertex 46.1 26 128
      vertex 46.1 26 132
    endloop
  endfacet
  facet normal -0.555513 -0.831508 0
    outer loop
      vertex 45.1123 27.4782 128
      vertex 45.6314 27.1314 132
      vertex 45.1123 27.4782 132
    endloop
  endfacet
  facet normal -0.555513 -0.831508 -0
    outer loop
      vertex 45.6314 27.1314 132
      vertex 45.1123 27.4782 128
      vertex 45.6314 27.1314 128
    endloop
  endfacet
  facet normal -0.831508 0.555513 0
    outer loop
      vertex 45.6314 24.8686 128
      vertex 45.9782 25.3877 132
      vertex 45.9782 25.3877 128
    endloop
  endfacet
  facet normal -0.831508 0.555513 0
    outer loop
      vertex 45.9782 25.3877 132
      vertex 45.6314 24.8686 128
      vertex 45.6314 24.8686 132
    endloop
  endfacet
  facet normal -0.555513 0.831508 0
    outer loop
      vertex 45.6314 24.8686 128
      vertex 45.1123 24.5218 132
      vertex 45.6314 24.8686 132
    endloop
  endfacet
  facet normal -0.555513 0.831508 0
    outer loop
      vertex 45.1123 24.5218 132
      vertex 45.6314 24.8686 128
      vertex 45.1123 24.5218 128
    endloop
  endfacet
  facet normal 0.555513 -0.831508 0
    outer loop
      vertex 43.3686 27.1314 128
      vertex 43.8877 27.4782 132
      vertex 43.3686 27.1314 132
    endloop
  endfacet
  facet normal 0.555513 -0.831508 0
    outer loop
      vertex 43.8877 27.4782 132
      vertex 43.3686 27.1314 128
      vertex 43.8877 27.4782 128
    endloop
  endfacet
  facet normal 0.1951 0.980783 -0
    outer loop
      vertex 44.5 24.4 128
      vertex 43.8877 24.5218 132
      vertex 44.5 24.4 132
    endloop
  endfacet
  facet normal 0.1951 0.980783 0
    outer loop
      vertex 43.8877 24.5218 132
      vertex 44.5 24.4 128
      vertex 43.8877 24.5218 128
    endloop
  endfacet
  facet normal 0.1951 -0.980783 0
    outer loop
      vertex 43.8877 27.4782 128
      vertex 44.5 27.6 132
      vertex 43.8877 27.4782 132
    endloop
  endfacet
  facet normal 0.1951 -0.980783 0
    outer loop
      vertex 44.5 27.6 132
      vertex 43.8877 27.4782 128
      vertex 44.5 27.6 128
    endloop
  endfacet
  facet normal -0.1951 -0.980783 0
    outer loop
      vertex 44.5 27.6 128
      vertex 45.1123 27.4782 132
      vertex 44.5 27.6 132
    endloop
  endfacet
  facet normal -0.1951 -0.980783 -0
    outer loop
      vertex 45.1123 27.4782 132
      vertex 44.5 27.6 128
      vertex 45.1123 27.4782 128
    endloop
  endfacet
  facet normal -0.980783 0.1951 0
    outer loop
      vertex 45.9782 25.3877 128
      vertex 46.1 26 132
      vertex 46.1 26 128
    endloop
  endfacet
  facet normal -0.980783 0.1951 0
    outer loop
      vertex 46.1 26 132
      vertex 45.9782 25.3877 128
      vertex 45.9782 25.3877 132
    endloop
  endfacet
  facet normal 0.831508 -0.555513 0
    outer loop
      vertex 43.0218 26.6123 132
      vertex 43.3686 27.1314 128
      vertex 43.3686 27.1314 132
    endloop
  endfacet
  facet normal 0.831508 -0.555513 0
    outer loop
      vertex 43.3686 27.1314 128
      vertex 43.0218 26.6123 132
      vertex 43.0218 26.6123 128
    endloop
  endfacet
  facet normal -0.1951 0.980783 0
    outer loop
      vertex 45.1123 24.5218 128
      vertex 44.5 24.4 132
      vertex 45.1123 24.5218 132
    endloop
  endfacet
  facet normal -0.1951 0.980783 0
    outer loop
      vertex 44.5 24.4 132
      vertex 45.1123 24.5218 128
      vertex 44.5 24.4 128
    endloop
  endfacet
  facet normal 0.831508 0.555513 0
    outer loop
      vertex 43.3686 24.8686 132
      vertex 43.0218 25.3877 128
      vertex 43.0218 25.3877 132
    endloop
  endfacet
  facet normal 0.831508 0.555513 0
    outer loop
      vertex 43.0218 25.3877 128
      vertex 43.3686 24.8686 132
      vertex 43.3686 24.8686 128
    endloop
  endfacet
  facet normal 0.980783 0.1951 0
    outer loop
      vertex 43.0218 25.3877 132
      vertex 42.9 26 128
      vertex 42.9 26 132
    endloop
  endfacet
  facet normal 0.980783 0.1951 0
    outer loop
      vertex 42.9 26 128
      vertex 43.0218 25.3877 132
      vertex 43.0218 25.3877 128
    endloop
  endfacet
  facet normal 0.555513 0.831508 -0
    outer loop
      vertex 43.8877 24.5218 128
      vertex 43.3686 24.8686 132
      vertex 43.8877 24.5218 132
    endloop
  endfacet
  facet normal 0.555513 0.831508 0
    outer loop
      vertex 43.3686 24.8686 132
      vertex 43.8877 24.5218 128
      vertex 43.3686 24.8686 128
    endloop
  endfacet
  facet normal -0.831508 -0.555513 0
    outer loop
      vertex 45.9782 58.6123 128
      vertex 45.6314 59.1314 132
      vertex 45.6314 59.1314 128
    endloop
  endfacet
  facet normal -0.831508 -0.555513 0
    outer loop
      vertex 45.6314 59.1314 132
      vertex 45.9782 58.6123 128
      vertex 45.9782 58.6123 132
    endloop
  endfacet
  facet normal -0.980783 -0.1951 0
    outer loop
      vertex 46.1 58 128
      vertex 45.9782 58.6123 132
      vertex 45.9782 58.6123 128
    endloop
  endfacet
  facet normal -0.980783 -0.1951 0
    outer loop
      vertex 45.9782 58.6123 132
      vertex 46.1 58 128
      vertex 46.1 58 132
    endloop
  endfacet
  facet normal -0.555513 -0.831508 0
    outer loop
      vertex 45.1123 59.4782 128
      vertex 45.6314 59.1314 132
      vertex 45.1123 59.4782 132
    endloop
  endfacet
  facet normal -0.555513 -0.831508 -0
    outer loop
      vertex 45.6314 59.1314 132
      vertex 45.1123 59.4782 128
      vertex 45.6314 59.1314 128
    endloop
  endfacet
  facet normal -0.831508 0.555513 0
    outer loop
      vertex 45.6314 56.8686 128
      vertex 45.9782 57.3877 132
      vertex 45.9782 57.3877 128
    endloop
  endfacet
  facet normal -0.831508 0.555513 0
    outer loop
      vertex 45.9782 57.3877 132
      vertex 45.6314 56.8686 128
      vertex 45.6314 56.8686 132
    endloop
  endfacet
  facet normal 0.1951 -0.980783 0
    outer loop
      vertex 43.8877 59.4782 128
      vertex 44.5 59.6 132
      vertex 43.8877 59.4782 132
    endloop
  endfacet
  facet normal 0.1951 -0.980783 0
    outer loop
      vertex 44.5 59.6 132
      vertex 43.8877 59.4782 128
      vertex 44.5 59.6 128
    endloop
  endfacet
  facet normal 0.831508 -0.555513 0
    outer loop
      vertex 43.0218 58.6123 132
      vertex 43.3686 59.1314 128
      vertex 43.3686 59.1314 132
    endloop
  endfacet
  facet normal 0.831508 -0.555513 0
    outer loop
      vertex 43.3686 59.1314 128
      vertex 43.0218 58.6123 132
      vertex 43.0218 58.6123 128
    endloop
  endfacet
  facet normal 0.980783 -0.1951 0
    outer loop
      vertex 42.9 58 132
      vertex 43.0218 58.6123 128
      vertex 43.0218 58.6123 132
    endloop
  endfacet
  facet normal 0.980783 -0.1951 0
    outer loop
      vertex 43.0218 58.6123 128
      vertex 42.9 58 132
      vertex 42.9 58 128
    endloop
  endfacet
  facet normal -0.1951 0.980783 0
    outer loop
      vertex 45.1123 56.5218 128
      vertex 44.5 56.4 132
      vertex 45.1123 56.5218 132
    endloop
  endfacet
  facet normal -0.1951 0.980783 0
    outer loop
      vertex 44.5 56.4 132
      vertex 45.1123 56.5218 128
      vertex 44.5 56.4 128
    endloop
  endfacet
  facet normal 0.1951 0.980783 -0
    outer loop
      vertex 44.5 56.4 128
      vertex 43.8877 56.5218 132
      vertex 44.5 56.4 132
    endloop
  endfacet
  facet normal 0.1951 0.980783 0
    outer loop
      vertex 43.8877 56.5218 132
      vertex 44.5 56.4 128
      vertex 43.8877 56.5218 128
    endloop
  endfacet
  facet normal 0.980783 0.1951 0
    outer loop
      vertex 43.0218 57.3877 132
      vertex 42.9 58 128
      vertex 42.9 58 132
    endloop
  endfacet
  facet normal 0.980783 0.1951 0
    outer loop
      vertex 42.9 58 128
      vertex 43.0218 57.3877 132
      vertex 43.0218 57.3877 128
    endloop
  endfacet
  facet normal -0.1951 -0.980783 0
    outer loop
      vertex 44.5 59.6 128
      vertex 45.1123 59.4782 132
      vertex 44.5 59.6 132
    endloop
  endfacet
  facet normal -0.1951 -0.980783 -0
    outer loop
      vertex 45.1123 59.4782 132
      vertex 44.5 59.6 128
      vertex 45.1123 59.4782 128
    endloop
  endfacet
  facet normal -0.980783 0.1951 0
    outer loop
      vertex 45.9782 57.3877 128
      vertex 46.1 58 132
      vertex 46.1 58 128
    endloop
  endfacet
  facet normal -0.980783 0.1951 0
    outer loop
      vertex 46.1 58 132
      vertex 45.9782 57.3877 128
      vertex 45.9782 57.3877 132
    endloop
  endfacet
  facet normal -0.555513 0.831508 0
    outer loop
      vertex 45.6314 56.8686 128
      vertex 45.1123 56.5218 132
      vertex 45.6314 56.8686 132
    endloop
  endfacet
  facet normal -0.555513 0.831508 0
    outer loop
      vertex 45.1123 56.5218 132
      vertex 45.6314 56.8686 128
      vertex 45.1123 56.5218 128
    endloop
  endfacet
  facet normal 0.831508 0.555513 0
    outer loop
      vertex 43.3686 56.8686 132
      vertex 43.0218 57.3877 128
      vertex 43.0218 57.3877 132
    endloop
  endfacet
  facet normal 0.831508 0.555513 0
    outer loop
      vertex 43.0218 57.3877 128
      vertex 43.3686 56.8686 132
      vertex 43.3686 56.8686 128
    endloop
  endfacet
  facet normal 0.555513 -0.831508 0
    outer loop
      vertex 43.3686 59.1314 128
      vertex 43.8877 59.4782 132
      vertex 43.3686 59.1314 132
    endloop
  endfacet
  facet normal 0.555513 -0.831508 0
    outer loop
      vertex 43.8877 59.4782 132
      vertex 43.3686 59.1314 128
      vertex 43.8877 59.4782 128
    endloop
  endfacet
  facet normal 0.555513 0.831508 -0
    outer loop
      vertex 43.8877 56.5218 128
      vertex 43.3686 56.8686 132
      vertex 43.8877 56.5218 132
    endloop
  endfacet
  facet normal 0.555513 0.831508 0
    outer loop
      vertex 43.3686 56.8686 132
      vertex 43.8877 56.5218 128
      vertex 43.3686 56.8686 128
    endloop
  endfacet
  facet normal 0.923903 0.382628 0
    outer loop
      vertex 10.5 42 132
      vertex 10.7899 41.3 130
      vertex 10.5 42 130
    endloop
  endfacet
  facet normal 0.923879 0.382686 0
    outer loop
      vertex 10.7899 41.3 130
      vertex 15.4821 29.9721 130
      vertex 10.7899 41.3 128
    endloop
  endfacet
  facet normal 0.923879 0.382686 -2.37248e-05
    outer loop
      vertex 10.5 42 132
      vertex 15.4821 29.9721 130
      vertex 10.7899 41.3 130
    endloop
  endfacet
  facet normal 0.923879 0.382685 -2.25382e-05
    outer loop
      vertex 15.7721 29.2721 132
      vertex 15.4821 29.9721 130
      vertex 10.5 42 132
    endloop
  endfacet
  facet normal 0.923856 0.38274 0
    outer loop
      vertex 15.4821 29.9721 130
      vertex 15.7721 29.2721 132
      vertex 15.7721 29.2721 130
    endloop
  endfacet
  facet normal 0.923879 0.382686 0
    outer loop
      vertex 10.7899 41.3 128
      vertex 15.4821 29.9721 130
      vertex 15.4821 29.9721 128
    endloop
  endfacet
  facet normal -0.382679 -0.923882 0
    outer loop
      vertex 29.2 59.71 128
      vertex 40.5279 55.0179 130
      vertex 29.2 59.71 130
    endloop
  endfacet
  facet normal -0.382679 -0.923882 -0
    outer loop
      vertex 40.5279 55.0179 130
      vertex 29.2 59.71 128
      vertex 40.5279 55.0179 128
    endloop
  endfacet
  facet normal -0.38274 -0.923856 0
    outer loop
      vertex 29.2 59.71 130
      vertex 28.5 60 132
      vertex 28.5 60 130
    endloop
  endfacet
  facet normal -0.382685 -0.923879 2.25382e-05
    outer loop
      vertex 28.5 60 132
      vertex 29.2 59.71 130
      vertex 41.2279 54.7279 132
    endloop
  endfacet
  facet normal -0.382679 -0.923882 -2.53238e-05
    outer loop
      vertex 40.5279 55.0179 130
      vertex 41.2279 54.7279 132
      vertex 29.2 59.71 130
    endloop
  endfacet
  facet normal -0.38274 -0.923856 -0
    outer loop
      vertex 41.2279 54.7279 132
      vertex 40.5279 55.0179 130
      vertex 41.2279 54.7279 130
    endloop
  endfacet
  facet normal -0.923856 -0.38274 0
    outer loop
      vertex 41.5179 54.0279 130
      vertex 41.2279 54.7279 132
      vertex 41.2279 54.7279 130
    endloop
  endfacet
  facet normal -0.923882 -0.382679 -0
    outer loop
      vertex 46.21 42.7 130
      vertex 41.5179 54.0279 130
      vertex 46.21 42.7 128
    endloop
  endfacet
  facet normal -0.923882 -0.382679 -2.53238e-05
    outer loop
      vertex 41.5179 54.0279 130
      vertex 46.21 42.7 130
      vertex 41.2279 54.7279 132
    endloop
  endfacet
  facet normal -0.923856 -0.38274 -0
    outer loop
      vertex 46.5 42 132
      vertex 46.21 42.7 130
      vertex 46.5 42 130
    endloop
  endfacet
  facet normal -0.923879 -0.382685 2.25382e-05
    outer loop
      vertex 46.21 42.7 130
      vertex 46.5 42 132
      vertex 41.2279 54.7279 132
    endloop
  endfacet
  facet normal -0.923882 -0.382679 0
    outer loop
      vertex 41.5179 54.0279 128
      vertex 46.21 42.7 128
      vertex 41.5179 54.0279 130
    endloop
  endfacet
  facet normal -0.923882 0.382679 0
    outer loop
      vertex 46.21 41.3 128
      vertex 41.5179 29.9721 128
      vertex 46.21 41.3 130
    endloop
  endfacet
  facet normal -0.923856 0.38274 0
    outer loop
      vertex 46.21 41.3 130
      vertex 46.5 42 132
      vertex 46.5 42 130
    endloop
  endfacet
  facet normal -0.923882 0.382679 0
    outer loop
      vertex 41.5179 29.9721 130
      vertex 46.21 41.3 130
      vertex 41.5179 29.9721 128
    endloop
  endfacet
  facet normal -0.923882 0.382679 2.53238e-05
    outer loop
      vertex 46.21 41.3 130
      vertex 41.5179 29.9721 130
      vertex 46.5 42 132
    endloop
  endfacet
  facet normal -0.923856 0.38274 0
    outer loop
      vertex 41.2279 29.2721 132
      vertex 41.5179 29.9721 130
      vertex 41.2279 29.2721 130
    endloop
  endfacet
  facet normal -0.923879 0.382685 -2.25382e-05
    outer loop
      vertex 41.5179 29.9721 130
      vertex 41.2279 29.2721 132
      vertex 46.5 42 132
    endloop
  endfacet
  facet normal 0.382686 0.923879 -0
    outer loop
      vertex 27.8 24.2899 128
      vertex 16.4721 28.9821 130
      vertex 27.8 24.2899 130
    endloop
  endfacet
  facet normal 0.382686 0.923879 0
    outer loop
      vertex 16.4721 28.9821 130
      vertex 27.8 24.2899 128
      vertex 16.4721 28.9821 128
    endloop
  endfacet
  facet normal 0.382628 0.923903 0
    outer loop
      vertex 27.8 24.2899 130
      vertex 28.5 24 132
      vertex 28.5 24 130
    endloop
  endfacet
  facet normal 0.382685 0.923879 -2.36557e-05
    outer loop
      vertex 28.5 24 132
      vertex 27.8 24.2899 130
      vertex 15.7721 29.2721 132
    endloop
  endfacet
  facet normal 0.382686 0.923879 -2.24692e-05
    outer loop
      vertex 16.4721 28.9821 130
      vertex 15.7721 29.2721 132
      vertex 27.8 24.2899 130
    endloop
  endfacet
  facet normal 0.38274 0.923856 0
    outer loop
      vertex 15.7721 29.2721 132
      vertex 16.4721 28.9821 130
      vertex 15.7721 29.2721 130
    endloop
  endfacet
  facet normal 0.923856 -0.38274 0
    outer loop
      vertex 15.7721 54.7279 132
      vertex 15.4821 54.0279 130
      vertex 15.7721 54.7279 130
    endloop
  endfacet
  facet normal 0.923879 -0.382686 0
    outer loop
      vertex 15.4821 54.0279 130
      vertex 10.7899 42.7 130
      vertex 15.4821 54.0279 128
    endloop
  endfacet
  facet normal 0.923879 -0.382686 -2.24692e-05
    outer loop
      vertex 15.7721 54.7279 132
      vertex 10.7899 42.7 130
      vertex 15.4821 54.0279 130
    endloop
  endfacet
  facet normal 0.923879 -0.382685 -2.36557e-05
    outer loop
      vertex 10.5 42 132
      vertex 10.7899 42.7 130
      vertex 15.7721 54.7279 132
    endloop
  endfacet
  facet normal 0.923903 -0.382628 0
    outer loop
      vertex 10.7899 42.7 130
      vertex 10.5 42 132
      vertex 10.5 42 130
    endloop
  endfacet
  facet normal 0.923879 -0.382686 0
    outer loop
      vertex 15.4821 54.0279 128
      vertex 10.7899 42.7 130
      vertex 10.7899 42.7 128
    endloop
  endfacet
  facet normal -0.382686 0.923879 0
    outer loop
      vertex 40.5279 28.9821 128
      vertex 29.2 24.2899 130
      vertex 40.5279 28.9821 130
    endloop
  endfacet
  facet normal -0.382686 0.923879 0
    outer loop
      vertex 29.2 24.2899 130
      vertex 40.5279 28.9821 128
      vertex 29.2 24.2899 128
    endloop
  endfacet
  facet normal -0.38274 0.923856 0
    outer loop
      vertex 40.5279 28.9821 130
      vertex 41.2279 29.2721 132
      vertex 41.2279 29.2721 130
    endloop
  endfacet
  facet normal -0.382685 0.923879 -2.25382e-05
    outer loop
      vertex 41.2279 29.2721 132
      vertex 40.5279 28.9821 130
      vertex 28.5 24 132
    endloop
  endfacet
  facet normal -0.382686 0.923879 -2.37248e-05
    outer loop
      vertex 29.2 24.2899 130
      vertex 28.5 24 132
      vertex 40.5279 28.9821 130
    endloop
  endfacet
  facet normal -0.382628 0.923903 0
    outer loop
      vertex 28.5 24 132
      vertex 29.2 24.2899 130
      vertex 28.5 24 130
    endloop
  endfacet
  facet normal 0.382679 -0.923882 0
    outer loop
      vertex 16.4721 55.0179 128
      vertex 27.8 59.71 130
      vertex 16.4721 55.0179 130
    endloop
  endfacet
  facet normal 0.382679 -0.923882 0
    outer loop
      vertex 27.8 59.71 130
      vertex 16.4721 55.0179 128
      vertex 27.8 59.71 128
    endloop
  endfacet
  facet normal 0.38274 -0.923856 0
    outer loop
      vertex 16.4721 55.0179 130
      vertex 15.7721 54.7279 132
      vertex 15.7721 54.7279 130
    endloop
  endfacet
  facet normal 0.382685 -0.923879 -2.25382e-05
    outer loop
      vertex 15.7721 54.7279 132
      vertex 16.4721 55.0179 130
      vertex 28.5 60 132
    endloop
  endfacet
  facet normal 0.382679 -0.923882 2.53238e-05
    outer loop
      vertex 27.8 59.71 130
      vertex 28.5 60 132
      vertex 16.4721 55.0179 130
    endloop
  endfacet
  facet normal 0.38274 -0.923856 0
    outer loop
      vertex 28.5 60 132
      vertex 27.8 59.71 130
      vertex 28.5 60 130
    endloop
  endfacet
  facet normal -1 0 0
    outer loop
      vertex 94.5 42.7 128
      vertex 94.5 42 130
      vertex 94.5 42.7 130
    endloop
  endfacet
  facet normal -1 0 0
    outer loop
      vertex 94.5 41.3 128
      vertex 94.5 42 130
      vertex 94.5 42.7 128
    endloop
  endfacet
  facet normal -1 -0 0
    outer loop
      vertex 94.5 42 130
      vertex 94.5 41.3 128
      vertex 94.5 41.3 130
    endloop
  endfacet
  facet normal 0 0 -1
    outer loop
      vertex 58.5 42.7 130
      vertex 58.79 42.7 130
      vertex 58.5 42 130
    endloop
  endfacet
  facet normal -0 -0 -1
    outer loop
      vertex 94.5 42.7 130
      vertex 94.5 42 130
      vertex 94.2101 42.7 130
    endloop
  endfacet
  facet normal 0 0 -1
    outer loop
      vertex 58.5 42 130
      vertex 58.79 41.3 130
      vertex 58.5 41.3 130
    endloop
  endfacet
  facet normal 0 -0 -1
    outer loop
      vertex 94.5 42 130
      vertex 94.5 41.3 130
      vertex 94.2101 41.3 130
    endloop
  endfacet
  facet normal 0 0 -1
    outer loop
      vertex 75.8 24.2899 130
      vertex 76.5 24 130
      vertex 75.8 24 130
    endloop
  endfacet
  facet normal 0 0 -1
    outer loop
      vertex 75.8 60 130
      vertex 76.5 60 130
      vertex 75.8 59.71 130
    endloop
  endfacet
  facet normal 0 -0 -1
    outer loop
      vertex 77.2 24.2899 130
      vertex 77.2 24 130
      vertex 76.5 24 130
    endloop
  endfacet
  facet normal -0 -0 -1
    outer loop
      vertex 77.2 60 130
      vertex 77.2 59.71 130
      vertex 76.5 60 130
    endloop
  endfacet
  facet normal 0 -0 -1
    outer loop
      vertex 63.4821 29.9721 130
      vertex 63.7721 29.2721 130
      vertex 63.2771 29.7671 130
    endloop
  endfacet
  facet normal 0 -0 -1
    outer loop
      vertex 88.7329 55.2229 130
      vertex 89.2279 54.7279 130
      vertex 88.5279 55.0179 130
    endloop
  endfacet
  facet normal -0 0 -1
    outer loop
      vertex 64.4721 28.9821 130
      vertex 64.2671 28.7771 130
      vertex 63.7721 29.2721 130
    endloop
  endfacet
  facet normal -0 0 -1
    outer loop
      vertex 89.7229 54.2329 130
      vertex 89.5179 54.0279 130
      vertex 89.2279 54.7279 130
    endloop
  endfacet
  facet normal 0 0 -1
    outer loop
      vertex 89.2279 29.2721 130
      vertex 88.7329 28.7771 130
      vertex 88.5279 28.9821 130
    endloop
  endfacet
  facet normal 0 0 -1
    outer loop
      vertex 63.7721 54.7279 130
      vertex 63.4821 54.0279 130
      vertex 63.2771 54.2329 130
    endloop
  endfacet
  facet normal 0 -0 -1
    outer loop
      vertex 89.5179 29.9721 130
      vertex 89.7229 29.7671 130
      vertex 89.2279 29.2721 130
    endloop
  endfacet
  facet normal 0 -0 -1
    outer loop
      vertex 64.2671 55.2229 130
      vertex 64.4721 55.0179 130
      vertex 63.7721 54.7279 130
    endloop
  endfacet
  facet normal 1 -0 0
    outer loop
      vertex 58.5 42 130
      vertex 58.5 42.7 128
      vertex 58.5 42.7 130
    endloop
  endfacet
  facet normal 1 0 0
    outer loop
      vertex 58.5 41.3 128
      vertex 58.5 42 130
      vertex 58.5 41.3 130
    endloop
  endfacet
  facet normal 1 0 0
    outer loop
      vertex 58.5 42 130
      vertex 58.5 41.3 128
      vertex 58.5 42.7 128
    endloop
  endfacet
  facet normal 0 -1 0
    outer loop
      vertex 58.5 42.7 128
      vertex 58.79 42.7 130
      vertex 58.5 42.7 130
    endloop
  endfacet
  facet normal 0 -1 -0
    outer loop
      vertex 58.79 42.7 130
      vertex 58.5 42.7 128
      vertex 58.79 42.7 128
    endloop
  endfacet
  facet normal 0 -1 0
    outer loop
      vertex 94.2101 42.7 128
      vertex 94.5 42.7 130
      vertex 94.2101 42.7 130
    endloop
  endfacet
  facet normal 0 -1 -0
    outer loop
      vertex 94.5 42.7 130
      vertex 94.2101 42.7 128
      vertex 94.5 42.7 128
    endloop
  endfacet
  facet normal 0 1 -0
    outer loop
      vertex 58.79 41.3 128
      vertex 58.5 41.3 130
      vertex 58.79 41.3 130
    endloop
  endfacet
  facet normal 0 1 0
    outer loop
      vertex 58.5 41.3 130
      vertex 58.79 41.3 128
      vertex 58.5 41.3 128
    endloop
  endfacet
  facet normal 0 1 -0
    outer loop
      vertex 94.5 41.3 128
      vertex 94.2101 41.3 130
      vertex 94.5 41.3 130
    endloop
  endfacet
  facet normal 0 1 0
    outer loop
      vertex 94.2101 41.3 130
      vertex 94.5 41.3 128
      vertex 94.2101 41.3 128
    endloop
  endfacet
  facet normal -0.707107 -0.707107 0
    outer loop
      vertex 88.7329 55.2229 128
      vertex 89.2279 54.7279 130
      vertex 88.7329 55.2229 130
    endloop
  endfacet
  facet normal -0.707107 -0.707107 1.24894e-15
    outer loop
      vertex 89.7229 54.2329 128
      vertex 89.2279 54.7279 130
      vertex 88.7329 55.2229 128
    endloop
  endfacet
  facet normal -0.707107 -0.707107 0
    outer loop
      vertex 89.2279 54.7279 130
      vertex 89.7229 54.2329 128
      vertex 89.7229 54.2329 130
    endloop
  endfacet
  facet normal 0.707107 0.707107 0
    outer loop
      vertex 63.7721 29.2721 130
      vertex 63.2771 29.7671 128
      vertex 63.2771 29.7671 130
    endloop
  endfacet
  facet normal 0.707107 0.707107 -0
    outer loop
      vertex 64.2671 28.7771 128
      vertex 63.7721 29.2721 130
      vertex 64.2671 28.7771 130
    endloop
  endfacet
  facet normal 0.707107 0.707107 -6.34381e-16
    outer loop
      vertex 63.7721 29.2721 130
      vertex 64.2671 28.7771 128
      vertex 63.2771 29.7671 128
    endloop
  endfacet
  facet normal 0.707107 -0.707107 0
    outer loop
      vertex 63.2771 29.7671 130
      vertex 63.4821 29.9721 128
      vertex 63.4821 29.9721 130
    endloop
  endfacet
  facet normal 0.707107 -0.707107 0
    outer loop
      vertex 63.4821 29.9721 128
      vertex 63.2771 29.7671 130
      vertex 63.2771 29.7671 128
    endloop
  endfacet
  facet normal 0.707107 -0.707107 0
    outer loop
      vertex 88.5279 55.0179 130
      vertex 88.7329 55.2229 128
      vertex 88.7329 55.2229 130
    endloop
  endfacet
  facet normal 0.707107 -0.707107 0
    outer loop
      vertex 88.7329 55.2229 128
      vertex 88.5279 55.0179 130
      vertex 88.5279 55.0179 128
    endloop
  endfacet
  facet normal -0.707107 0.707107 0
    outer loop
      vertex 64.2671 28.7771 128
      vertex 64.4721 28.9821 130
      vertex 64.4721 28.9821 128
    endloop
  endfacet
  facet normal -0.707107 0.707107 0
    outer loop
      vertex 64.4721 28.9821 130
      vertex 64.2671 28.7771 128
      vertex 64.2671 28.7771 130
    endloop
  endfacet
  facet normal -0.707107 0.707107 0
    outer loop
      vertex 89.7229 54.2329 128
      vertex 89.5179 54.0279 130
      vertex 89.7229 54.2329 130
    endloop
  endfacet
  facet normal -0.707107 0.707107 0
    outer loop
      vertex 89.5179 54.0279 130
      vertex 89.7229 54.2329 128
      vertex 89.5179 54.0279 128
    endloop
  endfacet
  facet normal 0 1 -0
    outer loop
      vertex 77.2 24 128
      vertex 76.5 24 130
      vertex 77.2 24 130
    endloop
  endfacet
  facet normal 0 1 0
    outer loop
      vertex 75.8 24 128
      vertex 76.5 24 130
      vertex 77.2 24 128
    endloop
  endfacet
  facet normal 0 1 0
    outer loop
      vertex 76.5 24 130
      vertex 75.8 24 128
      vertex 75.8 24 130
    endloop
  endfacet
  facet normal 1 -0 0
    outer loop
      vertex 75.8 24 130
      vertex 75.8 24.2899 128
      vertex 75.8 24.2899 130
    endloop
  endfacet
  facet normal 1 0 0
    outer loop
      vertex 75.8 24.2899 128
      vertex 75.8 24 130
      vertex 75.8 24 128
    endloop
  endfacet
  facet normal 1 -0 0
    outer loop
      vertex 75.8 59.71 130
      vertex 75.8 60 128
      vertex 75.8 60 130
    endloop
  endfacet
  facet normal 1 0 0
    outer loop
      vertex 75.8 60 128
      vertex 75.8 59.71 130
      vertex 75.8 59.71 128
    endloop
  endfacet
  facet normal -1 0 0
    outer loop
      vertex 77.2 24 128
      vertex 77.2 24.2899 130
      vertex 77.2 24.2899 128
    endloop
  endfacet
  facet normal -1 -0 0
    outer loop
      vertex 77.2 24.2899 130
      vertex 77.2 24 128
      vertex 77.2 24 130
    endloop
  endfacet
  facet normal -1 0 0
    outer loop
      vertex 77.2 59.71 128
      vertex 77.2 60 130
      vertex 77.2 60 128
    endloop
  endfacet
  facet normal -1 -0 0
    outer loop
      vertex 77.2 60 130
      vertex 77.2 59.71 128
      vertex 77.2 59.71 130
    endloop
  endfacet
  facet normal 0 -1 0
    outer loop
      vertex 75.8 60 128
      vertex 76.5 60 130
      vertex 75.8 60 130
    endloop
  endfacet
  facet normal 0 -1 0
    outer loop
      vertex 77.2 60 128
      vertex 76.5 60 130
      vertex 75.8 60 128
    endloop
  endfacet
  facet normal 0 -1 0
    outer loop
      vertex 76.5 60 130
      vertex 77.2 60 128
      vertex 77.2 60 130
    endloop
  endfacet
  facet normal 0.707107 -0.707107 0
    outer loop
      vertex 63.7721 54.7279 130
      vertex 64.2671 55.2229 128
      vertex 64.2671 55.2229 130
    endloop
  endfacet
  facet normal 0.707107 -0.707107 0
    outer loop
      vertex 63.2771 54.2329 128
      vertex 63.7721 54.7279 130
      vertex 63.2771 54.2329 130
    endloop
  endfacet
  facet normal 0.707107 -0.707107 -2.50779e-15
    outer loop
      vertex 63.7721 54.7279 130
      vertex 63.2771 54.2329 128
      vertex 64.2671 55.2229 128
    endloop
  endfacet
  facet normal -0.707107 0.707107 0
    outer loop
      vertex 89.7229 29.7671 128
      vertex 89.2279 29.2721 130
      vertex 89.7229 29.7671 130
    endloop
  endfacet
  facet normal -0.707107 0.707107 3.13226e-15
    outer loop
      vertex 88.7329 28.7771 128
      vertex 89.2279 29.2721 130
      vertex 89.7229 29.7671 128
    endloop
  endfacet
  facet normal -0.707107 0.707107 0
    outer loop
      vertex 89.2279 29.2721 130
      vertex 88.7329 28.7771 128
      vertex 88.7329 28.7771 130
    endloop
  endfacet
  facet normal 0.707107 0.707107 0
    outer loop
      vertex 88.7329 28.7771 130
      vertex 88.5279 28.9821 128
      vertex 88.5279 28.9821 130
    endloop
  endfacet
  facet normal 0.707107 0.707107 0
    outer loop
      vertex 88.5279 28.9821 128
      vertex 88.7329 28.7771 130
      vertex 88.7329 28.7771 128
    endloop
  endfacet
  facet normal 0.707107 0.707107 0
    outer loop
      vertex 63.4821 54.0279 130
      vertex 63.2771 54.2329 128
      vertex 63.2771 54.2329 130
    endloop
  endfacet
  facet normal 0.707107 0.707107 0
    outer loop
      vertex 63.2771 54.2329 128
      vertex 63.4821 54.0279 130
      vertex 63.4821 54.0279 128
    endloop
  endfacet
  facet normal -0.707107 -0.707107 0
    outer loop
      vertex 89.5179 29.9721 128
      vertex 89.7229 29.7671 130
      vertex 89.5179 29.9721 130
    endloop
  endfacet
  facet normal -0.707107 -0.707107 -0
    outer loop
      vertex 89.7229 29.7671 130
      vertex 89.5179 29.9721 128
      vertex 89.7229 29.7671 128
    endloop
  endfacet
  facet normal -0.707107 -0.707107 0
    outer loop
      vertex 64.4721 55.0179 128
      vertex 64.2671 55.2229 130
      vertex 64.2671 55.2229 128
    endloop
  endfacet
  facet normal -0.707107 -0.707107 0
    outer loop
      vertex 64.2671 55.2229 130
      vertex 64.4721 55.0179 128
      vertex 64.4721 55.0179 130
    endloop
  endfacet
  facet normal -0.831508 -0.555513 0
    outer loop
      vertex 61.9782 26.6123 128
      vertex 61.6314 27.1314 132
      vertex 61.6314 27.1314 128
    endloop
  endfacet
  facet normal -0.831508 -0.555513 0
    outer loop
      vertex 61.6314 27.1314 132
      vertex 61.9782 26.6123 128
      vertex 61.9782 26.6123 132
    endloop
  endfacet
  facet normal -0.980783 -0.1951 0
    outer loop
      vertex 62.1 26 128
      vertex 61.9782 26.6123 132
      vertex 61.9782 26.6123 128
    endloop
  endfacet
  facet normal -0.980783 -0.1951 0
    outer loop
      vertex 61.9782 26.6123 132
      vertex 62.1 26 128
      vertex 62.1 26 132
    endloop
  endfacet
  facet normal -0.555513 -0.831508 0
    outer loop
      vertex 61.1123 27.4782 128
      vertex 61.6314 27.1314 132
      vertex 61.1123 27.4782 132
    endloop
  endfacet
  facet normal -0.555513 -0.831508 -0
    outer loop
      vertex 61.6314 27.1314 132
      vertex 61.1123 27.4782 128
      vertex 61.6314 27.1314 128
    endloop
  endfacet
  facet normal -0.1951 -0.980783 0
    outer loop
      vertex 60.5 27.6 128
      vertex 61.1123 27.4782 132
      vertex 60.5 27.6 132
    endloop
  endfacet
  facet normal -0.1951 -0.980783 -0
    outer loop
      vertex 61.1123 27.4782 132
      vertex 60.5 27.6 128
      vertex 61.1123 27.4782 128
    endloop
  endfacet
  facet normal -0.1951 0.980783 0
    outer loop
      vertex 61.1123 24.5218 128
      vertex 60.5 24.4 132
      vertex 61.1123 24.5218 132
    endloop
  endfacet
  facet normal -0.1951 0.980783 0
    outer loop
      vertex 60.5 24.4 132
      vertex 61.1123 24.5218 128
      vertex 60.5 24.4 128
    endloop
  endfacet
  facet normal -0.980783 0.1951 0
    outer loop
      vertex 61.9782 25.3877 128
      vertex 62.1 26 132
      vertex 62.1 26 128
    endloop
  endfacet
  facet normal -0.980783 0.1951 0
    outer loop
      vertex 62.1 26 132
      vertex 61.9782 25.3877 128
      vertex 61.9782 25.3877 132
    endloop
  endfacet
  facet normal -0.555513 0.831508 0
    outer loop
      vertex 61.6314 24.8686 128
      vertex 61.1123 24.5218 132
      vertex 61.6314 24.8686 132
    endloop
  endfacet
  facet normal -0.555513 0.831508 0
    outer loop
      vertex 61.1123 24.5218 132
      vertex 61.6314 24.8686 128
      vertex 61.1123 24.5218 128
    endloop
  endfacet
  facet normal 0.555513 -0.831508 0
    outer loop
      vertex 59.3686 27.1314 128
      vertex 59.8877 27.4782 132
      vertex 59.3686 27.1314 132
    endloop
  endfacet
  facet normal 0.555513 -0.831508 0
    outer loop
      vertex 59.8877 27.4782 132
      vertex 59.3686 27.1314 128
      vertex 59.8877 27.4782 128
    endloop
  endfacet
  facet normal 0.831508 0.555513 0
    outer loop
      vertex 59.3686 24.8686 132
      vertex 59.0218 25.3877 128
      vertex 59.0218 25.3877 132
    endloop
  endfacet
  facet normal 0.831508 0.555513 0
    outer loop
      vertex 59.0218 25.3877 128
      vertex 59.3686 24.8686 132
      vertex 59.3686 24.8686 128
    endloop
  endfacet
  facet normal 0.1951 0.980783 -0
    outer loop
      vertex 60.5 24.4 128
      vertex 59.8877 24.5218 132
      vertex 60.5 24.4 132
    endloop
  endfacet
  facet normal 0.1951 0.980783 0
    outer loop
      vertex 59.8877 24.5218 132
      vertex 60.5 24.4 128
      vertex 59.8877 24.5218 128
    endloop
  endfacet
  facet normal 0.980783 -0.1951 0
    outer loop
      vertex 58.9 26 132
      vertex 59.0218 26.6123 128
      vertex 59.0218 26.6123 132
    endloop
  endfacet
  facet normal 0.980783 -0.1951 0
    outer loop
      vertex 59.0218 26.6123 128
      vertex 58.9 26 132
      vertex 58.9 26 128
    endloop
  endfacet
  facet normal 0.831508 -0.555513 0
    outer loop
      vertex 59.0218 26.6123 132
      vertex 59.3686 27.1314 128
      vertex 59.3686 27.1314 132
    endloop
  endfacet
  facet normal 0.831508 -0.555513 0
    outer loop
      vertex 59.3686 27.1314 128
      vertex 59.0218 26.6123 132
      vertex 59.0218 26.6123 128
    endloop
  endfacet
  facet normal -0.831508 0.555513 0
    outer loop
      vertex 61.6314 24.8686 128
      vertex 61.9782 25.3877 132
      vertex 61.9782 25.3877 128
    endloop
  endfacet
  facet normal -0.831508 0.555513 0
    outer loop
      vertex 61.9782 25.3877 132
      vertex 61.6314 24.8686 128
      vertex 61.6314 24.8686 132
    endloop
  endfacet
  facet normal 0.1951 -0.980783 0
    outer loop
      vertex 59.8877 27.4782 128
      vertex 60.5 27.6 132
      vertex 59.8877 27.4782 132
    endloop
  endfacet
  facet normal 0.1951 -0.980783 0
    outer loop
      vertex 60.5 27.6 132
      vertex 59.8877 27.4782 128
      vertex 60.5 27.6 128
    endloop
  endfacet
  facet normal 0.980783 0.1951 0
    outer loop
      vertex 59.0218 25.3877 132
      vertex 58.9 26 128
      vertex 58.9 26 132
    endloop
  endfacet
  facet normal 0.980783 0.1951 0
    outer loop
      vertex 58.9 26 128
      vertex 59.0218 25.3877 132
      vertex 59.0218 25.3877 128
    endloop
  endfacet
  facet normal 0.555513 0.831508 -0
    outer loop
      vertex 59.8877 24.5218 128
      vertex 59.3686 24.8686 132
      vertex 59.8877 24.5218 132
    endloop
  endfacet
  facet normal 0.555513 0.831508 0
    outer loop
      vertex 59.3686 24.8686 132
      vertex 59.8877 24.5218 128
      vertex 59.3686 24.8686 128
    endloop
  endfacet
  facet normal -0.831508 -0.555513 0
    outer loop
      vertex 61.9782 58.6123 128
      vertex 61.6314 59.1314 132
      vertex 61.6314 59.1314 128
    endloop
  endfacet
  facet normal -0.831508 -0.555513 0
    outer loop
      vertex 61.6314 59.1314 132
      vertex 61.9782 58.6123 128
      vertex 61.9782 58.6123 132
    endloop
  endfacet
  facet normal -0.980783 -0.1951 0
    outer loop
      vertex 62.1 58 128
      vertex 61.9782 58.6123 132
      vertex 61.9782 58.6123 128
    endloop
  endfacet
  facet normal -0.980783 -0.1951 0
    outer loop
      vertex 61.9782 58.6123 132
      vertex 62.1 58 128
      vertex 62.1 58 132
    endloop
  endfacet
  facet normal -0.555513 -0.831508 0
    outer loop
      vertex 61.1123 59.4782 128
      vertex 61.6314 59.1314 132
      vertex 61.1123 59.4782 132
    endloop
  endfacet
  facet normal -0.555513 -0.831508 -0
    outer loop
      vertex 61.6314 59.1314 132
      vertex 61.1123 59.4782 128
      vertex 61.6314 59.1314 128
    endloop
  endfacet
  facet normal -0.831508 0.555513 0
    outer loop
      vertex 61.6314 56.8686 128
      vertex 61.9782 57.3877 132
      vertex 61.9782 57.3877 128
    endloop
  endfacet
  facet normal -0.831508 0.555513 0
    outer loop
      vertex 61.9782 57.3877 132
      vertex 61.6314 56.8686 128
      vertex 61.6314 56.8686 132
    endloop
  endfacet
  facet normal 0.1951 -0.980783 0
    outer loop
      vertex 59.8877 59.4782 128
      vertex 60.5 59.6 132
      vertex 59.8877 59.4782 132
    endloop
  endfacet
  facet normal 0.1951 -0.980783 0
    outer loop
      vertex 60.5 59.6 132
      vertex 59.8877 59.4782 128
      vertex 60.5 59.6 128
    endloop
  endfacet
  facet normal 0.831508 -0.555513 0
    outer loop
      vertex 59.0218 58.6123 132
      vertex 59.3686 59.1314 128
      vertex 59.3686 59.1314 132
    endloop
  endfacet
  facet normal 0.831508 -0.555513 0
    outer loop
      vertex 59.3686 59.1314 128
      vertex 59.0218 58.6123 132
      vertex 59.0218 58.6123 128
    endloop
  endfacet
  facet normal 0.980783 -0.1951 0
    outer loop
      vertex 58.9 58 132
      vertex 59.0218 58.6123 128
      vertex 59.0218 58.6123 132
    endloop
  endfacet
  facet normal 0.980783 -0.1951 0
    outer loop
      vertex 59.0218 58.6123 128
      vertex 58.9 58 132
      vertex 58.9 58 128
    endloop
  endfacet
  facet normal -0.1951 0.980783 0
    outer loop
      vertex 61.1123 56.5218 128
      vertex 60.5 56.4 132
      vertex 61.1123 56.5218 132
    endloop
  endfacet
  facet normal -0.1951 0.980783 0
    outer loop
      vertex 60.5 56.4 132
      vertex 61.1123 56.5218 128
      vertex 60.5 56.4 128
    endloop
  endfacet
  facet normal 0.1951 0.980783 -0
    outer loop
      vertex 60.5 56.4 128
      vertex 59.8877 56.5218 132
      vertex 60.5 56.4 132
    endloop
  endfacet
  facet normal 0.1951 0.980783 0
    outer loop
      vertex 59.8877 56.5218 132
      vertex 60.5 56.4 128
      vertex 59.8877 56.5218 128
    endloop
  endfacet
  facet normal 0.980783 0.1951 0
    outer loop
      vertex 59.0218 57.3877 132
      vertex 58.9 58 128
      vertex 58.9 58 132
    endloop
  endfacet
  facet normal 0.980783 0.1951 0
    outer loop
      vertex 58.9 58 128
      vertex 59.0218 57.3877 132
      vertex 59.0218 57.3877 128
    endloop
  endfacet
  facet normal -0.1951 -0.980783 0
    outer loop
      vertex 60.5 59.6 128
      vertex 61.1123 59.4782 132
      vertex 60.5 59.6 132
    endloop
  endfacet
  facet normal -0.1951 -0.980783 -0
    outer loop
      vertex 61.1123 59.4782 132
      vertex 60.5 59.6 128
      vertex 61.1123 59.4782 128
    endloop
  endfacet
  facet normal -0.980783 0.1951 0
    outer loop
      vertex 61.9782 57.3877 128
      vertex 62.1 58 132
      vertex 62.1 58 128
    endloop
  endfacet
  facet normal -0.980783 0.1951 0
    outer loop
      vertex 62.1 58 132
      vertex 61.9782 57.3877 128
      vertex 61.9782 57.3877 132
    endloop
  endfacet
  facet normal -0.555513 0.831508 0
    outer loop
      vertex 61.6314 56.8686 128
      vertex 61.1123 56.5218 132
      vertex 61.6314 56.8686 132
    endloop
  endfacet
  facet normal -0.555513 0.831508 0
    outer loop
      vertex 61.1123 56.5218 132
      vertex 61.6314 56.8686 128
      vertex 61.1123 56.5218 128
    endloop
  endfacet
  facet normal 0.831508 0.555513 0
    outer loop
      vertex 59.3686 56.8686 132
      vertex 59.0218 57.3877 128
      vertex 59.0218 57.3877 132
    endloop
  endfacet
  facet normal 0.831508 0.555513 0
    outer loop
      vertex 59.0218 57.3877 128
      vertex 59.3686 56.8686 132
      vertex 59.3686 56.8686 128
    endloop
  endfacet
  facet normal 0.555513 -0.831508 0
    outer loop
      vertex 59.3686 59.1314 128
      vertex 59.8877 59.4782 132
      vertex 59.3686 59.1314 132
    endloop
  endfacet
  facet normal 0.555513 -0.831508 0
    outer loop
      vertex 59.8877 59.4782 132
      vertex 59.3686 59.1314 128
      vertex 59.8877 59.4782 128
    endloop
  endfacet
  facet normal 0.555513 0.831508 -0
    outer loop
      vertex 59.8877 56.5218 128
      vertex 59.3686 56.8686 132
      vertex 59.8877 56.5218 132
    endloop
  endfacet
  facet normal 0.555513 0.831508 0
    outer loop
      vertex 59.3686 56.8686 132
      vertex 59.8877 56.5218 128
      vertex 59.3686 56.8686 128
    endloop
  endfacet
  facet normal 0.980783 -0.1951 0
    outer loop
      vertex 90.9 26 132
      vertex 91.0218 26.6123 128
      vertex 91.0218 26.6123 132
    endloop
  endfacet
  facet normal 0.980783 -0.1951 0
    outer loop
      vertex 91.0218 26.6123 128
      vertex 90.9 26 132
      vertex 90.9 26 128
    endloop
  endfacet
  facet normal -0.831508 -0.555513 0
    outer loop
      vertex 93.9782 26.6123 128
      vertex 93.6314 27.1314 132
      vertex 93.6314 27.1314 128
    endloop
  endfacet
  facet normal -0.831508 -0.555513 0
    outer loop
      vertex 93.6314 27.1314 132
      vertex 93.9782 26.6123 128
      vertex 93.9782 26.6123 132
    endloop
  endfacet
  facet normal -0.980783 -0.1951 0
    outer loop
      vertex 94.1 26 128
      vertex 93.9782 26.6123 132
      vertex 93.9782 26.6123 128
    endloop
  endfacet
  facet normal -0.980783 -0.1951 0
    outer loop
      vertex 93.9782 26.6123 132
      vertex 94.1 26 128
      vertex 94.1 26 132
    endloop
  endfacet
  facet normal -0.555513 -0.831508 0
    outer loop
      vertex 93.1123 27.4782 128
      vertex 93.6314 27.1314 132
      vertex 93.1123 27.4782 132
    endloop
  endfacet
  facet normal -0.555513 -0.831508 -0
    outer loop
      vertex 93.6314 27.1314 132
      vertex 93.1123 27.4782 128
      vertex 93.6314 27.1314 128
    endloop
  endfacet
  facet normal -0.831508 0.555513 0
    outer loop
      vertex 93.6314 24.8686 128
      vertex 93.9782 25.3877 132
      vertex 93.9782 25.3877 128
    endloop
  endfacet
  facet normal -0.831508 0.555513 0
    outer loop
      vertex 93.9782 25.3877 132
      vertex 93.6314 24.8686 128
      vertex 93.6314 24.8686 132
    endloop
  endfacet
  facet normal -0.555513 0.831508 0
    outer loop
      vertex 93.6314 24.8686 128
      vertex 93.1123 24.5218 132
      vertex 93.6314 24.8686 132
    endloop
  endfacet
  facet normal -0.555513 0.831508 0
    outer loop
      vertex 93.1123 24.5218 132
      vertex 93.6314 24.8686 128
      vertex 93.1123 24.5218 128
    endloop
  endfacet
  facet normal 0.555513 -0.831508 0
    outer loop
      vertex 91.3686 27.1314 128
      vertex 91.8877 27.4782 132
      vertex 91.3686 27.1314 132
    endloop
  endfacet
  facet normal 0.555513 -0.831508 0
    outer loop
      vertex 91.8877 27.4782 132
      vertex 91.3686 27.1314 128
      vertex 91.8877 27.4782 128
    endloop
  endfacet
  facet normal 0.1951 0.980783 -0
    outer loop
      vertex 92.5 24.4 128
      vertex 91.8877 24.5218 132
      vertex 92.5 24.4 132
    endloop
  endfacet
  facet normal 0.1951 0.980783 0
    outer loop
      vertex 91.8877 24.5218 132
      vertex 92.5 24.4 128
      vertex 91.8877 24.5218 128
    endloop
  endfacet
  facet normal 0.1951 -0.980783 0
    outer loop
      vertex 91.8877 27.4782 128
      vertex 92.5 27.6 132
      vertex 91.8877 27.4782 132
    endloop
  endfacet
  facet normal 0.1951 -0.980783 0
    outer loop
      vertex 92.5 27.6 132
      vertex 91.8877 27.4782 128
      vertex 92.5 27.6 128
    endloop
  endfacet
  facet normal -0.1951 -0.980783 0
    outer loop
      vertex 92.5 27.6 128
      vertex 93.1123 27.4782 132
      vertex 92.5 27.6 132
    endloop
  endfacet
  facet normal -0.1951 -0.980783 -0
    outer loop
      vertex 93.1123 27.4782 132
      vertex 92.5 27.6 128
      vertex 93.1123 27.4782 128
    endloop
  endfacet
  facet normal -0.980783 0.1951 0
    outer loop
      vertex 93.9782 25.3877 128
      vertex 94.1 26 132
      vertex 94.1 26 128
    endloop
  endfacet
  facet normal -0.980783 0.1951 0
    outer loop
      vertex 94.1 26 132
      vertex 93.9782 25.3877 128
      vertex 93.9782 25.3877 132
    endloop
  endfacet
  facet normal 0.831508 -0.555513 0
    outer loop
      vertex 91.0218 26.6123 132
      vertex 91.3686 27.1314 128
      vertex 91.3686 27.1314 132
    endloop
  endfacet
  facet normal 0.831508 -0.555513 0
    outer loop
      vertex 91.3686 27.1314 128
      vertex 91.0218 26.6123 132
      vertex 91.0218 26.6123 128
    endloop
  endfacet
  facet normal -0.1951 0.980783 0
    outer loop
      vertex 93.1123 24.5218 128
      vertex 92.5 24.4 132
      vertex 93.1123 24.5218 132
    endloop
  endfacet
  facet normal -0.1951 0.980783 0
    outer loop
      vertex 92.5 24.4 132
      vertex 93.1123 24.5218 128
      vertex 92.5 24.4 128
    endloop
  endfacet
  facet normal 0.831508 0.555513 0
    outer loop
      vertex 91.3686 24.8686 132
      vertex 91.0218 25.3877 128
      vertex 91.0218 25.3877 132
    endloop
  endfacet
  facet normal 0.831508 0.555513 0
    outer loop
      vertex 91.0218 25.3877 128
      vertex 91.3686 24.8686 132
      vertex 91.3686 24.8686 128
    endloop
  endfacet
  facet normal 0.980783 0.1951 0
    outer loop
      vertex 91.0218 25.3877 132
      vertex 90.9 26 128
      vertex 90.9 26 132
    endloop
  endfacet
  facet normal 0.980783 0.1951 0
    outer loop
      vertex 90.9 26 128
      vertex 91.0218 25.3877 132
      vertex 91.0218 25.3877 128
    endloop
  endfacet
  facet normal 0.555513 0.831508 -0
    outer loop
      vertex 91.8877 24.5218 128
      vertex 91.3686 24.8686 132
      vertex 91.8877 24.5218 132
    endloop
  endfacet
  facet normal 0.555513 0.831508 0
    outer loop
      vertex 91.3686 24.8686 132
      vertex 91.8877 24.5218 128
      vertex 91.3686 24.8686 128
    endloop
  endfacet
  facet normal -0.831508 -0.555513 0
    outer loop
      vertex 93.9782 58.6123 128
      vertex 93.6314 59.1314 132
      vertex 93.6314 59.1314 128
    endloop
  endfacet
  facet normal -0.831508 -0.555513 0
    outer loop
      vertex 93.6314 59.1314 132
      vertex 93.9782 58.6123 128
      vertex 93.9782 58.6123 132
    endloop
  endfacet
  facet normal -0.980783 -0.1951 0
    outer loop
      vertex 94.1 58 128
      vertex 93.9782 58.6123 132
      vertex 93.9782 58.6123 128
    endloop
  endfacet
  facet normal -0.980783 -0.1951 0
    outer loop
      vertex 93.9782 58.6123 132
      vertex 94.1 58 128
      vertex 94.1 58 132
    endloop
  endfacet
  facet normal -0.555513 -0.831508 0
    outer loop
      vertex 93.1123 59.4782 128
      vertex 93.6314 59.1314 132
      vertex 93.1123 59.4782 132
    endloop
  endfacet
  facet normal -0.555513 -0.831508 -0
    outer loop
      vertex 93.6314 59.1314 132
      vertex 93.1123 59.4782 128
      vertex 93.6314 59.1314 128
    endloop
  endfacet
  facet normal -0.831508 0.555513 0
    outer loop
      vertex 93.6314 56.8686 128
      vertex 93.9782 57.3877 132
      vertex 93.9782 57.3877 128
    endloop
  endfacet
  facet normal -0.831508 0.555513 0
    outer loop
      vertex 93.9782 57.3877 132
      vertex 93.6314 56.8686 128
      vertex 93.6314 56.8686 132
    endloop
  endfacet
  facet normal 0.1951 -0.980783 0
    outer loop
      vertex 91.8877 59.4782 128
      vertex 92.5 59.6 132
      vertex 91.8877 59.4782 132
    endloop
  endfacet
  facet normal 0.1951 -0.980783 0
    outer loop
      vertex 92.5 59.6 132
      vertex 91.8877 59.4782 128
      vertex 92.5 59.6 128
    endloop
  endfacet
  facet normal 0.831508 -0.555513 0
    outer loop
      vertex 91.0218 58.6123 132
      vertex 91.3686 59.1314 128
      vertex 91.3686 59.1314 132
    endloop
  endfacet
  facet normal 0.831508 -0.555513 0
    outer loop
      vertex 91.3686 59.1314 128
      vertex 91.0218 58.6123 132
      vertex 91.0218 58.6123 128
    endloop
  endfacet
  facet normal 0.980783 -0.1951 0
    outer loop
      vertex 90.9 58 132
      vertex 91.0218 58.6123 128
      vertex 91.0218 58.6123 132
    endloop
  endfacet
  facet normal 0.980783 -0.1951 0
    outer loop
      vertex 91.0218 58.6123 128
      vertex 90.9 58 132
      vertex 90.9 58 128
    endloop
  endfacet
  facet normal -0.1951 0.980783 0
    outer loop
      vertex 93.1123 56.5218 128
      vertex 92.5 56.4 132
      vertex 93.1123 56.5218 132
    endloop
  endfacet
  facet normal -0.1951 0.980783 0
    outer loop
      vertex 92.5 56.4 132
      vertex 93.1123 56.5218 128
      vertex 92.5 56.4 128
    endloop
  endfacet
  facet normal 0.1951 0.980783 -0
    outer loop
      vertex 92.5 56.4 128
      vertex 91.8877 56.5218 132
      vertex 92.5 56.4 132
    endloop
  endfacet
  facet normal 0.1951 0.980783 0
    outer loop
      vertex 91.8877 56.5218 132
      vertex 92.5 56.4 128
      vertex 91.8877 56.5218 128
    endloop
  endfacet
  facet normal 0.980783 0.1951 0
    outer loop
      vertex 91.0218 57.3877 132
      vertex 90.9 58 128
      vertex 90.9 58 132
    endloop
  endfacet
  facet normal 0.980783 0.1951 0
    outer loop
      vertex 90.9 58 128
      vertex 91.0218 57.3877 132
      vertex 91.0218 57.3877 128
    endloop
  endfacet
  facet normal -0.1951 -0.980783 0
    outer loop
      vertex 92.5 59.6 128
      vertex 93.1123 59.4782 132
      vertex 92.5 59.6 132
    endloop
  endfacet
  facet normal -0.1951 -0.980783 -0
    outer loop
      vertex 93.1123 59.4782 132
      vertex 92.5 59.6 128
      vertex 93.1123 59.4782 128
    endloop
  endfacet
  facet normal -0.980783 0.1951 0
    outer loop
      vertex 93.9782 57.3877 128
      vertex 94.1 58 132
      vertex 94.1 58 128
    endloop
  endfacet
  facet normal -0.980783 0.1951 0
    outer loop
      vertex 94.1 58 132
      vertex 93.9782 57.3877 128
      vertex 93.9782 57.3877 132
    endloop
  endfacet
  facet normal -0.555513 0.831508 0
    outer loop
      vertex 93.6314 56.8686 128
      vertex 93.1123 56.5218 132
      vertex 93.6314 56.8686 132
    endloop
  endfacet
  facet normal -0.555513 0.831508 0
    outer loop
      vertex 93.1123 56.5218 132
      vertex 93.6314 56.8686 128
      vertex 93.1123 56.5218 128
    endloop
  endfacet
  facet normal 0.831508 0.555513 0
    outer loop
      vertex 91.3686 56.8686 132
      vertex 91.0218 57.3877 128
      vertex 91.0218 57.3877 132
    endloop
  endfacet
  facet normal 0.831508 0.555513 0
    outer loop
      vertex 91.0218 57.3877 128
      vertex 91.3686 56.8686 132
      vertex 91.3686 56.8686 128
    endloop
  endfacet
  facet normal 0.555513 -0.831508 0
    outer loop
      vertex 91.3686 59.1314 128
      vertex 91.8877 59.4782 132
      vertex 91.3686 59.1314 132
    endloop
  endfacet
  facet normal 0.555513 -0.831508 0
    outer loop
      vertex 91.8877 59.4782 132
      vertex 91.3686 59.1314 128
      vertex 91.8877 59.4782 128
    endloop
  endfacet
  facet normal 0.555513 0.831508 -0
    outer loop
      vertex 91.8877 56.5218 128
      vertex 91.3686 56.8686 132
      vertex 91.8877 56.5218 132
    endloop
  endfacet
  facet normal 0.555513 0.831508 0
    outer loop
      vertex 91.3686 56.8686 132
      vertex 91.8877 56.5218 128
      vertex 91.3686 56.8686 128
    endloop
  endfacet
  facet normal 0.923856 0.38274 0
    outer loop
      vertex 58.5 42 132
      vertex 58.79 41.3 130
      vertex 58.5 42 130
    endloop
  endfacet
  facet normal 0.923882 0.382679 0
    outer loop
      vertex 58.79 41.3 130
      vertex 63.4821 29.9721 130
      vertex 58.79 41.3 128
    endloop
  endfacet
  facet normal 0.923882 0.382679 2.53238e-05
    outer loop
      vertex 58.5 42 132
      vertex 63.4821 29.9721 130
      vertex 58.79 41.3 130
    endloop
  endfacet
  facet normal 0.923879 0.382685 -2.25382e-05
    outer loop
      vertex 63.7721 29.2721 132
      vertex 63.4821 29.9721 130
      vertex 58.5 42 132
    endloop
  endfacet
  facet normal 0.923856 0.38274 0
    outer loop
      vertex 63.4821 29.9721 130
      vertex 63.7721 29.2721 132
      vertex 63.7721 29.2721 130
    endloop
  endfacet
  facet normal 0.923882 0.382679 0
    outer loop
      vertex 58.79 41.3 128
      vertex 63.4821 29.9721 130
      vertex 63.4821 29.9721 128
    endloop
  endfacet
  facet normal -0.382679 -0.923882 0
    outer loop
      vertex 77.2 59.71 128
      vertex 88.5279 55.0179 130
      vertex 77.2 59.71 130
    endloop
  endfacet
  facet normal -0.382679 -0.923882 -0
    outer loop
      vertex 88.5279 55.0179 130
      vertex 77.2 59.71 128
      vertex 88.5279 55.0179 128
    endloop
  endfacet
  facet normal -0.38274 -0.923856 0
    outer loop
      vertex 77.2 59.71 130
      vertex 76.5 60 132
      vertex 76.5 60 130
    endloop
  endfacet
  facet normal -0.382685 -0.923879 2.25382e-05
    outer loop
      vertex 76.5 60 132
      vertex 77.2 59.71 130
      vertex 89.2279 54.7279 132
    endloop
  endfacet
  facet normal -0.382679 -0.923882 -2.53238e-05
    outer loop
      vertex 88.5279 55.0179 130
      vertex 89.2279 54.7279 132
      vertex 77.2 59.71 130
    endloop
  endfacet
  facet normal -0.38274 -0.923856 -0
    outer loop
      vertex 89.2279 54.7279 132
      vertex 88.5279 55.0179 130
      vertex 89.2279 54.7279 130
    endloop
  endfacet
  facet normal -0.923856 -0.38274 0
    outer loop
      vertex 89.5179 54.0279 130
      vertex 89.2279 54.7279 132
      vertex 89.2279 54.7279 130
    endloop
  endfacet
  facet normal -0.923879 -0.382686 -0
    outer loop
      vertex 94.2101 42.7 130
      vertex 89.5179 54.0279 130
      vertex 94.2101 42.7 128
    endloop
  endfacet
  facet normal -0.923879 -0.382686 -2.24692e-05
    outer loop
      vertex 89.5179 54.0279 130
      vertex 94.2101 42.7 130
      vertex 89.2279 54.7279 132
    endloop
  endfacet
  facet normal -0.923903 -0.382628 -0
    outer loop
      vertex 94.5 42 132
      vertex 94.2101 42.7 130
      vertex 94.5 42 130
    endloop
  endfacet
  facet normal -0.923879 -0.382685 -2.36557e-05
    outer loop
      vertex 94.2101 42.7 130
      vertex 94.5 42 132
      vertex 89.2279 54.7279 132
    endloop
  endfacet
  facet normal -0.923879 -0.382686 0
    outer loop
      vertex 89.5179 54.0279 128
      vertex 94.2101 42.7 128
      vertex 89.5179 54.0279 130
    endloop
  endfacet
  facet normal -0.923879 0.382686 0
    outer loop
      vertex 94.2101 41.3 128
      vertex 89.5179 29.9721 128
      vertex 94.2101 41.3 130
    endloop
  endfacet
  facet normal -0.923903 0.382628 0
    outer loop
      vertex 94.2101 41.3 130
      vertex 94.5 42 132
      vertex 94.5 42 130
    endloop
  endfacet
  facet normal -0.923879 0.382686 0
    outer loop
      vertex 89.5179 29.9721 130
      vertex 94.2101 41.3 130
      vertex 89.5179 29.9721 128
    endloop
  endfacet
  facet normal -0.923879 0.382686 -2.37248e-05
    outer loop
      vertex 94.2101 41.3 130
      vertex 89.5179 29.9721 130
      vertex 94.5 42 132
    endloop
  endfacet
  facet normal -0.923856 0.38274 0
    outer loop
      vertex 89.2279 29.2721 132
      vertex 89.5179 29.9721 130
      vertex 89.2279 29.2721 130
    endloop
  endfacet
  facet normal -0.923879 0.382685 -2.25382e-05
    outer loop
      vertex 89.5179 29.9721 130
      vertex 89.2279 29.2721 132
      vertex 94.5 42 132
    endloop
  endfacet
  facet normal 0.382686 0.923879 -0
    outer loop
      vertex 75.8 24.2899 128
      vertex 64.4721 28.9821 130
      vertex 75.8 24.2899 130
    endloop
  endfacet
  facet normal 0.382686 0.923879 0
    outer loop
      vertex 64.4721 28.9821 130
      vertex 75.8 24.2899 128
      vertex 64.4721 28.9821 128
    endloop
  endfacet
  facet normal 0.382628 0.923903 0
    outer loop
      vertex 75.8 24.2899 130
      vertex 76.5 24 132
      vertex 76.5 24 130
    endloop
  endfacet
  facet normal 0.382685 0.923879 -2.36557e-05
    outer loop
      vertex 76.5 24 132
      vertex 75.8 24.2899 130
      vertex 63.7721 29.2721 132
    endloop
  endfacet
  facet normal 0.382686 0.923879 -2.24692e-05
    outer loop
      vertex 64.4721 28.9821 130
      vertex 63.7721 29.2721 132
      vertex 75.8 24.2899 130
    endloop
  endfacet
  facet normal 0.38274 0.923856 0
    outer loop
      vertex 63.7721 29.2721 132
      vertex 64.4721 28.9821 130
      vertex 63.7721 29.2721 130
    endloop
  endfacet
  facet normal 0.382679 -0.923882 0
    outer loop
      vertex 64.4721 55.0179 128
      vertex 75.8 59.71 130
      vertex 64.4721 55.0179 130
    endloop
  endfacet
  facet normal 0.382679 -0.923882 0
    outer loop
      vertex 75.8 59.71 130
      vertex 64.4721 55.0179 128
      vertex 75.8 59.71 128
    endloop
  endfacet
  facet normal 0.38274 -0.923856 0
    outer loop
      vertex 64.4721 55.0179 130
      vertex 63.7721 54.7279 132
      vertex 63.7721 54.7279 130
    endloop
  endfacet
  facet normal 0.382685 -0.923879 -2.25382e-05
    outer loop
      vertex 63.7721 54.7279 132
      vertex 64.4721 55.0179 130
      vertex 76.5 60 132
    endloop
  endfacet
  facet normal 0.382679 -0.923882 2.53238e-05
    outer loop
      vertex 75.8 59.71 130
      vertex 76.5 60 132
      vertex 64.4721 55.0179 130
    endloop
  endfacet
  facet normal 0.38274 -0.923856 0
    outer loop
      vertex 76.5 60 132
      vertex 75.8 59.71 130
      vertex 76.5 60 130
    endloop
  endfacet
  facet normal 0.923856 -0.38274 0
    outer loop
      vertex 63.7721 54.7279 132
      vertex 63.4821 54.0279 130
      vertex 63.7721 54.7279 130
    endloop
  endfacet
  facet normal 0.923882 -0.382679 0
    outer loop
      vertex 63.4821 54.0279 130
      vertex 58.79 42.7 130
      vertex 63.4821 54.0279 128
    endloop
  endfacet
  facet normal 0.923882 -0.382679 -2.53238e-05
    outer loop
      vertex 63.7721 54.7279 132
      vertex 58.79 42.7 130
      vertex 63.4821 54.0279 130
    endloop
  endfacet
  facet normal 0.923879 -0.382685 2.25382e-05
    outer loop
      vertex 58.5 42 132
      vertex 58.79 42.7 130
      vertex 63.7721 54.7279 132
    endloop
  endfacet
  facet normal 0.923856 -0.38274 0
    outer loop
      vertex 58.79 42.7 130
      vertex 58.5 42 132
      vertex 58.5 42 130
    endloop
  endfacet
  facet normal 0.923882 -0.382679 0
    outer loop
      vertex 63.4821 54.0279 128
      vertex 58.79 42.7 130
      vertex 58.79 42.7 128
    endloop
  endfacet
  facet normal -0.382686 0.923879 0
    outer loop
      vertex 88.5279 28.9821 128
      vertex 77.2 24.2899 130
      vertex 88.5279 28.9821 130
    endloop
  endfacet
  facet normal -0.382686 0.923879 0
    outer loop
      vertex 77.2 24.2899 130
      vertex 88.5279 28.9821 128
      vertex 77.2 24.2899 128
    endloop
  endfacet
  facet normal -0.38274 0.923856 0
    outer loop
      vertex 88.5279 28.9821 130
      vertex 89.2279 29.2721 132
      vertex 89.2279 29.2721 130
    endloop
  endfacet
  facet normal -0.382685 0.923879 -2.25382e-05
    outer loop
      vertex 89.2279 29.2721 132
      vertex 88.5279 28.9821 130
      vertex 76.5 24 132
    endloop
  endfacet
  facet normal -0.382686 0.923879 -2.37248e-05
    outer loop
      vertex 77.2 24.2899 130
      vertex 76.5 24 132
      vertex 88.5279 28.9821 130
    endloop
  endfacet
  facet normal -0.382628 0.923903 0
    outer loop
      vertex 76.5 24 132
      vertex 77.2 24.2899 130
      vertex 76.5 24 130
    endloop
  endfacet
  facet normal -0.831468 -0.555572 0
    outer loop
      vertex 9.47821 8.61229 128
      vertex 9.13137 9.13137 132
      vertex 9.13137 9.13137 128
    endloop
  endfacet
  facet normal -0.831468 -0.555572 0
    outer loop
      vertex 9.13137 9.13137 132
      vertex 9.47821 8.61229 128
      vertex 9.47821 8.61229 132
    endloop
  endfacet
  facet normal -0.980786 -0.195087 0
    outer loop
      vertex 9.6 8 128
      vertex 9.47821 8.61229 132
      vertex 9.47821 8.61229 128
    endloop
  endfacet
  facet normal -0.980786 -0.195087 0
    outer loop
      vertex 9.47821 8.61229 132
      vertex 9.6 8 128
      vertex 9.6 8 132
    endloop
  endfacet
  facet normal -0.555572 -0.831468 0
    outer loop
      vertex 8.61229 9.47821 128
      vertex 9.13137 9.13137 132
      vertex 8.61229 9.47821 132
    endloop
  endfacet
  facet normal -0.555572 -0.831468 -0
    outer loop
      vertex 9.13137 9.13137 132
      vertex 8.61229 9.47821 128
      vertex 9.13137 9.13137 128
    endloop
  endfacet
  facet normal -0.831468 0.555572 0
    outer loop
      vertex 9.13137 6.86863 128
      vertex 9.47821 7.38771 132
      vertex 9.47821 7.38771 128
    endloop
  endfacet
  facet normal -0.831468 0.555572 0
    outer loop
      vertex 9.47821 7.38771 132
      vertex 9.13137 6.86863 128
      vertex 9.13137 6.86863 132
    endloop
  endfacet
  facet normal 0.195087 -0.980786 0
    outer loop
      vertex 7.38771 9.47821 128
      vertex 8 9.6 132
      vertex 7.38771 9.47821 132
    endloop
  endfacet
  facet normal 0.195087 -0.980786 0
    outer loop
      vertex 8 9.6 132
      vertex 7.38771 9.47821 128
      vertex 8 9.6 128
    endloop
  endfacet
  facet normal 0.831468 -0.555572 0
    outer loop
      vertex 6.52179 8.61229 132
      vertex 6.86863 9.13137 128
      vertex 6.86863 9.13137 132
    endloop
  endfacet
  facet normal 0.831468 -0.555572 0
    outer loop
      vertex 6.86863 9.13137 128
      vertex 6.52179 8.61229 132
      vertex 6.52179 8.61229 128
    endloop
  endfacet
  facet normal 0.980786 -0.195087 0
    outer loop
      vertex 6.4 8 132
      vertex 6.52179 8.61229 128
      vertex 6.52179 8.61229 132
    endloop
  endfacet
  facet normal 0.980786 -0.195087 0
    outer loop
      vertex 6.52179 8.61229 128
      vertex 6.4 8 132
      vertex 6.4 8 128
    endloop
  endfacet
  facet normal -0.195087 0.980786 0
    outer loop
      vertex 8.61229 6.52179 128
      vertex 8 6.4 132
      vertex 8.61229 6.52179 132
    endloop
  endfacet
  facet normal -0.195087 0.980786 0
    outer loop
      vertex 8 6.4 132
      vertex 8.61229 6.52179 128
      vertex 8 6.4 128
    endloop
  endfacet
  facet normal 0.195087 0.980786 -0
    outer loop
      vertex 8 6.4 128
      vertex 7.38771 6.52179 132
      vertex 8 6.4 132
    endloop
  endfacet
  facet normal 0.195087 0.980786 0
    outer loop
      vertex 7.38771 6.52179 132
      vertex 8 6.4 128
      vertex 7.38771 6.52179 128
    endloop
  endfacet
  facet normal 0.980786 0.195087 0
    outer loop
      vertex 6.52179 7.38771 132
      vertex 6.4 8 128
      vertex 6.4 8 132
    endloop
  endfacet
  facet normal 0.980786 0.195087 0
    outer loop
      vertex 6.4 8 128
      vertex 6.52179 7.38771 132
      vertex 6.52179 7.38771 128
    endloop
  endfacet
  facet normal -0.195087 -0.980786 0
    outer loop
      vertex 8 9.6 128
      vertex 8.61229 9.47821 132
      vertex 8 9.6 132
    endloop
  endfacet
  facet normal -0.195087 -0.980786 -0
    outer loop
      vertex 8.61229 9.47821 132
      vertex 8 9.6 128
      vertex 8.61229 9.47821 128
    endloop
  endfacet
  facet normal -0.980786 0.195087 0
    outer loop
      vertex 9.47821 7.38771 128
      vertex 9.6 8 132
      vertex 9.6 8 128
    endloop
  endfacet
  facet normal -0.980786 0.195087 0
    outer loop
      vertex 9.6 8 132
      vertex 9.47821 7.38771 128
      vertex 9.47821 7.38771 132
    endloop
  endfacet
  facet normal -0.555572 0.831468 0
    outer loop
      vertex 9.13137 6.86863 128
      vertex 8.61229 6.52179 132
      vertex 9.13137 6.86863 132
    endloop
  endfacet
  facet normal -0.555572 0.831468 0
    outer loop
      vertex 8.61229 6.52179 132
      vertex 9.13137 6.86863 128
      vertex 8.61229 6.52179 128
    endloop
  endfacet
  facet normal 0.831468 0.555572 0
    outer loop
      vertex 6.86863 6.86863 132
      vertex 6.52179 7.38771 128
      vertex 6.52179 7.38771 132
    endloop
  endfacet
  facet normal 0.831468 0.555572 0
    outer loop
      vertex 6.52179 7.38771 128
      vertex 6.86863 6.86863 132
      vertex 6.86863 6.86863 128
    endloop
  endfacet
  facet normal 0.555572 -0.831468 0
    outer loop
      vertex 6.86863 9.13137 128
      vertex 7.38771 9.47821 132
      vertex 6.86863 9.13137 132
    endloop
  endfacet
  facet normal 0.555572 -0.831468 0
    outer loop
      vertex 7.38771 9.47821 132
      vertex 6.86863 9.13137 128
      vertex 7.38771 9.47821 128
    endloop
  endfacet
  facet normal 0.555572 0.831468 -0
    outer loop
      vertex 7.38771 6.52179 128
      vertex 6.86863 6.86863 132
      vertex 7.38771 6.52179 132
    endloop
  endfacet
  facet normal 0.555572 0.831468 0
    outer loop
      vertex 6.86863 6.86863 132
      vertex 7.38771 6.52179 128
      vertex 6.86863 6.86863 128
    endloop
  endfacet
  facet normal -0.831498 -0.555528 0
    outer loop
      vertex 98.4782 8.61229 128
      vertex 98.1314 9.13137 132
      vertex 98.1314 9.13137 128
    endloop
  endfacet
  facet normal -0.831498 -0.555528 0
    outer loop
      vertex 98.1314 9.13137 132
      vertex 98.4782 8.61229 128
      vertex 98.4782 8.61229 132
    endloop
  endfacet
  facet normal -0.980783 -0.195103 0
    outer loop
      vertex 98.6 8 128
      vertex 98.4782 8.61229 132
      vertex 98.4782 8.61229 128
    endloop
  endfacet
  facet normal -0.980783 -0.195103 0
    outer loop
      vertex 98.4782 8.61229 132
      vertex 98.6 8 128
      vertex 98.6 8 132
    endloop
  endfacet
  facet normal -0.555557 -0.831478 0
    outer loop
      vertex 97.6123 9.47821 128
      vertex 98.1314 9.13137 132
      vertex 97.6123 9.47821 132
    endloop
  endfacet
  facet normal -0.555557 -0.831478 -0
    outer loop
      vertex 98.1314 9.13137 132
      vertex 97.6123 9.47821 128
      vertex 98.1314 9.13137 128
    endloop
  endfacet
  facet normal -0.831498 0.555528 0
    outer loop
      vertex 98.1314 6.86863 128
      vertex 98.4782 7.38771 132
      vertex 98.4782 7.38771 128
    endloop
  endfacet
  facet normal -0.831498 0.555528 0
    outer loop
      vertex 98.4782 7.38771 132
      vertex 98.1314 6.86863 128
      vertex 98.1314 6.86863 132
    endloop
  endfacet
  facet normal 0.195084 -0.980787 0
    outer loop
      vertex 96.3877 9.47821 128
      vertex 97 9.6 132
      vertex 96.3877 9.47821 132
    endloop
  endfacet
  facet normal 0.195084 -0.980787 0
    outer loop
      vertex 97 9.6 132
      vertex 96.3877 9.47821 128
      vertex 97 9.6 128
    endloop
  endfacet
  facet normal 0.831498 -0.555528 0
    outer loop
      vertex 95.5218 8.61229 132
      vertex 95.8686 9.13137 128
      vertex 95.8686 9.13137 132
    endloop
  endfacet
  facet normal 0.831498 -0.555528 0
    outer loop
      vertex 95.8686 9.13137 128
      vertex 95.5218 8.61229 132
      vertex 95.5218 8.61229 128
    endloop
  endfacet
  facet normal 0.980783 -0.195103 0
    outer loop
      vertex 95.4 8 132
      vertex 95.5218 8.61229 128
      vertex 95.5218 8.61229 132
    endloop
  endfacet
  facet normal 0.980783 -0.195103 0
    outer loop
      vertex 95.5218 8.61229 128
      vertex 95.4 8 132
      vertex 95.4 8 128
    endloop
  endfacet
  facet normal -0.195084 0.980787 0
    outer loop
      vertex 97.6123 6.52179 128
      vertex 97 6.4 132
      vertex 97.6123 6.52179 132
    endloop
  endfacet
  facet normal -0.195084 0.980787 0
    outer loop
      vertex 97 6.4 132
      vertex 97.6123 6.52179 128
      vertex 97 6.4 128
    endloop
  endfacet
  facet normal 0.195084 0.980787 -0
    outer loop
      vertex 97 6.4 128
      vertex 96.3877 6.52179 132
      vertex 97 6.4 132
    endloop
  endfacet
  facet normal 0.195084 0.980787 0
    outer loop
      vertex 96.3877 6.52179 132
      vertex 97 6.4 128
      vertex 96.3877 6.52179 128
    endloop
  endfacet
  facet normal 0.980783 0.195103 0
    outer loop
      vertex 95.5218 7.38771 132
      vertex 95.4 8 128
      vertex 95.4 8 132
    endloop
  endfacet
  facet normal 0.980783 0.195103 0
    outer loop
      vertex 95.4 8 128
      vertex 95.5218 7.38771 132
      vertex 95.5218 7.38771 128
    endloop
  endfacet
  facet normal -0.195084 -0.980787 0
    outer loop
      vertex 97 9.6 128
      vertex 97.6123 9.47821 132
      vertex 97 9.6 132
    endloop
  endfacet
  facet normal -0.195084 -0.980787 -0
    outer loop
      vertex 97.6123 9.47821 132
      vertex 97 9.6 128
      vertex 97.6123 9.47821 128
    endloop
  endfacet
  facet normal -0.980783 0.195103 0
    outer loop
      vertex 98.4782 7.38771 128
      vertex 98.6 8 132
      vertex 98.6 8 128
    endloop
  endfacet
  facet normal -0.980783 0.195103 0
    outer loop
      vertex 98.6 8 132
      vertex 98.4782 7.38771 128
      vertex 98.4782 7.38771 132
    endloop
  endfacet
  facet normal -0.555557 0.831478 0
    outer loop
      vertex 98.1314 6.86863 128
      vertex 97.6123 6.52179 132
      vertex 98.1314 6.86863 132
    endloop
  endfacet
  facet normal -0.555557 0.831478 0
    outer loop
      vertex 97.6123 6.52179 132
      vertex 98.1314 6.86863 128
      vertex 97.6123 6.52179 128
    endloop
  endfacet
  facet normal 0.831498 0.555528 0
    outer loop
      vertex 95.8686 6.86863 132
      vertex 95.5218 7.38771 128
      vertex 95.5218 7.38771 132
    endloop
  endfacet
  facet normal 0.831498 0.555528 0
    outer loop
      vertex 95.5218 7.38771 128
      vertex 95.8686 6.86863 132
      vertex 95.8686 6.86863 128
    endloop
  endfacet
  facet normal 0.555557 -0.831478 0
    outer loop
      vertex 95.8686 9.13137 128
      vertex 96.3877 9.47821 132
      vertex 95.8686 9.13137 132
    endloop
  endfacet
  facet normal 0.555557 -0.831478 0
    outer loop
      vertex 96.3877 9.47821 132
      vertex 95.8686 9.13137 128
      vertex 96.3877 9.47821 128
    endloop
  endfacet
  facet normal 0.555557 0.831478 -0
    outer loop
      vertex 96.3877 6.52179 128
      vertex 95.8686 6.86863 132
      vertex 96.3877 6.52179 132
    endloop
  endfacet
  facet normal 0.555557 0.831478 0
    outer loop
      vertex 95.8686 6.86863 132
      vertex 96.3877 6.52179 128
      vertex 95.8686 6.86863 128
    endloop
  endfacet
  facet normal -0.831478 -0.555557 0
    outer loop
      vertex 9.47821 76.6123 128
      vertex 9.13137 77.1314 132
      vertex 9.13137 77.1314 128
    endloop
  endfacet
  facet normal -0.831478 -0.555557 0
    outer loop
      vertex 9.13137 77.1314 132
      vertex 9.47821 76.6123 128
      vertex 9.47821 76.6123 132
    endloop
  endfacet
  facet normal -0.980787 -0.195084 0
    outer loop
      vertex 9.6 76 128
      vertex 9.47821 76.6123 132
      vertex 9.47821 76.6123 128
    endloop
  endfacet
  facet normal -0.980787 -0.195084 0
    outer loop
      vertex 9.47821 76.6123 132
      vertex 9.6 76 128
      vertex 9.6 76 132
    endloop
  endfacet
  facet normal -0.555528 -0.831498 0
    outer loop
      vertex 8.61229 77.4782 128
      vertex 9.13137 77.1314 132
      vertex 8.61229 77.4782 132
    endloop
  endfacet
  facet normal -0.555528 -0.831498 -0
    outer loop
      vertex 9.13137 77.1314 132
      vertex 8.61229 77.4782 128
      vertex 9.13137 77.1314 128
    endloop
  endfacet
  facet normal -0.831478 0.555557 0
    outer loop
      vertex 9.13137 74.8686 128
      vertex 9.47821 75.3877 132
      vertex 9.47821 75.3877 128
    endloop
  endfacet
  facet normal -0.831478 0.555557 0
    outer loop
      vertex 9.47821 75.3877 132
      vertex 9.13137 74.8686 128
      vertex 9.13137 74.8686 132
    endloop
  endfacet
  facet normal 0.195103 -0.980783 0
    outer loop
      vertex 7.38771 77.4782 128
      vertex 8 77.6 132
      vertex 7.38771 77.4782 132
    endloop
  endfacet
  facet normal 0.195103 -0.980783 0
    outer loop
      vertex 8 77.6 132
      vertex 7.38771 77.4782 128
      vertex 8 77.6 128
    endloop
  endfacet
  facet normal 0.831478 -0.555557 0
    outer loop
      vertex 6.52179 76.6123 132
      vertex 6.86863 77.1314 128
      vertex 6.86863 77.1314 132
    endloop
  endfacet
  facet normal 0.831478 -0.555557 0
    outer loop
      vertex 6.86863 77.1314 128
      vertex 6.52179 76.6123 132
      vertex 6.52179 76.6123 128
    endloop
  endfacet
  facet normal 0.980787 -0.195084 0
    outer loop
      vertex 6.4 76 132
      vertex 6.52179 76.6123 128
      vertex 6.52179 76.6123 132
    endloop
  endfacet
  facet normal 0.980787 -0.195084 0
    outer loop
      vertex 6.52179 76.6123 128
      vertex 6.4 76 132
      vertex 6.4 76 128
    endloop
  endfacet
  facet normal -0.195103 0.980783 0
    outer loop
      vertex 8.61229 74.5218 128
      vertex 8 74.4 132
      vertex 8.61229 74.5218 132
    endloop
  endfacet
  facet normal -0.195103 0.980783 0
    outer loop
      vertex 8 74.4 132
      vertex 8.61229 74.5218 128
      vertex 8 74.4 128
    endloop
  endfacet
  facet normal 0.195103 0.980783 -0
    outer loop
      vertex 8 74.4 128
      vertex 7.38771 74.5218 132
      vertex 8 74.4 132
    endloop
  endfacet
  facet normal 0.195103 0.980783 0
    outer loop
      vertex 7.38771 74.5218 132
      vertex 8 74.4 128
      vertex 7.38771 74.5218 128
    endloop
  endfacet
  facet normal 0.980787 0.195084 0
    outer loop
      vertex 6.52179 75.3877 132
      vertex 6.4 76 128
      vertex 6.4 76 132
    endloop
  endfacet
  facet normal 0.980787 0.195084 0
    outer loop
      vertex 6.4 76 128
      vertex 6.52179 75.3877 132
      vertex 6.52179 75.3877 128
    endloop
  endfacet
  facet normal -0.195103 -0.980783 0
    outer loop
      vertex 8 77.6 128
      vertex 8.61229 77.4782 132
      vertex 8 77.6 132
    endloop
  endfacet
  facet normal -0.195103 -0.980783 -0
    outer loop
      vertex 8.61229 77.4782 132
      vertex 8 77.6 128
      vertex 8.61229 77.4782 128
    endloop
  endfacet
  facet normal -0.980787 0.195084 0
    outer loop
      vertex 9.47821 75.3877 128
      vertex 9.6 76 132
      vertex 9.6 76 128
    endloop
  endfacet
  facet normal -0.980787 0.195084 0
    outer loop
      vertex 9.6 76 132
      vertex 9.47821 75.3877 128
      vertex 9.47821 75.3877 132
    endloop
  endfacet
  facet normal -0.555528 0.831498 0
    outer loop
      vertex 9.13137 74.8686 128
      vertex 8.61229 74.5218 132
      vertex 9.13137 74.8686 132
    endloop
  endfacet
  facet normal -0.555528 0.831498 0
    outer loop
      vertex 8.61229 74.5218 132
      vertex 9.13137 74.8686 128
      vertex 8.61229 74.5218 128
    endloop
  endfacet
  facet normal 0.831478 0.555557 0
    outer loop
      vertex 6.86863 74.8686 132
      vertex 6.52179 75.3877 128
      vertex 6.52179 75.3877 132
    endloop
  endfacet
  facet normal 0.831478 0.555557 0
    outer loop
      vertex 6.52179 75.3877 128
      vertex 6.86863 74.8686 132
      vertex 6.86863 74.8686 128
    endloop
  endfacet
  facet normal 0.555528 -0.831498 0
    outer loop
      vertex 6.86863 77.1314 128
      vertex 7.38771 77.4782 132
      vertex 6.86863 77.1314 132
    endloop
  endfacet
  facet normal 0.555528 -0.831498 0
    outer loop
      vertex 7.38771 77.4782 132
      vertex 6.86863 77.1314 128
      vertex 7.38771 77.4782 128
    endloop
  endfacet
  facet normal 0.555528 0.831498 -0
    outer loop
      vertex 7.38771 74.5218 128
      vertex 6.86863 74.8686 132
      vertex 7.38771 74.5218 132
    endloop
  endfacet
  facet normal 0.555528 0.831498 0
    outer loop
      vertex 6.86863 74.8686 132
      vertex 7.38771 74.5218 128
      vertex 6.86863 74.8686 128
    endloop
  endfacet
  facet normal -0.831508 -0.555513 0
    outer loop
      vertex 98.4782 76.6123 128
      vertex 98.1314 77.1314 132
      vertex 98.1314 77.1314 128
    endloop
  endfacet
  facet normal -0.831508 -0.555513 0
    outer loop
      vertex 98.1314 77.1314 132
      vertex 98.4782 76.6123 128
      vertex 98.4782 76.6123 132
    endloop
  endfacet
  facet normal -0.980783 -0.1951 0
    outer loop
      vertex 98.6 76 128
      vertex 98.4782 76.6123 132
      vertex 98.4782 76.6123 128
    endloop
  endfacet
  facet normal -0.980783 -0.1951 0
    outer loop
      vertex 98.4782 76.6123 132
      vertex 98.6 76 128
      vertex 98.6 76 132
    endloop
  endfacet
  facet normal -0.555513 -0.831508 0
    outer loop
      vertex 97.6123 77.4782 128
      vertex 98.1314 77.1314 132
      vertex 97.6123 77.4782 132
    endloop
  endfacet
  facet normal -0.555513 -0.831508 -0
    outer loop
      vertex 98.1314 77.1314 132
      vertex 97.6123 77.4782 128
      vertex 98.1314 77.1314 128
    endloop
  endfacet
  facet normal -0.831508 0.555513 0
    outer loop
      vertex 98.1314 74.8686 128
      vertex 98.4782 75.3877 132
      vertex 98.4782 75.3877 128
    endloop
  endfacet
  facet normal -0.831508 0.555513 0
    outer loop
      vertex 98.4782 75.3877 132
      vertex 98.1314 74.8686 128
      vertex 98.1314 74.8686 132
    endloop
  endfacet
  facet normal 0.1951 -0.980783 0
    outer loop
      vertex 96.3877 77.4782 128
      vertex 97 77.6 132
      vertex 96.3877 77.4782 132
    endloop
  endfacet
  facet normal 0.1951 -0.980783 0
    outer loop
      vertex 97 77.6 132
      vertex 96.3877 77.4782 128
      vertex 97 77.6 128
    endloop
  endfacet
  facet normal 0.831508 -0.555513 0
    outer loop
      vertex 95.5218 76.6123 132
      vertex 95.8686 77.1314 128
      vertex 95.8686 77.1314 132
    endloop
  endfacet
  facet normal 0.831508 -0.555513 0
    outer loop
      vertex 95.8686 77.1314 128
      vertex 95.5218 76.6123 132
      vertex 95.5218 76.6123 128
    endloop
  endfacet
  facet normal 0.980783 -0.1951 0
    outer loop
      vertex 95.4 76 132
      vertex 95.5218 76.6123 128
      vertex 95.5218 76.6123 132
    endloop
  endfacet
  facet normal 0.980783 -0.1951 0
    outer loop
      vertex 95.5218 76.6123 128
      vertex 95.4 76 132
      vertex 95.4 76 128
    endloop
  endfacet
  facet normal -0.1951 0.980783 0
    outer loop
      vertex 97.6123 74.5218 128
      vertex 97 74.4 132
      vertex 97.6123 74.5218 132
    endloop
  endfacet
  facet normal -0.1951 0.980783 0
    outer loop
      vertex 97 74.4 132
      vertex 97.6123 74.5218 128
      vertex 97 74.4 128
    endloop
  endfacet
  facet normal 0.1951 0.980783 -0
    outer loop
      vertex 97 74.4 128
      vertex 96.3877 74.5218 132
      vertex 97 74.4 132
    endloop
  endfacet
  facet normal 0.1951 0.980783 0
    outer loop
      vertex 96.3877 74.5218 132
      vertex 97 74.4 128
      vertex 96.3877 74.5218 128
    endloop
  endfacet
  facet normal 0.980783 0.1951 0
    outer loop
      vertex 95.5218 75.3877 132
      vertex 95.4 76 128
      vertex 95.4 76 132
    endloop
  endfacet
  facet normal 0.980783 0.1951 0
    outer loop
      vertex 95.4 76 128
      vertex 95.5218 75.3877 132
      vertex 95.5218 75.3877 128
    endloop
  endfacet
  facet normal -0.1951 -0.980783 0
    outer loop
      vertex 97 77.6 128
      vertex 97.6123 77.4782 132
      vertex 97 77.6 132
    endloop
  endfacet
  facet normal -0.1951 -0.980783 -0
    outer loop
      vertex 97.6123 77.4782 132
      vertex 97 77.6 128
      vertex 97.6123 77.4782 128
    endloop
  endfacet
  facet normal -0.980783 0.1951 0
    outer loop
      vertex 98.4782 75.3877 128
      vertex 98.6 76 132
      vertex 98.6 76 128
    endloop
  endfacet
  facet normal -0.980783 0.1951 0
    outer loop
      vertex 98.6 76 132
      vertex 98.4782 75.3877 128
      vertex 98.4782 75.3877 132
    endloop
  endfacet
  facet normal -0.555513 0.831508 0
    outer loop
      vertex 98.1314 74.8686 128
      vertex 97.6123 74.5218 132
      vertex 98.1314 74.8686 132
    endloop
  endfacet
  facet normal -0.555513 0.831508 0
    outer loop
      vertex 97.6123 74.5218 132
      vertex 98.1314 74.8686 128
      vertex 97.6123 74.5218 128
    endloop
  endfacet
  facet normal 0.831508 0.555513 0
    outer loop
      vertex 95.8686 74.8686 132
      vertex 95.5218 75.3877 128
      vertex 95.5218 75.3877 132
    endloop
  endfacet
  facet normal 0.831508 0.555513 0
    outer loop
      vertex 95.5218 75.3877 128
      vertex 95.8686 74.8686 132
      vertex 95.8686 74.8686 128
    endloop
  endfacet
  facet normal 0.555513 -0.831508 0
    outer loop
      vertex 95.8686 77.1314 128
      vertex 96.3877 77.4782 132
      vertex 95.8686 77.1314 132
    endloop
  endfacet
  facet normal 0.555513 -0.831508 0
    outer loop
      vertex 96.3877 77.4782 132
      vertex 95.8686 77.1314 128
      vertex 96.3877 77.4782 128
    endloop
  endfacet
  facet normal 0.555513 0.831508 -0
    outer loop
      vertex 96.3877 74.5218 128
      vertex 95.8686 74.8686 132
      vertex 96.3877 74.5218 132
    endloop
  endfacet
  facet normal 0.555513 0.831508 0
    outer loop
      vertex 95.8686 74.8686 132
      vertex 96.3877 74.5218 128
      vertex 95.8686 74.8686 128
    endloop
  endfacet
  facet normal -0.0980169 -0.995185 0
    outer loop
      vertex 4.02455 0.0960732 128
      vertex 5 0 132
      vertex 4.02455 0.0960732 132
    endloop
  endfacet
  facet normal -0.0980169 -0.995185 -0
    outer loop
      vertex 5 0 132
      vertex 4.02455 0.0960732 128
      vertex 5 0 128
    endloop
  endfacet
  facet normal -0.773007 -0.634398 0
    outer loop
      vertex 1.46447 1.46447 128
      vertex 0.842651 2.22215 132
      vertex 0.842651 2.22215 128
    endloop
  endfacet
  facet normal -0.773007 -0.634398 0
    outer loop
      vertex 0.842651 2.22215 132
      vertex 1.46447 1.46447 128
      vertex 1.46447 1.46447 132
    endloop
  endfacet
  facet normal 0.773417 -0.633898 0
    outer loop
      vertex 103.536 1.46447 132
      vertex 104.157 2.22215 128
      vertex 104.157 2.22215 132
    endloop
  endfacet
  facet normal 0.773417 -0.633898 0
    outer loop
      vertex 104.157 2.22215 128
      vertex 103.536 1.46447 132
      vertex 103.536 1.46447 128
    endloop
  endfacet
  facet normal -0.881921 -0.471398 0
    outer loop
      vertex 0.842651 2.22215 128
      vertex 0.380602 3.08658 132
      vertex 0.380602 3.08658 128
    endloop
  endfacet
  facet normal -0.881921 -0.471398 0
    outer loop
      vertex 0.380602 3.08658 132
      vertex 0.842651 2.22215 128
      vertex 0.842651 2.22215 132
    endloop
  endfacet
  facet normal 1 -0 0
    outer loop
      vertex 105 5 132
      vertex 105 79 128
      vertex 105 79 132
    endloop
  endfacet
  facet normal 1 0 0
    outer loop
      vertex 105 79 128
      vertex 105 5 132
      vertex 105 5 128
    endloop
  endfacet
  facet normal 0.290248 0.956951 -0
    outer loop
      vertex 101.913 83.6194 128
      vertex 100.975 83.9039 132
      vertex 101.913 83.6194 132
    endloop
  endfacet
  facet normal 0.290248 0.956951 0
    outer loop
      vertex 100.975 83.9039 132
      vertex 101.913 83.6194 128
      vertex 100.975 83.9039 128
    endloop
  endfacet
  facet normal -0.634398 -0.773007 0
    outer loop
      vertex 1.46447 1.46447 128
      vertex 2.22215 0.842651 132
      vertex 1.46447 1.46447 132
    endloop
  endfacet
  facet normal -0.634398 -0.773007 -0
    outer loop
      vertex 2.22215 0.842651 132
      vertex 1.46447 1.46447 128
      vertex 2.22215 0.842651 128
    endloop
  endfacet
  facet normal -1 0 0
    outer loop
      vertex 0 5 128
      vertex 0 79 132
      vertex 0 79 128
    endloop
  endfacet
  facet normal -1 -0 0
    outer loop
      vertex 0 79 132
      vertex 0 5 128
      vertex 0 5 132
    endloop
  endfacet
  facet normal 0 -1 0
    outer loop
      vertex 5 0 128
      vertex 100 0 132
      vertex 5 0 132
    endloop
  endfacet
  facet normal 0 -1 -0
    outer loop
      vertex 100 0 132
      vertex 5 0 128
      vertex 100 0 128
    endloop
  endfacet
  facet normal -0 0 -1
    outer loop
      vertex 11.3686 24.8686 128
      vertex 7.38771 9.47821 128
      vertex 11.0218 25.3877 128
    endloop
  endfacet
  facet normal 0 0 -1
    outer loop
      vertex 10.5 42.7 128
      vertex 9.47821 75.3877 128
      vertex 9.6 76 128
    endloop
  endfacet
  facet normal 0 0 -1
    outer loop
      vertex 6.86863 9.13137 128
      vertex 11.0218 25.3877 128
      vertex 7.38771 9.47821 128
    endloop
  endfacet
  facet normal 0 0 -1
    outer loop
      vertex 10.5 42.7 128
      vertex 9.13137 74.8686 128
      vertex 9.47821 75.3877 128
    endloop
  endfacet
  facet normal -0 0 -1
    outer loop
      vertex 11.0218 25.3877 128
      vertex 6.86863 9.13137 128
      vertex 10.9 26 128
    endloop
  endfacet
  facet normal 0 0 -1
    outer loop
      vertex 10.5 42.7 128
      vertex 8.61229 74.5218 128
      vertex 9.13137 74.8686 128
    endloop
  endfacet
  facet normal 0 0 -1
    outer loop
      vertex 6 8 128
      vertex 10.9 26 128
      vertex 6.86863 9.13137 128
    endloop
  endfacet
  facet normal 0 0 -1
    outer loop
      vertex 10.5 42.7 128
      vertex 8 74.4 128
      vertex 8.61229 74.5218 128
    endloop
  endfacet
  facet normal -0 0 -1
    outer loop
      vertex 10.9 26 128
      vertex 6 8 128
      vertex 10.5 41.3 128
    endloop
  endfacet
  facet normal 0 0 -1
    outer loop
      vertex 10.5 42.7 128
      vertex 7.38771 74.5218 128
      vertex 8 74.4 128
    endloop
  endfacet
  facet normal -0 0 -1
    outer loop
      vertex 10.5 41.3 128
      vertex 6 8 128
      vertex 10.5 42.7 128
    endloop
  endfacet
  facet normal 0 0 -1
    outer loop
      vertex 10.5 42.7 128
      vertex 6.86863 74.8686 128
      vertex 7.38771 74.5218 128
    endloop
  endfacet
  facet normal 0 0 -1
    outer loop
      vertex 6 8 128
      vertex 6.86863 9.13137 128
      vertex 6.52179 8.61229 128
    endloop
  endfacet
  facet normal 0 0 -1
    outer loop
      vertex 6 76 128
      vertex 10.5 42.7 128
      vertex 6 8 128
    endloop
  endfacet
  facet normal 0 0 -1
    outer loop
      vertex 6 8 128
      vertex 6.52179 8.61229 128
      vertex 6.4 8 128
    endloop
  endfacet
  facet normal 0 0 -1
    outer loop
      vertex 10.5 42.7 128
      vertex 6 76 128
      vertex 6.86863 74.8686 128
    endloop
  endfacet
  facet normal -0 0 -1
    outer loop
      vertex 27.8 59.71 128
      vertex 16.4721 55.0179 128
      vertex 27.8 60 128
    endloop
  endfacet
  facet normal 0 0 -1
    outer loop
      vertex 59.0218 57.3877 128
      vertex 45.9782 57.3877 128
      vertex 46.1 58 128
    endloop
  endfacet
  facet normal 0 0 -1
    outer loop
      vertex 46.5 42.7 128
      vertex 45.6314 56.8686 128
      vertex 45.9782 57.3877 128
    endloop
  endfacet
  facet normal 0 0 -1
    outer loop
      vertex 46.5 42.7 128
      vertex 45.1123 56.5218 128
      vertex 45.6314 56.8686 128
    endloop
  endfacet
  facet normal 0 0 -1
    outer loop
      vertex 46.5 42.7 128
      vertex 41.7229 54.2329 128
      vertex 45.1123 56.5218 128
    endloop
  endfacet
  facet normal 0 0 -1
    outer loop
      vertex 45.1123 56.5218 128
      vertex 41.7229 54.2329 128
      vertex 44.5 56.4 128
    endloop
  endfacet
  facet normal -0 0 -1
    outer loop
      vertex 44.5 56.4 128
      vertex 41.7229 54.2329 128
      vertex 43.8877 56.5218 128
    endloop
  endfacet
  facet normal -0 0 -1
    outer loop
      vertex 43.8877 56.5218 128
      vertex 41.7229 54.2329 128
      vertex 43.3686 56.8686 128
    endloop
  endfacet
  facet normal -0 0 -1
    outer loop
      vertex 43.3686 56.8686 128
      vertex 40.7329 55.2229 128
      vertex 43.0218 57.3877 128
    endloop
  endfacet
  facet normal 0 0 -1
    outer loop
      vertex 40.7329 55.2229 128
      vertex 43.3686 56.8686 128
      vertex 41.7229 54.2329 128
    endloop
  endfacet
  facet normal 0 -0 -1
    outer loop
      vertex 41.7229 54.2329 128
      vertex 46.21 42.7 128
      vertex 41.5179 54.0279 128
    endloop
  endfacet
  facet normal -0 0 -1
    outer loop
      vertex 58.5 41.3 128
      vertex 45.6314 27.1314 128
      vertex 46.5 41.3 128
    endloop
  endfacet
  facet normal 0 0 -1
    outer loop
      vertex 45.1123 27.4782 128
      vertex 46.5 41.3 128
      vertex 45.6314 27.1314 128
    endloop
  endfacet
  facet normal 0 0 -1
    outer loop
      vertex 41.7229 29.7671 128
      vertex 46.5 41.3 128
      vertex 45.1123 27.4782 128
    endloop
  endfacet
  facet normal 0 0 -1
    outer loop
      vertex 41.7229 29.7671 128
      vertex 45.1123 27.4782 128
      vertex 44.5 27.6 128
    endloop
  endfacet
  facet normal 0 0 -1
    outer loop
      vertex 41.7229 29.7671 128
      vertex 44.5 27.6 128
      vertex 43.8877 27.4782 128
    endloop
  endfacet
  facet normal 0 0 -1
    outer loop
      vertex 41.7229 29.7671 128
      vertex 43.8877 27.4782 128
      vertex 43.3686 27.1314 128
    endloop
  endfacet
  facet normal 0 0 -1
    outer loop
      vertex 40.7329 28.7771 128
      vertex 43.3686 27.1314 128
      vertex 43.0218 26.6123 128
    endloop
  endfacet
  facet normal 0 0 -1
    outer loop
      vertex 40.7329 28.7771 128
      vertex 43.0218 26.6123 128
      vertex 42.9 26 128
    endloop
  endfacet
  facet normal -0 0 -1
    outer loop
      vertex 46.5 41.3 128
      vertex 41.7229 29.7671 128
      vertex 46.21 41.3 128
    endloop
  endfacet
  facet normal 0 0 -1
    outer loop
      vertex 46.21 41.3 128
      vertex 41.7229 29.7671 128
      vertex 41.5179 29.9721 128
    endloop
  endfacet
  facet normal 0 0 -1
    outer loop
      vertex 40.5279 28.9821 128
      vertex 29.2 24 128
      vertex 29.2 24.2899 128
    endloop
  endfacet
  facet normal 0 0 -1
    outer loop
      vertex 13.6314 27.1314 128
      vertex 16.2671 28.7771 128
      vertex 13.9782 26.6123 128
    endloop
  endfacet
  facet normal -0 0 -1
    outer loop
      vertex 16.2671 28.7771 128
      vertex 13.6314 27.1314 128
      vertex 15.2771 29.7671 128
    endloop
  endfacet
  facet normal 0 0 -1
    outer loop
      vertex 13.1123 27.4782 128
      vertex 15.2771 29.7671 128
      vertex 13.6314 27.1314 128
    endloop
  endfacet
  facet normal 0 0 -1
    outer loop
      vertex 12.5 27.6 128
      vertex 15.2771 29.7671 128
      vertex 13.1123 27.4782 128
    endloop
  endfacet
  facet normal 0 0 -1
    outer loop
      vertex 11.8877 27.4782 128
      vertex 15.2771 29.7671 128
      vertex 12.5 27.6 128
    endloop
  endfacet
  facet normal 0 0 -1
    outer loop
      vertex 10.5 41.3 128
      vertex 15.2771 29.7671 128
      vertex 11.8877 27.4782 128
    endloop
  endfacet
  facet normal 0 0 -1
    outer loop
      vertex 10.5 41.3 128
      vertex 11.8877 27.4782 128
      vertex 11.3686 27.1314 128
    endloop
  endfacet
  facet normal 0 0 -1
    outer loop
      vertex 15.2771 29.7671 128
      vertex 10.5 41.3 128
      vertex 15.4821 29.9721 128
    endloop
  endfacet
  facet normal 0 0 -1
    outer loop
      vertex 10.5 41.3 128
      vertex 11.3686 27.1314 128
      vertex 11.0218 26.6123 128
    endloop
  endfacet
  facet normal 0 0 -1
    outer loop
      vertex 10.5 41.3 128
      vertex 11.0218 26.6123 128
      vertex 10.9 26 128
    endloop
  endfacet
  facet normal 0 0 -1
    outer loop
      vertex 16.2671 55.2229 128
      vertex 13.9782 57.3877 128
      vertex 14.1 58 128
    endloop
  endfacet
  facet normal 0 0 -1
    outer loop
      vertex 16.2671 55.2229 128
      vertex 13.6314 56.8686 128
      vertex 13.9782 57.3877 128
    endloop
  endfacet
  facet normal 0 0 -1
    outer loop
      vertex 15.2771 54.2329 128
      vertex 13.1123 56.5218 128
      vertex 13.6314 56.8686 128
    endloop
  endfacet
  facet normal 0 0 -1
    outer loop
      vertex 15.2771 54.2329 128
      vertex 12.5 56.4 128
      vertex 13.1123 56.5218 128
    endloop
  endfacet
  facet normal 0 0 -1
    outer loop
      vertex 10.5 42.7 128
      vertex 15.2771 54.2329 128
      vertex 15.4821 54.0279 128
    endloop
  endfacet
  facet normal 0 0 -1
    outer loop
      vertex 15.2771 54.2329 128
      vertex 11.8877 56.5218 128
      vertex 12.5 56.4 128
    endloop
  endfacet
  facet normal -0 0 -1
    outer loop
      vertex 15.2771 54.2329 128
      vertex 10.5 42.7 128
      vertex 11.8877 56.5218 128
    endloop
  endfacet
  facet normal -0 0 -1
    outer loop
      vertex 11.3686 56.8686 128
      vertex 10.5 42.7 128
      vertex 11.0218 57.3877 128
    endloop
  endfacet
  facet normal -0 0 -1
    outer loop
      vertex 11.8877 56.5218 128
      vertex 10.5 42.7 128
      vertex 11.3686 56.8686 128
    endloop
  endfacet
  facet normal 0 0 -1
    outer loop
      vertex 10.5 42.7 128
      vertex 15.4821 54.0279 128
      vertex 10.7899 42.7 128
    endloop
  endfacet
  facet normal -0 0 -1
    outer loop
      vertex 75.8 59.71 128
      vertex 64.4721 55.0179 128
      vertex 75.8 60 128
    endloop
  endfacet
  facet normal 0 0 -1
    outer loop
      vertex 94.5 42.7 128
      vertex 93.9782 57.3877 128
      vertex 94.1 58 128
    endloop
  endfacet
  facet normal 0 0 -1
    outer loop
      vertex 94.5 42.7 128
      vertex 93.6314 56.8686 128
      vertex 93.9782 57.3877 128
    endloop
  endfacet
  facet normal 0 0 -1
    outer loop
      vertex 94.5 42.7 128
      vertex 93.1123 56.5218 128
      vertex 93.6314 56.8686 128
    endloop
  endfacet
  facet normal 0 0 -1
    outer loop
      vertex 94.5 42.7 128
      vertex 89.7229 54.2329 128
      vertex 93.1123 56.5218 128
    endloop
  endfacet
  facet normal 0 0 -1
    outer loop
      vertex 93.1123 56.5218 128
      vertex 89.7229 54.2329 128
      vertex 92.5 56.4 128
    endloop
  endfacet
  facet normal -0 0 -1
    outer loop
      vertex 92.5 56.4 128
      vertex 89.7229 54.2329 128
      vertex 91.8877 56.5218 128
    endloop
  endfacet
  facet normal -0 0 -1
    outer loop
      vertex 91.8877 56.5218 128
      vertex 89.7229 54.2329 128
      vertex 91.3686 56.8686 128
    endloop
  endfacet
  facet normal -0 0 -1
    outer loop
      vertex 91.3686 56.8686 128
      vertex 88.7329 55.2229 128
      vertex 91.0218 57.3877 128
    endloop
  endfacet
  facet normal 0 0 -1
    outer loop
      vertex 88.7329 55.2229 128
      vertex 91.3686 56.8686 128
      vertex 89.7229 54.2329 128
    endloop
  endfacet
  facet normal 0 -0 -1
    outer loop
      vertex 89.7229 54.2329 128
      vertex 94.2101 42.7 128
      vertex 89.5179 54.0279 128
    endloop
  endfacet
  facet normal 0 0 -1
    outer loop
      vertex 99 8 128
      vertex 94.5 41.3 128
      vertex 99 76 128
    endloop
  endfacet
  facet normal -0 0 -1
    outer loop
      vertex 99 76 128
      vertex 98.4782 75.3877 128
      vertex 98.6 76 128
    endloop
  endfacet
  facet normal 0 0 -1
    outer loop
      vertex 94.1 26 128
      vertex 98.4782 8.61229 128
      vertex 98.1314 9.13137 128
    endloop
  endfacet
  facet normal 0 0 -1
    outer loop
      vertex 94.5 42.7 128
      vertex 99 76 128
      vertex 94.5 41.3 128
    endloop
  endfacet
  facet normal 0 0 -1
    outer loop
      vertex 93.9782 25.3877 128
      vertex 98.1314 9.13137 128
      vertex 97.6123 9.47821 128
    endloop
  endfacet
  facet normal 0 0 -1
    outer loop
      vertex 94.1 58 128
      vertex 99 76 128
      vertex 94.5 42.7 128
    endloop
  endfacet
  facet normal 0 0 -1
    outer loop
      vertex 93.6314 24.8686 128
      vertex 97.6123 9.47821 128
      vertex 97 9.6 128
    endloop
  endfacet
  facet normal 0 -0 -1
    outer loop
      vertex 98.1314 74.8686 128
      vertex 99 76 128
      vertex 94.1 58 128
    endloop
  endfacet
  facet normal 0 0 -1
    outer loop
      vertex 93.1123 24.5218 128
      vertex 97 9.6 128
      vertex 96.3877 9.47821 128
    endloop
  endfacet
  facet normal 0 0 -1
    outer loop
      vertex 99 76 128
      vertex 98.1314 74.8686 128
      vertex 98.4782 75.3877 128
    endloop
  endfacet
  facet normal 0 0 -1
    outer loop
      vertex 92.5 24.4 128
      vertex 96.3877 9.47821 128
      vertex 95.8686 9.13137 128
    endloop
  endfacet
  facet normal 0 0 -1
    outer loop
      vertex 93.9782 58.6123 128
      vertex 98.1314 74.8686 128
      vertex 94.1 58 128
    endloop
  endfacet
  facet normal 0 0 -1
    outer loop
      vertex 91.8877 24.5218 128
      vertex 95.8686 9.13137 128
      vertex 95.5218 8.61229 128
    endloop
  endfacet
  facet normal 0 0 -1
    outer loop
      vertex 98.1314 74.8686 128
      vertex 93.9782 58.6123 128
      vertex 97.6123 74.5218 128
    endloop
  endfacet
  facet normal 0 0 -1
    outer loop
      vertex 77.2 24 128
      vertex 95.5218 8.61229 128
      vertex 95.4 8 128
    endloop
  endfacet
  facet normal 0 0 -1
    outer loop
      vertex 93.6314 59.1314 128
      vertex 97.6123 74.5218 128
      vertex 93.9782 58.6123 128
    endloop
  endfacet
  facet normal 0 0 -1
    outer loop
      vertex 98.6 8 128
      vertex 99 8 128
      vertex 98.9616 7.60982 128
    endloop
  endfacet
  facet normal 0 0 -1
    outer loop
      vertex 98.4782 8.61229 128
      vertex 99 8 128
      vertex 98.6 8 128
    endloop
  endfacet
  facet normal 0 0 -1
    outer loop
      vertex 98.4782 7.38771 128
      vertex 98.9616 7.60982 128
      vertex 98.8478 7.23463 128
    endloop
  endfacet
  facet normal 0 0 -1
    outer loop
      vertex 94.5 41.3 128
      vertex 99 8 128
      vertex 98.4782 8.61229 128
    endloop
  endfacet
  facet normal 0 0 -1
    outer loop
      vertex 98.4782 7.38771 128
      vertex 98.8478 7.23463 128
      vertex 98.6629 6.88886 128
    endloop
  endfacet
  facet normal 0 0 -1
    outer loop
      vertex 99 76 128
      vertex 98.6 76 128
      vertex 98.9616 76.3902 128
    endloop
  endfacet
  facet normal 0 0 -1
    outer loop
      vertex 98.4782 76.6123 128
      vertex 98.9616 76.3902 128
      vertex 98.6 76 128
    endloop
  endfacet
  facet normal -0 0 -1
    outer loop
      vertex 98.9616 7.60982 128
      vertex 98.4782 7.38771 128
      vertex 98.6 8 128
    endloop
  endfacet
  facet normal 0 0 -1
    outer loop
      vertex 98.1314 6.86863 128
      vertex 98.6629 6.88886 128
      vertex 98.4142 6.58579 128
    endloop
  endfacet
  facet normal -0 0 -1
    outer loop
      vertex 98.6629 6.88886 128
      vertex 98.1314 6.86863 128
      vertex 98.4782 7.38771 128
    endloop
  endfacet
  facet normal 0 0 -1
    outer loop
      vertex 98.1111 6.33706 128
      vertex 98.1314 6.86863 128
      vertex 98.4142 6.58579 128
    endloop
  endfacet
  facet normal 0 0 -1
    outer loop
      vertex 97.6123 6.52179 128
      vertex 98.1111 6.33706 128
      vertex 97.7654 6.15224 128
    endloop
  endfacet
  facet normal 0 0 -1
    outer loop
      vertex 98.1111 6.33706 128
      vertex 97.6123 6.52179 128
      vertex 98.1314 6.86863 128
    endloop
  endfacet
  facet normal 0 0 -1
    outer loop
      vertex 97.3902 6.03843 128
      vertex 97.6123 6.52179 128
      vertex 97.7654 6.15224 128
    endloop
  endfacet
  facet normal 0 0 -1
    outer loop
      vertex 97 6.4 128
      vertex 97.3902 6.03843 128
      vertex 97 6 128
    endloop
  endfacet
  facet normal 0 0 -1
    outer loop
      vertex 97.3902 6.03843 128
      vertex 97 6.4 128
      vertex 97.6123 6.52179 128
    endloop
  endfacet
  facet normal 0 0 -1
    outer loop
      vertex 97 6 128
      vertex 96.3877 6.52179 128
      vertex 97 6.4 128
    endloop
  endfacet
  facet normal 0 0 -1
    outer loop
      vertex 97 6 128
      vertex 95.8686 6.86863 128
      vertex 96.3877 6.52179 128
    endloop
  endfacet
  facet normal 0 0 -1
    outer loop
      vertex 97.6123 74.5218 128
      vertex 93.6314 59.1314 128
      vertex 97 74.4 128
    endloop
  endfacet
  facet normal 0 0 -1
    outer loop
      vertex 98.4782 8.61229 128
      vertex 94.1 26 128
      vertex 94.5 41.3 128
    endloop
  endfacet
  facet normal 0 0 -1
    outer loop
      vertex 93.9782 26.6123 128
      vertex 94.5 41.3 128
      vertex 94.1 26 128
    endloop
  endfacet
  facet normal 0 0 -1
    outer loop
      vertex 98.1314 9.13137 128
      vertex 93.9782 25.3877 128
      vertex 94.1 26 128
    endloop
  endfacet
  facet normal 0 0 -1
    outer loop
      vertex 97.6123 9.47821 128
      vertex 93.6314 24.8686 128
      vertex 93.9782 25.3877 128
    endloop
  endfacet
  facet normal 0 0 -1
    outer loop
      vertex 97 9.6 128
      vertex 93.1123 24.5218 128
      vertex 93.6314 24.8686 128
    endloop
  endfacet
  facet normal 0 0 -1
    outer loop
      vertex 96.3877 9.47821 128
      vertex 92.5 24.4 128
      vertex 93.1123 24.5218 128
    endloop
  endfacet
  facet normal 0 0 -1
    outer loop
      vertex 95.8686 9.13137 128
      vertex 91.8877 24.5218 128
      vertex 92.5 24.4 128
    endloop
  endfacet
  facet normal 0 0 -1
    outer loop
      vertex 75.8 24 128
      vertex 95.4 8 128
      vertex 95.5218 7.38771 128
    endloop
  endfacet
  facet normal 0 0 -1
    outer loop
      vertex 95.5218 8.61229 128
      vertex 77.2 24 128
      vertex 91.8877 24.5218 128
    endloop
  endfacet
  facet normal -0 0 -1
    outer loop
      vertex 91.8877 24.5218 128
      vertex 77.2 24 128
      vertex 91.3686 24.8686 128
    endloop
  endfacet
  facet normal 0 0 -1
    outer loop
      vertex 88.7329 28.7771 128
      vertex 90.9 26 128
      vertex 91.0218 25.3877 128
    endloop
  endfacet
  facet normal -0 0 -1
    outer loop
      vertex 91.3686 24.8686 128
      vertex 77.2 24 128
      vertex 91.0218 25.3877 128
    endloop
  endfacet
  facet normal 0 0 -1
    outer loop
      vertex 90.9 26 128
      vertex 88.7329 28.7771 128
      vertex 89.7229 29.7671 128
    endloop
  endfacet
  facet normal -0 0 -1
    outer loop
      vertex 91.0218 25.3877 128
      vertex 77.2 24 128
      vertex 88.7329 28.7771 128
    endloop
  endfacet
  facet normal -0 0 -1
    outer loop
      vertex 88.7329 28.7771 128
      vertex 77.2 24 128
      vertex 88.5279 28.9821 128
    endloop
  endfacet
  facet normal 0 0 -1
    outer loop
      vertex 60.5 24.4 128
      vertex 95.5218 7.38771 128
      vertex 95.8686 6.86863 128
    endloop
  endfacet
  facet normal 0 0 -1
    outer loop
      vertex 95.4 8 128
      vertex 75.8 24 128
      vertex 77.2 24 128
    endloop
  endfacet
  facet normal 0 0 -1
    outer loop
      vertex 75.8 24 128
      vertex 64.4721 28.9821 128
      vertex 75.8 24.2899 128
    endloop
  endfacet
  facet normal 0 0 -1
    outer loop
      vertex 95.5218 7.38771 128
      vertex 61.1123 24.5218 128
      vertex 75.8 24 128
    endloop
  endfacet
  facet normal 0 0 -1
    outer loop
      vertex 9.13137 6.86863 128
      vertex 95.8686 6.86863 128
      vertex 97 6 128
    endloop
  endfacet
  facet normal 0 -0 -1
    outer loop
      vertex 64.2671 28.7771 128
      vertex 75.8 24 128
      vertex 61.9782 25.3877 128
    endloop
  endfacet
  facet normal 0 0 -1
    outer loop
      vertex 61.9782 26.6123 128
      vertex 64.2671 28.7771 128
      vertex 62.1 26 128
    endloop
  endfacet
  facet normal 0 0 -1
    outer loop
      vertex 75.8 24 128
      vertex 64.2671 28.7771 128
      vertex 64.4721 28.9821 128
    endloop
  endfacet
  facet normal 0 0 -1
    outer loop
      vertex 64.2671 28.7771 128
      vertex 61.9782 25.3877 128
      vertex 62.1 26 128
    endloop
  endfacet
  facet normal 0 0 -1
    outer loop
      vertex 75.8 24 128
      vertex 61.6314 24.8686 128
      vertex 61.9782 25.3877 128
    endloop
  endfacet
  facet normal 0 0 -1
    outer loop
      vertex 75.8 24 128
      vertex 61.1123 24.5218 128
      vertex 61.6314 24.8686 128
    endloop
  endfacet
  facet normal 0 0 -1
    outer loop
      vertex 95.5218 7.38771 128
      vertex 60.5 24.4 128
      vertex 61.1123 24.5218 128
    endloop
  endfacet
  facet normal 0 0 -1
    outer loop
      vertex 95.8686 6.86863 128
      vertex 44.5 24.4 128
      vertex 60.5 24.4 128
    endloop
  endfacet
  facet normal 0 0 -1
    outer loop
      vertex 63.2771 29.7671 128
      vertex 58.5 41.3 128
      vertex 58.79 41.3 128
    endloop
  endfacet
  facet normal 0 0 -1
    outer loop
      vertex 58.5 41.3 128
      vertex 46.5 41.3 128
      vertex 58.5 42.7 128
    endloop
  endfacet
  facet normal 0 0 -1
    outer loop
      vertex 59.3686 27.1314 128
      vertex 45.6314 27.1314 128
      vertex 58.5 41.3 128
    endloop
  endfacet
  facet normal 0 0 -1
    outer loop
      vertex 46.1 26 128
      vertex 58.9 26 128
      vertex 59.0218 25.3877 128
    endloop
  endfacet
  facet normal 0 0 -1
    outer loop
      vertex 45.9782 25.3877 128
      vertex 59.0218 25.3877 128
      vertex 59.3686 24.8686 128
    endloop
  endfacet
  facet normal 0 0 -1
    outer loop
      vertex 45.9782 26.6123 128
      vertex 59.0218 26.6123 128
      vertex 46.1 26 128
    endloop
  endfacet
  facet normal 0 0 -1
    outer loop
      vertex 45.6314 27.1314 128
      vertex 59.0218 26.6123 128
      vertex 45.9782 26.6123 128
    endloop
  endfacet
  facet normal 0 0 -1
    outer loop
      vertex 45.6314 24.8686 128
      vertex 59.3686 24.8686 128
      vertex 59.8877 24.5218 128
    endloop
  endfacet
  facet normal 0 0 -1
    outer loop
      vertex 60.5 24.4 128
      vertex 44.5 24.4 128
      vertex 59.8877 24.5218 128
    endloop
  endfacet
  facet normal 0 0 -1
    outer loop
      vertex 59.0218 25.3877 128
      vertex 45.9782 25.3877 128
      vertex 46.1 26 128
    endloop
  endfacet
  facet normal 0 0 -1
    outer loop
      vertex 59.3686 24.8686 128
      vertex 45.6314 24.8686 128
      vertex 45.9782 25.3877 128
    endloop
  endfacet
  facet normal 0 0 -1
    outer loop
      vertex 59.8877 24.5218 128
      vertex 45.1123 24.5218 128
      vertex 45.6314 24.8686 128
    endloop
  endfacet
  facet normal -0 0 -1
    outer loop
      vertex 59.8877 24.5218 128
      vertex 44.5 24.4 128
      vertex 45.1123 24.5218 128
    endloop
  endfacet
  facet normal 0 0 -1
    outer loop
      vertex 95.8686 6.86863 128
      vertex 9.13137 6.86863 128
      vertex 44.5 24.4 128
    endloop
  endfacet
  facet normal 0 0 -1
    outer loop
      vertex 40.7329 28.7771 128
      vertex 42.9 26 128
      vertex 43.0218 25.3877 128
    endloop
  endfacet
  facet normal 0 0 -1
    outer loop
      vertex 43.3686 27.1314 128
      vertex 40.7329 28.7771 128
      vertex 41.7229 29.7671 128
    endloop
  endfacet
  facet normal 0 0 -1
    outer loop
      vertex 29.2 24 128
      vertex 43.0218 25.3877 128
      vertex 43.3686 24.8686 128
    endloop
  endfacet
  facet normal -0 0 -1
    outer loop
      vertex 43.0218 25.3877 128
      vertex 29.2 24 128
      vertex 40.7329 28.7771 128
    endloop
  endfacet
  facet normal -0 0 -1
    outer loop
      vertex 40.7329 28.7771 128
      vertex 29.2 24 128
      vertex 40.5279 28.9821 128
    endloop
  endfacet
  facet normal -0 0 -1
    outer loop
      vertex 43.8877 24.5218 128
      vertex 29.2 24 128
      vertex 43.3686 24.8686 128
    endloop
  endfacet
  facet normal 0 -0 -1
    outer loop
      vertex 9.47821 7.38771 128
      vertex 44.5 24.4 128
      vertex 9.13137 6.86863 128
    endloop
  endfacet
  facet normal -0 0 -1
    outer loop
      vertex 44.5 24.4 128
      vertex 9.47821 7.38771 128
      vertex 43.8877 24.5218 128
    endloop
  endfacet
  facet normal 0 0 -1
    outer loop
      vertex 27.8 24 128
      vertex 16.4721 28.9821 128
      vertex 27.8 24.2899 128
    endloop
  endfacet
  facet normal 0 0 -1
    outer loop
      vertex 27.8 24 128
      vertex 16.2671 28.7771 128
      vertex 16.4721 28.9821 128
    endloop
  endfacet
  facet normal 0 0 -1
    outer loop
      vertex 13.9782 26.6123 128
      vertex 16.2671 28.7771 128
      vertex 14.1 26 128
    endloop
  endfacet
  facet normal 0 0 -1
    outer loop
      vertex 13.9782 25.3877 128
      vertex 16.2671 28.7771 128
      vertex 27.8 24 128
    endloop
  endfacet
  facet normal 0 -0 -1
    outer loop
      vertex 9.6 8 128
      vertex 29.2 24 128
      vertex 9.47821 7.38771 128
    endloop
  endfacet
  facet normal 0 0 -1
    outer loop
      vertex 16.2671 28.7771 128
      vertex 13.9782 25.3877 128
      vertex 14.1 26 128
    endloop
  endfacet
  facet normal 0 0 -1
    outer loop
      vertex 9.47821 8.61229 128
      vertex 27.8 24 128
      vertex 9.6 8 128
    endloop
  endfacet
  facet normal 0 0 -1
    outer loop
      vertex 27.8 24 128
      vertex 13.6314 24.8686 128
      vertex 13.9782 25.3877 128
    endloop
  endfacet
  facet normal 0 0 -1
    outer loop
      vertex 27.8 24 128
      vertex 13.1123 24.5218 128
      vertex 13.6314 24.8686 128
    endloop
  endfacet
  facet normal -0 0 -1
    outer loop
      vertex 27.8 24 128
      vertex 9.47821 8.61229 128
      vertex 13.1123 24.5218 128
    endloop
  endfacet
  facet normal 0 0 -1
    outer loop
      vertex 15.4821 29.9721 128
      vertex 10.5 41.3 128
      vertex 10.7899 41.3 128
    endloop
  endfacet
  facet normal -0 0 -1
    outer loop
      vertex 11.8877 24.5218 128
      vertex 8 9.6 128
      vertex 11.3686 24.8686 128
    endloop
  endfacet
  facet normal 0 0 -1
    outer loop
      vertex 8 9.6 128
      vertex 11.8877 24.5218 128
      vertex 8.61229 9.47821 128
    endloop
  endfacet
  facet normal -0 0 -1
    outer loop
      vertex 12.5 24.4 128
      vertex 8.61229 9.47821 128
      vertex 11.8877 24.5218 128
    endloop
  endfacet
  facet normal 0 0 -1
    outer loop
      vertex 8.61229 9.47821 128
      vertex 12.5 24.4 128
      vertex 9.13137 9.13137 128
    endloop
  endfacet
  facet normal 0 0 -1
    outer loop
      vertex 13.1123 24.5218 128
      vertex 9.13137 9.13137 128
      vertex 12.5 24.4 128
    endloop
  endfacet
  facet normal 0 0 -1
    outer loop
      vertex 9.13137 9.13137 128
      vertex 13.1123 24.5218 128
      vertex 9.47821 8.61229 128
    endloop
  endfacet
  facet normal -0 0 -1
    outer loop
      vertex 29.2 24 128
      vertex 9.6 8 128
      vertex 27.8 24 128
    endloop
  endfacet
  facet normal 0 0 -1
    outer loop
      vertex 43.8877 24.5218 128
      vertex 9.47821 7.38771 128
      vertex 29.2 24 128
    endloop
  endfacet
  facet normal 0 0 -1
    outer loop
      vertex 8 6 128
      vertex 9.13137 6.86863 128
      vertex 97 6 128
    endloop
  endfacet
  facet normal 0 0 -1
    outer loop
      vertex 9.13137 6.86863 128
      vertex 8 6 128
      vertex 8.61229 6.52179 128
    endloop
  endfacet
  facet normal 0 0 -1
    outer loop
      vertex 8 6 128
      vertex 8 6.4 128
      vertex 8.61229 6.52179 128
    endloop
  endfacet
  facet normal 0 0 -1
    outer loop
      vertex 7.60982 6.03843 128
      vertex 8 6.4 128
      vertex 8 6 128
    endloop
  endfacet
  facet normal 0 0 -1
    outer loop
      vertex 7.60982 6.03843 128
      vertex 7.38771 6.52179 128
      vertex 8 6.4 128
    endloop
  endfacet
  facet normal 0 0 -1
    outer loop
      vertex 7.23463 6.15224 128
      vertex 7.38771 6.52179 128
      vertex 7.60982 6.03843 128
    endloop
  endfacet
  facet normal 0 0 -1
    outer loop
      vertex 6.88886 6.33706 128
      vertex 7.38771 6.52179 128
      vertex 7.23463 6.15224 128
    endloop
  endfacet
  facet normal 0 0 -1
    outer loop
      vertex 6.88886 6.33706 128
      vertex 6.86863 6.86863 128
      vertex 7.38771 6.52179 128
    endloop
  endfacet
  facet normal 0 0 -1
    outer loop
      vertex 6.58579 6.58579 128
      vertex 6.86863 6.86863 128
      vertex 6.88886 6.33706 128
    endloop
  endfacet
  facet normal 0 0 -1
    outer loop
      vertex 6.33706 6.88886 128
      vertex 6.86863 6.86863 128
      vertex 6.58579 6.58579 128
    endloop
  endfacet
  facet normal 0 0 -1
    outer loop
      vertex 6.86863 6.86863 128
      vertex 6.33706 6.88886 128
      vertex 6.52179 7.38771 128
    endloop
  endfacet
  facet normal 0 0 -1
    outer loop
      vertex 6.03843 7.60982 128
      vertex 6.52179 7.38771 128
      vertex 6.15224 7.23463 128
    endloop
  endfacet
  facet normal 0 0 -1
    outer loop
      vertex 6.15224 7.23463 128
      vertex 6.52179 7.38771 128
      vertex 6.33706 6.88886 128
    endloop
  endfacet
  facet normal 0 0 -1
    outer loop
      vertex 98.9616 76.3902 128
      vertex 98.4782 76.6123 128
      vertex 98.8478 76.7654 128
    endloop
  endfacet
  facet normal -0 0 -1
    outer loop
      vertex 98.8478 76.7654 128
      vertex 98.4782 76.6123 128
      vertex 98.6629 77.1111 128
    endloop
  endfacet
  facet normal 0 0 -1
    outer loop
      vertex 98.1314 77.1314 128
      vertex 98.6629 77.1111 128
      vertex 98.4782 76.6123 128
    endloop
  endfacet
  facet normal 0 0 -1
    outer loop
      vertex 98.6629 77.1111 128
      vertex 98.1314 77.1314 128
      vertex 98.4142 77.4142 128
    endloop
  endfacet
  facet normal 0 0 -1
    outer loop
      vertex 98.1314 77.1314 128
      vertex 98.1111 77.6629 128
      vertex 98.4142 77.4142 128
    endloop
  endfacet
  facet normal 0 0 -1
    outer loop
      vertex 97.6123 77.4782 128
      vertex 98.1111 77.6629 128
      vertex 98.1314 77.1314 128
    endloop
  endfacet
  facet normal -0 0 -1
    outer loop
      vertex 98.1111 77.6629 128
      vertex 97.6123 77.4782 128
      vertex 97.7654 77.8478 128
    endloop
  endfacet
  facet normal 0 0 -1
    outer loop
      vertex 97.6123 77.4782 128
      vertex 97.3902 77.9616 128
      vertex 97.7654 77.8478 128
    endloop
  endfacet
  facet normal 0 0 -1
    outer loop
      vertex 97 77.6 128
      vertex 97.3902 77.9616 128
      vertex 97.6123 77.4782 128
    endloop
  endfacet
  facet normal 0 0 -1
    outer loop
      vertex 97 77.6 128
      vertex 97 78 128
      vertex 97.3902 77.9616 128
    endloop
  endfacet
  facet normal 0 0 -1
    outer loop
      vertex 96.3877 77.4782 128
      vertex 97 78 128
      vertex 97 77.6 128
    endloop
  endfacet
  facet normal 0 0 -1
    outer loop
      vertex 95.8686 77.1314 128
      vertex 97 78 128
      vertex 96.3877 77.4782 128
    endloop
  endfacet
  facet normal 0 0 -1
    outer loop
      vertex 93.1123 59.4782 128
      vertex 97 74.4 128
      vertex 93.6314 59.1314 128
    endloop
  endfacet
  facet normal 0 0 -1
    outer loop
      vertex 89.7229 54.2329 128
      vertex 94.5 42.7 128
      vertex 94.2101 42.7 128
    endloop
  endfacet
  facet normal -0 0 -1
    outer loop
      vertex 97 74.4 128
      vertex 93.1123 59.4782 128
      vertex 96.3877 74.5218 128
    endloop
  endfacet
  facet normal 0 0 -1
    outer loop
      vertex 92.5 59.6 128
      vertex 96.3877 74.5218 128
      vertex 93.1123 59.4782 128
    endloop
  endfacet
  facet normal -0 0 -1
    outer loop
      vertex 96.3877 74.5218 128
      vertex 92.5 59.6 128
      vertex 95.8686 74.8686 128
    endloop
  endfacet
  facet normal 0 0 -1
    outer loop
      vertex 91.8877 59.4782 128
      vertex 95.8686 74.8686 128
      vertex 92.5 59.6 128
    endloop
  endfacet
  facet normal -0 0 -1
    outer loop
      vertex 95.8686 74.8686 128
      vertex 91.8877 59.4782 128
      vertex 95.5218 75.3877 128
    endloop
  endfacet
  facet normal 0 0 -1
    outer loop
      vertex 77.2 60 128
      vertex 95.5218 75.3877 128
      vertex 91.8877 59.4782 128
    endloop
  endfacet
  facet normal -0 0 -1
    outer loop
      vertex 95.5218 75.3877 128
      vertex 77.2 60 128
      vertex 95.4 76 128
    endloop
  endfacet
  facet normal 0 0 -1
    outer loop
      vertex 77.2 60 128
      vertex 91.8877 59.4782 128
      vertex 91.3686 59.1314 128
    endloop
  endfacet
  facet normal 0 0 -1
    outer loop
      vertex 77.2 60 128
      vertex 91.3686 59.1314 128
      vertex 91.0218 58.6123 128
    endloop
  endfacet
  facet normal -0 0 -1
    outer loop
      vertex 91.0218 57.3877 128
      vertex 88.7329 55.2229 128
      vertex 90.9 58 128
    endloop
  endfacet
  facet normal -0 0 -1
    outer loop
      vertex 90.9 58 128
      vertex 88.7329 55.2229 128
      vertex 91.0218 58.6123 128
    endloop
  endfacet
  facet normal 0 0 -1
    outer loop
      vertex 77.2 60 128
      vertex 91.0218 58.6123 128
      vertex 88.7329 55.2229 128
    endloop
  endfacet
  facet normal 0 0 -1
    outer loop
      vertex 77.2 60 128
      vertex 88.7329 55.2229 128
      vertex 88.5279 55.0179 128
    endloop
  endfacet
  facet normal 0 0 -1
    outer loop
      vertex 77.2 60 128
      vertex 88.5279 55.0179 128
      vertex 77.2 59.71 128
    endloop
  endfacet
  facet normal 0 0 -1
    outer loop
      vertex 75.8 60 128
      vertex 95.4 76 128
      vertex 77.2 60 128
    endloop
  endfacet
  facet normal -0 0 -1
    outer loop
      vertex 95.4 76 128
      vertex 75.8 60 128
      vertex 95.5218 76.6123 128
    endloop
  endfacet
  facet normal 0 0 -1
    outer loop
      vertex 61.1123 59.4782 128
      vertex 95.5218 76.6123 128
      vertex 75.8 60 128
    endloop
  endfacet
  facet normal 0 0 -1
    outer loop
      vertex 64.2671 55.2229 128
      vertex 75.8 60 128
      vertex 64.4721 55.0179 128
    endloop
  endfacet
  facet normal 0 0 -1
    outer loop
      vertex 61.6314 59.1314 128
      vertex 75.8 60 128
      vertex 61.9782 58.6123 128
    endloop
  endfacet
  facet normal 0 0 -1
    outer loop
      vertex 75.8 60 128
      vertex 64.2671 55.2229 128
      vertex 61.9782 58.6123 128
    endloop
  endfacet
  facet normal 0 0 -1
    outer loop
      vertex 61.6314 56.8686 128
      vertex 64.2671 55.2229 128
      vertex 63.2771 54.2329 128
    endloop
  endfacet
  facet normal 0 0 -1
    outer loop
      vertex 61.9782 58.6123 128
      vertex 64.2671 55.2229 128
      vertex 62.1 58 128
    endloop
  endfacet
  facet normal 0 0 -1
    outer loop
      vertex 61.1123 59.4782 128
      vertex 75.8 60 128
      vertex 61.6314 59.1314 128
    endloop
  endfacet
  facet normal 0 0 -1
    outer loop
      vertex 60.5 59.6 128
      vertex 95.5218 76.6123 128
      vertex 61.1123 59.4782 128
    endloop
  endfacet
  facet normal -0 0 -1
    outer loop
      vertex 95.5218 76.6123 128
      vertex 60.5 59.6 128
      vertex 95.8686 77.1314 128
    endloop
  endfacet
  facet normal 0 0 -1
    outer loop
      vertex 44.5 59.6 128
      vertex 95.8686 77.1314 128
      vertex 60.5 59.6 128
    endloop
  endfacet
  facet normal 0 0 -1
    outer loop
      vertex 44.5 59.6 128
      vertex 60.5 59.6 128
      vertex 59.8877 59.4782 128
    endloop
  endfacet
  facet normal 0 0 -1
    outer loop
      vertex 45.9782 57.3877 128
      vertex 59.3686 56.8686 128
      vertex 46.5 42.7 128
    endloop
  endfacet
  facet normal 0 0 -1
    outer loop
      vertex 46.5 42.7 128
      vertex 58.5 42.7 128
      vertex 46.5 41.3 128
    endloop
  endfacet
  facet normal 0 0 -1
    outer loop
      vertex 45.9782 57.3877 128
      vertex 59.0218 57.3877 128
      vertex 59.3686 56.8686 128
    endloop
  endfacet
  facet normal 0 0 -1
    outer loop
      vertex 59.0218 57.3877 128
      vertex 46.1 58 128
      vertex 58.9 58 128
    endloop
  endfacet
  facet normal 0 0 -1
    outer loop
      vertex 58.9 58 128
      vertex 46.1 58 128
      vertex 59.0218 58.6123 128
    endloop
  endfacet
  facet normal 0 0 -1
    outer loop
      vertex 41.7229 54.2329 128
      vertex 46.5 42.7 128
      vertex 46.21 42.7 128
    endloop
  endfacet
  facet normal 0 0 -1
    outer loop
      vertex 45.9782 58.6123 128
      vertex 59.0218 58.6123 128
      vertex 46.1 58 128
    endloop
  endfacet
  facet normal 0 0 -1
    outer loop
      vertex 59.0218 58.6123 128
      vertex 45.9782 58.6123 128
      vertex 59.3686 59.1314 128
    endloop
  endfacet
  facet normal 0 0 -1
    outer loop
      vertex 45.6314 59.1314 128
      vertex 59.3686 59.1314 128
      vertex 45.9782 58.6123 128
    endloop
  endfacet
  facet normal 0 0 -1
    outer loop
      vertex 59.3686 59.1314 128
      vertex 45.6314 59.1314 128
      vertex 59.8877 59.4782 128
    endloop
  endfacet
  facet normal 0 0 -1
    outer loop
      vertex 45.1123 59.4782 128
      vertex 59.8877 59.4782 128
      vertex 45.6314 59.1314 128
    endloop
  endfacet
  facet normal 0 0 -1
    outer loop
      vertex 44.5 59.6 128
      vertex 59.8877 59.4782 128
      vertex 45.1123 59.4782 128
    endloop
  endfacet
  facet normal 0 0 -1
    outer loop
      vertex 9.13137 77.1314 128
      vertex 95.8686 77.1314 128
      vertex 44.5 59.6 128
    endloop
  endfacet
  facet normal 0 0 -1
    outer loop
      vertex 9.47821 76.6123 128
      vertex 44.5 59.6 128
      vertex 43.8877 59.4782 128
    endloop
  endfacet
  facet normal -0 0 -1
    outer loop
      vertex 43.0218 57.3877 128
      vertex 40.7329 55.2229 128
      vertex 42.9 58 128
    endloop
  endfacet
  facet normal -0 0 -1
    outer loop
      vertex 42.9 58 128
      vertex 40.7329 55.2229 128
      vertex 43.0218 58.6123 128
    endloop
  endfacet
  facet normal 0 0 -1
    outer loop
      vertex 29.2 60 128
      vertex 43.0218 58.6123 128
      vertex 40.7329 55.2229 128
    endloop
  endfacet
  facet normal 0 0 -1
    outer loop
      vertex 29.2 60 128
      vertex 40.7329 55.2229 128
      vertex 40.5279 55.0179 128
    endloop
  endfacet
  facet normal 0 0 -1
    outer loop
      vertex 29.2 60 128
      vertex 40.5279 55.0179 128
      vertex 29.2 59.71 128
    endloop
  endfacet
  facet normal 0 0 -1
    outer loop
      vertex 43.0218 58.6123 128
      vertex 29.2 60 128
      vertex 43.3686 59.1314 128
    endloop
  endfacet
  facet normal 0 0 -1
    outer loop
      vertex 43.3686 59.1314 128
      vertex 29.2 60 128
      vertex 43.8877 59.4782 128
    endloop
  endfacet
  facet normal 0 0 -1
    outer loop
      vertex 9.47821 76.6123 128
      vertex 43.8877 59.4782 128
      vertex 29.2 60 128
    endloop
  endfacet
  facet normal 0 0 -1
    outer loop
      vertex 9.6 76 128
      vertex 29.2 60 128
      vertex 27.8 60 128
    endloop
  endfacet
  facet normal 0 0 -1
    outer loop
      vertex 16.2671 55.2229 128
      vertex 27.8 60 128
      vertex 16.4721 55.0179 128
    endloop
  endfacet
  facet normal 0 0 -1
    outer loop
      vertex 13.6314 56.8686 128
      vertex 16.2671 55.2229 128
      vertex 15.2771 54.2329 128
    endloop
  endfacet
  facet normal 0 0 -1
    outer loop
      vertex 13.9782 58.6123 128
      vertex 16.2671 55.2229 128
      vertex 14.1 58 128
    endloop
  endfacet
  facet normal 0 0 -1
    outer loop
      vertex 16.2671 55.2229 128
      vertex 13.9782 58.6123 128
      vertex 27.8 60 128
    endloop
  endfacet
  facet normal 0 0 -1
    outer loop
      vertex 13.6314 59.1314 128
      vertex 27.8 60 128
      vertex 13.9782 58.6123 128
    endloop
  endfacet
  facet normal 0 0 -1
    outer loop
      vertex 13.1123 59.4782 128
      vertex 27.8 60 128
      vertex 13.6314 59.1314 128
    endloop
  endfacet
  facet normal -0 0 -1
    outer loop
      vertex 27.8 60 128
      vertex 13.1123 59.4782 128
      vertex 9.6 76 128
    endloop
  endfacet
  facet normal 0 0 -1
    outer loop
      vertex 9.6 76 128
      vertex 13.1123 59.4782 128
      vertex 12.5 59.6 128
    endloop
  endfacet
  facet normal 0 0 -1
    outer loop
      vertex 9.6 76 128
      vertex 12.5 59.6 128
      vertex 11.8877 59.4782 128
    endloop
  endfacet
  facet normal -0 0 -1
    outer loop
      vertex 11.0218 57.3877 128
      vertex 10.5 42.7 128
      vertex 10.9 58 128
    endloop
  endfacet
  facet normal 0 0 -1
    outer loop
      vertex 7.38771 9.47821 128
      vertex 11.3686 24.8686 128
      vertex 8 9.6 128
    endloop
  endfacet
  facet normal 0 0 -1
    outer loop
      vertex 9.6 76 128
      vertex 10.9 58 128
      vertex 10.5 42.7 128
    endloop
  endfacet
  facet normal 0 0 -1
    outer loop
      vertex 9.6 76 128
      vertex 11.0218 58.6123 128
      vertex 10.9 58 128
    endloop
  endfacet
  facet normal 0 0 -1
    outer loop
      vertex 9.6 76 128
      vertex 11.3686 59.1314 128
      vertex 11.0218 58.6123 128
    endloop
  endfacet
  facet normal 0 0 -1
    outer loop
      vertex 9.6 76 128
      vertex 11.8877 59.4782 128
      vertex 11.3686 59.1314 128
    endloop
  endfacet
  facet normal 0 0 -1
    outer loop
      vertex 29.2 60 128
      vertex 9.6 76 128
      vertex 9.47821 76.6123 128
    endloop
  endfacet
  facet normal 0 0 -1
    outer loop
      vertex 44.5 59.6 128
      vertex 9.47821 76.6123 128
      vertex 9.13137 77.1314 128
    endloop
  endfacet
  facet normal 0 0 -1
    outer loop
      vertex 95.8686 77.1314 128
      vertex 9.13137 77.1314 128
      vertex 97 78 128
    endloop
  endfacet
  facet normal 0 0 -1
    outer loop
      vertex 8 78 128
      vertex 9.13137 77.1314 128
      vertex 8.61229 77.4782 128
    endloop
  endfacet
  facet normal 0 0 -1
    outer loop
      vertex 8 78 128
      vertex 8.61229 77.4782 128
      vertex 8 77.6 128
    endloop
  endfacet
  facet normal 0 0 -1
    outer loop
      vertex 9.13137 77.1314 128
      vertex 8 78 128
      vertex 97 78 128
    endloop
  endfacet
  facet normal 0 0 -1
    outer loop
      vertex 8 77.6 128
      vertex 7.60982 77.9616 128
      vertex 8 78 128
    endloop
  endfacet
  facet normal 0 0 -1
    outer loop
      vertex 7.38771 77.4782 128
      vertex 7.60982 77.9616 128
      vertex 8 77.6 128
    endloop
  endfacet
  facet normal 0 0 -1
    outer loop
      vertex 7.38771 77.4782 128
      vertex 7.23463 77.8478 128
      vertex 7.60982 77.9616 128
    endloop
  endfacet
  facet normal 0 0 -1
    outer loop
      vertex 7.38771 77.4782 128
      vertex 6.88886 77.6629 128
      vertex 7.23463 77.8478 128
    endloop
  endfacet
  facet normal 0 0 -1
    outer loop
      vertex 6.86863 77.1314 128
      vertex 6.88886 77.6629 128
      vertex 7.38771 77.4782 128
    endloop
  endfacet
  facet normal 0 0 -1
    outer loop
      vertex 6.86863 77.1314 128
      vertex 6.58579 77.4142 128
      vertex 6.88886 77.6629 128
    endloop
  endfacet
  facet normal 0 0 -1
    outer loop
      vertex 6.33706 77.1111 128
      vertex 6.86863 77.1314 128
      vertex 6.52179 76.6123 128
    endloop
  endfacet
  facet normal 0 0 -1
    outer loop
      vertex 6.03843 76.3902 128
      vertex 6.52179 76.6123 128
      vertex 6.4 76 128
    endloop
  endfacet
  facet normal -0 0 -1
    outer loop
      vertex 6.86863 77.1314 128
      vertex 6.33706 77.1111 128
      vertex 6.58579 77.4142 128
    endloop
  endfacet
  facet normal 0 0 -1
    outer loop
      vertex 6.86863 74.8686 128
      vertex 6 76 128
      vertex 6.52179 75.3877 128
    endloop
  endfacet
  facet normal 0 0 -1
    outer loop
      vertex 6.52179 7.38771 128
      vertex 6.03843 7.60982 128
      vertex 6.4 8 128
    endloop
  endfacet
  facet normal 0 0 -1
    outer loop
      vertex 6.52179 75.3877 128
      vertex 6 76 128
      vertex 6.4 76 128
    endloop
  endfacet
  facet normal -0 0 -1
    outer loop
      vertex 6.4 8 128
      vertex 6.03843 7.60982 128
      vertex 6 8 128
    endloop
  endfacet
  facet normal 0 -0 -1
    outer loop
      vertex 6.03843 76.3902 128
      vertex 6.4 76 128
      vertex 6 76 128
    endloop
  endfacet
  facet normal 0 0 -1
    outer loop
      vertex 6.52179 76.6123 128
      vertex 6.15224 76.7654 128
      vertex 6.33706 77.1111 128
    endloop
  endfacet
  facet normal -0 0 -1
    outer loop
      vertex 6.52179 76.6123 128
      vertex 6.03843 76.3902 128
      vertex 6.15224 76.7654 128
    endloop
  endfacet
  facet normal 0 0 -1
    outer loop
      vertex 93.6314 27.1314 128
      vertex 94.5 41.3 128
      vertex 93.9782 26.6123 128
    endloop
  endfacet
  facet normal 0 0 -1
    outer loop
      vertex 93.1123 27.4782 128
      vertex 94.5 41.3 128
      vertex 93.6314 27.1314 128
    endloop
  endfacet
  facet normal 0 0 -1
    outer loop
      vertex 89.7229 29.7671 128
      vertex 94.5 41.3 128
      vertex 93.1123 27.4782 128
    endloop
  endfacet
  facet normal 0 0 -1
    outer loop
      vertex 89.7229 29.7671 128
      vertex 93.1123 27.4782 128
      vertex 92.5 27.6 128
    endloop
  endfacet
  facet normal 0 0 -1
    outer loop
      vertex 89.7229 29.7671 128
      vertex 92.5 27.6 128
      vertex 91.8877 27.4782 128
    endloop
  endfacet
  facet normal 0 0 -1
    outer loop
      vertex 89.7229 29.7671 128
      vertex 91.8877 27.4782 128
      vertex 91.3686 27.1314 128
    endloop
  endfacet
  facet normal 0 0 -1
    outer loop
      vertex 89.7229 29.7671 128
      vertex 91.3686 27.1314 128
      vertex 91.0218 26.6123 128
    endloop
  endfacet
  facet normal 0 0 -1
    outer loop
      vertex 89.7229 29.7671 128
      vertex 91.0218 26.6123 128
      vertex 90.9 26 128
    endloop
  endfacet
  facet normal -0 0 -1
    outer loop
      vertex 94.5 41.3 128
      vertex 89.7229 29.7671 128
      vertex 94.2101 41.3 128
    endloop
  endfacet
  facet normal 0 0 -1
    outer loop
      vertex 94.2101 41.3 128
      vertex 89.7229 29.7671 128
      vertex 89.5179 29.9721 128
    endloop
  endfacet
  facet normal 0 0 -1
    outer loop
      vertex 88.5279 28.9821 128
      vertex 77.2 24 128
      vertex 77.2 24.2899 128
    endloop
  endfacet
  facet normal 0 0 -1
    outer loop
      vertex 61.6314 27.1314 128
      vertex 64.2671 28.7771 128
      vertex 61.9782 26.6123 128
    endloop
  endfacet
  facet normal -0 0 -1
    outer loop
      vertex 64.2671 28.7771 128
      vertex 61.6314 27.1314 128
      vertex 63.2771 29.7671 128
    endloop
  endfacet
  facet normal 0 0 -1
    outer loop
      vertex 61.1123 27.4782 128
      vertex 63.2771 29.7671 128
      vertex 61.6314 27.1314 128
    endloop
  endfacet
  facet normal 0 0 -1
    outer loop
      vertex 60.5 27.6 128
      vertex 63.2771 29.7671 128
      vertex 61.1123 27.4782 128
    endloop
  endfacet
  facet normal 0 0 -1
    outer loop
      vertex 59.8877 27.4782 128
      vertex 63.2771 29.7671 128
      vertex 60.5 27.6 128
    endloop
  endfacet
  facet normal 0 0 -1
    outer loop
      vertex 58.5 41.3 128
      vertex 63.2771 29.7671 128
      vertex 59.8877 27.4782 128
    endloop
  endfacet
  facet normal 0 0 -1
    outer loop
      vertex 58.5 41.3 128
      vertex 59.8877 27.4782 128
      vertex 59.3686 27.1314 128
    endloop
  endfacet
  facet normal 0 0 -1
    outer loop
      vertex 63.2771 29.7671 128
      vertex 58.79 41.3 128
      vertex 63.4821 29.9721 128
    endloop
  endfacet
  facet normal 0 0 -1
    outer loop
      vertex 45.6314 27.1314 128
      vertex 59.3686 27.1314 128
      vertex 59.0218 26.6123 128
    endloop
  endfacet
  facet normal 0 0 -1
    outer loop
      vertex 46.1 26 128
      vertex 59.0218 26.6123 128
      vertex 58.9 26 128
    endloop
  endfacet
  facet normal 0 0 -1
    outer loop
      vertex 64.2671 55.2229 128
      vertex 61.9782 57.3877 128
      vertex 62.1 58 128
    endloop
  endfacet
  facet normal 0 0 -1
    outer loop
      vertex 64.2671 55.2229 128
      vertex 61.6314 56.8686 128
      vertex 61.9782 57.3877 128
    endloop
  endfacet
  facet normal 0 0 -1
    outer loop
      vertex 63.2771 54.2329 128
      vertex 61.1123 56.5218 128
      vertex 61.6314 56.8686 128
    endloop
  endfacet
  facet normal 0 0 -1
    outer loop
      vertex 63.2771 54.2329 128
      vertex 60.5 56.4 128
      vertex 61.1123 56.5218 128
    endloop
  endfacet
  facet normal 0 0 -1
    outer loop
      vertex 58.79 42.7 128
      vertex 63.2771 54.2329 128
      vertex 63.4821 54.0279 128
    endloop
  endfacet
  facet normal 0 0 -1
    outer loop
      vertex 63.2771 54.2329 128
      vertex 59.8877 56.5218 128
      vertex 60.5 56.4 128
    endloop
  endfacet
  facet normal 0 0 -1
    outer loop
      vertex 58.5 42.7 128
      vertex 63.2771 54.2329 128
      vertex 58.79 42.7 128
    endloop
  endfacet
  facet normal 0 0 -1
    outer loop
      vertex 46.5 42.7 128
      vertex 59.3686 56.8686 128
      vertex 58.5 42.7 128
    endloop
  endfacet
  facet normal -0 0 -1
    outer loop
      vertex 59.8877 56.5218 128
      vertex 58.5 42.7 128
      vertex 59.3686 56.8686 128
    endloop
  endfacet
  facet normal -0 0 -1
    outer loop
      vertex 63.2771 54.2329 128
      vertex 58.5 42.7 128
      vertex 59.8877 56.5218 128
    endloop
  endfacet
  facet normal 0 0 -1
    outer loop
      vertex 99.9944 5.83329 128
      vertex 105 5 128
      vertex 104.904 4.02455 128
    endloop
  endfacet
  facet normal 0 0 -1
    outer loop
      vertex 105 5 128
      vertex 100.5 7.5 128
      vertex 105 79 128
    endloop
  endfacet
  facet normal 0 0 -1
    outer loop
      vertex 99.9944 5.83329 128
      vertex 104.904 4.02455 128
      vertex 104.619 3.08658 128
    endloop
  endfacet
  facet normal 0 0 -1
    outer loop
      vertex 100.5 76.5 128
      vertex 105 79 128
      vertex 100.5 7.5 128
    endloop
  endfacet
  facet normal 0 0 -1
    outer loop
      vertex 99.9944 5.83329 128
      vertex 104.619 3.08658 128
      vertex 104.157 2.22215 128
    endloop
  endfacet
  facet normal 0 0 -1
    outer loop
      vertex 100.442 77.0853 128
      vertex 105 79 128
      vertex 100.5 76.5 128
    endloop
  endfacet
  facet normal 0 0 -1
    outer loop
      vertex 99.6213 5.37868 128
      vertex 104.157 2.22215 128
      vertex 103.536 1.46447 128
    endloop
  endfacet
  facet normal 0 0 -1
    outer loop
      vertex 100.272 77.648 128
      vertex 105 79 128
      vertex 100.442 77.0853 128
    endloop
  endfacet
  facet normal 0 0 -1
    outer loop
      vertex 99.6213 5.37868 128
      vertex 103.536 1.46447 128
      vertex 102.778 0.842651 128
    endloop
  endfacet
  facet normal 0 0 -1
    outer loop
      vertex 99.9944 78.1667 128
      vertex 105 79 128
      vertex 100.272 77.648 128
    endloop
  endfacet
  facet normal 0 0 -1
    outer loop
      vertex 99.1667 5.00559 128
      vertex 102.778 0.842651 128
      vertex 101.913 0.380602 128
    endloop
  endfacet
  facet normal -0 0 -1
    outer loop
      vertex 105 79 128
      vertex 99.9944 78.1667 128
      vertex 104.904 79.9754 128
    endloop
  endfacet
  facet normal 0 0 -1
    outer loop
      vertex 99.1667 5.00559 128
      vertex 101.913 0.380602 128
      vertex 100.975 0.0960732 128
    endloop
  endfacet
  facet normal -0 0 -1
    outer loop
      vertex 104.904 79.9754 128
      vertex 99.9944 78.1667 128
      vertex 104.619 80.9134 128
    endloop
  endfacet
  facet normal -0 0 -1
    outer loop
      vertex 104.619 80.9134 128
      vertex 99.9944 78.1667 128
      vertex 104.157 81.7778 128
    endloop
  endfacet
  facet normal 0 0 -1
    outer loop
      vertex 105 5 128
      vertex 100.442 6.91473 128
      vertex 100.5 7.5 128
    endloop
  endfacet
  facet normal 0 0 -1
    outer loop
      vertex 105 5 128
      vertex 100.272 6.35195 128
      vertex 100.442 6.91473 128
    endloop
  endfacet
  facet normal 0 0 -1
    outer loop
      vertex 99.1667 5.00559 128
      vertex 100.975 0.0960732 128
      vertex 100 0 128
    endloop
  endfacet
  facet normal 0 0 -1
    outer loop
      vertex 105 5 128
      vertex 99.9944 5.83329 128
      vertex 100.272 6.35195 128
    endloop
  endfacet
  facet normal 0 0 -1
    outer loop
      vertex 104.157 2.22215 128
      vertex 99.6213 5.37868 128
      vertex 99.9944 5.83329 128
    endloop
  endfacet
  facet normal 0 0 -1
    outer loop
      vertex 102.778 0.842651 128
      vertex 99.1667 5.00559 128
      vertex 99.6213 5.37868 128
    endloop
  endfacet
  facet normal 0 0 -1
    outer loop
      vertex 100 0 128
      vertex 98.648 4.72836 128
      vertex 99.1667 5.00559 128
    endloop
  endfacet
  facet normal 0 0 -1
    outer loop
      vertex 100 0 128
      vertex 98.0853 4.55764 128
      vertex 98.648 4.72836 128
    endloop
  endfacet
  facet normal 0 0 -1
    outer loop
      vertex 100 0 128
      vertex 97.5 4.5 128
      vertex 98.0853 4.55764 128
    endloop
  endfacet
  facet normal 0 0 -1
    outer loop
      vertex 100 0 128
      vertex 7.5 4.5 128
      vertex 97.5 4.5 128
    endloop
  endfacet
  facet normal 0 0 -1
    outer loop
      vertex 5 0 128
      vertex 7.5 4.5 128
      vertex 100 0 128
    endloop
  endfacet
  facet normal 0 0 -1
    outer loop
      vertex 5 0 128
      vertex 6.91473 4.55764 128
      vertex 7.5 4.5 128
    endloop
  endfacet
  facet normal 0 0 -1
    outer loop
      vertex 5 0 128
      vertex 6.35195 4.72836 128
      vertex 6.91473 4.55764 128
    endloop
  endfacet
  facet normal 0 0 -1
    outer loop
      vertex 5 0 128
      vertex 5.83329 5.00559 128
      vertex 6.35195 4.72836 128
    endloop
  endfacet
  facet normal 0 0 -1
    outer loop
      vertex 4.02455 0.0960732 128
      vertex 5.83329 5.00559 128
      vertex 5 0 128
    endloop
  endfacet
  facet normal 0 0 -1
    outer loop
      vertex 3.08658 0.380602 128
      vertex 5.83329 5.00559 128
      vertex 4.02455 0.0960732 128
    endloop
  endfacet
  facet normal 0 0 -1
    outer loop
      vertex 2.22215 0.842651 128
      vertex 5.83329 5.00559 128
      vertex 3.08658 0.380602 128
    endloop
  endfacet
  facet normal -0 0 -1
    outer loop
      vertex 5.83329 5.00559 128
      vertex 2.22215 0.842651 128
      vertex 5.37868 5.37868 128
    endloop
  endfacet
  facet normal 0 0 -1
    outer loop
      vertex 1.46447 1.46447 128
      vertex 5.37868 5.37868 128
      vertex 2.22215 0.842651 128
    endloop
  endfacet
  facet normal -0 0 -1
    outer loop
      vertex 5.37868 5.37868 128
      vertex 0.842651 2.22215 128
      vertex 5.00559 5.83329 128
    endloop
  endfacet
  facet normal 0 0 -1
    outer loop
      vertex 0.842651 2.22215 128
      vertex 5.37868 5.37868 128
      vertex 1.46447 1.46447 128
    endloop
  endfacet
  facet normal 0 0 -1
    outer loop
      vertex 99.6213 78.6213 128
      vertex 104.157 81.7778 128
      vertex 99.9944 78.1667 128
    endloop
  endfacet
  facet normal -0 0 -1
    outer loop
      vertex 104.157 81.7778 128
      vertex 99.6213 78.6213 128
      vertex 103.536 82.5355 128
    endloop
  endfacet
  facet normal -0 0 -1
    outer loop
      vertex 103.536 82.5355 128
      vertex 99.6213 78.6213 128
      vertex 102.778 83.1573 128
    endloop
  endfacet
  facet normal 0 0 -1
    outer loop
      vertex 99.1667 78.9944 128
      vertex 102.778 83.1573 128
      vertex 99.6213 78.6213 128
    endloop
  endfacet
  facet normal -0 0 -1
    outer loop
      vertex 102.778 83.1573 128
      vertex 99.1667 78.9944 128
      vertex 101.913 83.6194 128
    endloop
  endfacet
  facet normal -0 0 -1
    outer loop
      vertex 101.913 83.6194 128
      vertex 99.1667 78.9944 128
      vertex 100.975 83.9039 128
    endloop
  endfacet
  facet normal -0 0 -1
    outer loop
      vertex 100.975 83.9039 128
      vertex 99.1667 78.9944 128
      vertex 100 84 128
    endloop
  endfacet
  facet normal 0 0 -1
    outer loop
      vertex 98.648 79.2716 128
      vertex 100 84 128
      vertex 99.1667 78.9944 128
    endloop
  endfacet
  facet normal 0 0 -1
    outer loop
      vertex 98.0853 79.4424 128
      vertex 100 84 128
      vertex 98.648 79.2716 128
    endloop
  endfacet
  facet normal 0 0 -1
    outer loop
      vertex 97.5 79.5 128
      vertex 100 84 128
      vertex 98.0853 79.4424 128
    endloop
  endfacet
  facet normal 0 0 -1
    outer loop
      vertex 7.5 79.5 128
      vertex 100 84 128
      vertex 97.5 79.5 128
    endloop
  endfacet
  facet normal 0 0 -1
    outer loop
      vertex 7.5 79.5 128
      vertex 5 84 128
      vertex 100 84 128
    endloop
  endfacet
  facet normal 0 0 -1
    outer loop
      vertex 6.91473 79.4424 128
      vertex 5 84 128
      vertex 7.5 79.5 128
    endloop
  endfacet
  facet normal 0 0 -1
    outer loop
      vertex 6.35195 79.2716 128
      vertex 5 84 128
      vertex 6.91473 79.4424 128
    endloop
  endfacet
  facet normal 0 0 -1
    outer loop
      vertex 5.83329 78.9944 128
      vertex 5 84 128
      vertex 6.35195 79.2716 128
    endloop
  endfacet
  facet normal 0 0 -1
    outer loop
      vertex 2.22215 83.1573 128
      vertex 5.83329 78.9944 128
      vertex 5.37868 78.6213 128
    endloop
  endfacet
  facet normal 0 0 -1
    outer loop
      vertex 0.842651 81.7778 128
      vertex 5.37868 78.6213 128
      vertex 5.00559 78.1667 128
    endloop
  endfacet
  facet normal 0 0 -1
    outer loop
      vertex 0 79 128
      vertex 5.00559 78.1667 128
      vertex 4.72836 77.648 128
    endloop
  endfacet
  facet normal 0 0 -1
    outer loop
      vertex 0 79 128
      vertex 4.72836 77.648 128
      vertex 4.55764 77.0853 128
    endloop
  endfacet
  facet normal 0 0 -1
    outer loop
      vertex 0 79 128
      vertex 4.55764 77.0853 128
      vertex 4.5 76.5 128
    endloop
  endfacet
  facet normal 0 0 -1
    outer loop
      vertex 5.83329 78.9944 128
      vertex 4.02455 83.9039 128
      vertex 5 84 128
    endloop
  endfacet
  facet normal -0 0 -1
    outer loop
      vertex 4.5 7.5 128
      vertex 0 5 128
      vertex 4.5 76.5 128
    endloop
  endfacet
  facet normal 0 0 -1
    outer loop
      vertex 0.380602 3.08658 128
      vertex 5.00559 5.83329 128
      vertex 0.842651 2.22215 128
    endloop
  endfacet
  facet normal 0 0 -1
    outer loop
      vertex 0 79 128
      vertex 4.5 76.5 128
      vertex 0 5 128
    endloop
  endfacet
  facet normal 0 0 -1
    outer loop
      vertex 0.0960732 4.02455 128
      vertex 5.00559 5.83329 128
      vertex 0.380602 3.08658 128
    endloop
  endfacet
  facet normal 0 0 -1
    outer loop
      vertex 5.00559 78.1667 128
      vertex 0 79 128
      vertex 0.0960732 79.9754 128
    endloop
  endfacet
  facet normal 0 0 -1
    outer loop
      vertex 0 5 128
      vertex 5.00559 5.83329 128
      vertex 0.0960732 4.02455 128
    endloop
  endfacet
  facet normal 0 0 -1
    outer loop
      vertex 5.83329 78.9944 128
      vertex 3.08658 83.6194 128
      vertex 4.02455 83.9039 128
    endloop
  endfacet
  facet normal -0 0 -1
    outer loop
      vertex 5.00559 5.83329 128
      vertex 0 5 128
      vertex 4.72836 6.35195 128
    endloop
  endfacet
  facet normal 0 0 -1
    outer loop
      vertex 5.83329 78.9944 128
      vertex 2.22215 83.1573 128
      vertex 3.08658 83.6194 128
    endloop
  endfacet
  facet normal -0 0 -1
    outer loop
      vertex 4.72836 6.35195 128
      vertex 0 5 128
      vertex 4.55764 6.91473 128
    endloop
  endfacet
  facet normal 0 0 -1
    outer loop
      vertex 5.37868 78.6213 128
      vertex 1.46447 82.5355 128
      vertex 2.22215 83.1573 128
    endloop
  endfacet
  facet normal -0 0 -1
    outer loop
      vertex 4.55764 6.91473 128
      vertex 0 5 128
      vertex 4.5 7.5 128
    endloop
  endfacet
  facet normal 0 0 -1
    outer loop
      vertex 5.37868 78.6213 128
      vertex 0.842651 81.7778 128
      vertex 1.46447 82.5355 128
    endloop
  endfacet
  facet normal 0 0 -1
    outer loop
      vertex 5.00559 78.1667 128
      vertex 0.380602 80.9134 128
      vertex 0.842651 81.7778 128
    endloop
  endfacet
  facet normal 0 0 -1
    outer loop
      vertex 5.00559 78.1667 128
      vertex 0.0960732 79.9754 128
      vertex 0.380602 80.9134 128
    endloop
  endfacet
  facet normal 0.956807 -0.290724 0
    outer loop
      vertex 104.619 3.08658 132
      vertex 104.904 4.02455 128
      vertex 104.904 4.02455 132
    endloop
  endfacet
  facet normal 0.956807 -0.290724 0
    outer loop
      vertex 104.904 4.02455 128
      vertex 104.619 3.08658 132
      vertex 104.619 3.08658 128
    endloop
  endfacet
  facet normal 0 1 -0
    outer loop
      vertex 100 84 128
      vertex 5 84 132
      vertex 100 84 132
    endloop
  endfacet
  facet normal 0 1 0
    outer loop
      vertex 5 84 132
      vertex 100 84 128
      vertex 5 84 128
    endloop
  endfacet
  facet normal -0.995185 -0.0980169 0
    outer loop
      vertex 0.0960732 4.02455 128
      vertex 0 5 132
      vertex 0 5 128
    endloop
  endfacet
  facet normal -0.995185 -0.0980169 0
    outer loop
      vertex 0 5 132
      vertex 0.0960732 4.02455 128
      vertex 0.0960732 4.02455 132
    endloop
  endfacet
  facet normal 0.881941 -0.471359 0
    outer loop
      vertex 104.157 2.22215 132
      vertex 104.619 3.08658 128
      vertex 104.619 3.08658 132
    endloop
  endfacet
  facet normal 0.881941 -0.471359 0
    outer loop
      vertex 104.619 3.08658 128
      vertex 104.157 2.22215 132
      vertex 104.157 2.22215 128
    endloop
  endfacet
  facet normal 0.471156 -0.88205 0
    outer loop
      vertex 101.913 0.380602 128
      vertex 102.778 0.842651 132
      vertex 101.913 0.380602 132
    endloop
  endfacet
  facet normal 0.471156 -0.88205 0
    outer loop
      vertex 102.778 0.842651 132
      vertex 101.913 0.380602 128
      vertex 102.778 0.842651 128
    endloop
  endfacet
  facet normal 0.634226 0.773148 -0
    outer loop
      vertex 103.536 82.5355 128
      vertex 102.778 83.1573 132
      vertex 103.536 82.5355 132
    endloop
  endfacet
  facet normal 0.634226 0.773148 0
    outer loop
      vertex 102.778 83.1573 132
      vertex 103.536 82.5355 128
      vertex 102.778 83.1573 128
    endloop
  endfacet
  facet normal -0.956941 -0.290283 0
    outer loop
      vertex 0.380602 3.08658 128
      vertex 0.0960732 4.02455 132
      vertex 0.0960732 4.02455 128
    endloop
  endfacet
  facet normal -0.956941 -0.290283 0
    outer loop
      vertex 0.0960732 4.02455 132
      vertex 0.380602 3.08658 128
      vertex 0.380602 3.08658 132
    endloop
  endfacet
  facet normal -0.471398 -0.881921 0
    outer loop
      vertex 2.22215 0.842651 128
      vertex 3.08658 0.380602 132
      vertex 2.22215 0.842651 132
    endloop
  endfacet
  facet normal -0.471398 -0.881921 -0
    outer loop
      vertex 3.08658 0.380602 132
      vertex 2.22215 0.842651 128
      vertex 3.08658 0.380602 128
    endloop
  endfacet
  facet normal 0.773425 0.633888 0
    outer loop
      vertex 104.157 81.7778 132
      vertex 103.536 82.5355 128
      vertex 103.536 82.5355 132
    endloop
  endfacet
  facet normal 0.773425 0.633888 0
    outer loop
      vertex 103.536 82.5355 128
      vertex 104.157 81.7778 132
      vertex 104.157 81.7778 128
    endloop
  endfacet
  facet normal 0.95681 0.290715 0
    outer loop
      vertex 104.904 79.9754 132
      vertex 104.619 80.9134 128
      vertex 104.619 80.9134 132
    endloop
  endfacet
  facet normal 0.95681 0.290715 0
    outer loop
      vertex 104.619 80.9134 128
      vertex 104.904 79.9754 132
      vertex 104.904 79.9754 128
    endloop
  endfacet
  facet normal -0.995184 0.0980219 0
    outer loop
      vertex 0 79 128
      vertex 0.0960732 79.9754 132
      vertex 0.0960732 79.9754 128
    endloop
  endfacet
  facet normal -0.995184 0.0980219 0
    outer loop
      vertex 0.0960732 79.9754 132
      vertex 0 79 128
      vertex 0 79 132
    endloop
  endfacet
  facet normal 0.471197 0.882028 -0
    outer loop
      vertex 102.778 83.1573 128
      vertex 101.913 83.6194 132
      vertex 102.778 83.1573 132
    endloop
  endfacet
  facet normal 0.471197 0.882028 0
    outer loop
      vertex 101.913 83.6194 132
      vertex 102.778 83.1573 128
      vertex 101.913 83.6194 128
    endloop
  endfacet
  facet normal 0.634238 -0.773138 0
    outer loop
      vertex 102.778 0.842651 128
      vertex 103.536 1.46447 132
      vertex 102.778 0.842651 132
    endloop
  endfacet
  facet normal 0.634238 -0.773138 0
    outer loop
      vertex 103.536 1.46447 132
      vertex 102.778 0.842651 128
      vertex 103.536 1.46447 128
    endloop
  endfacet
  facet normal 0.0980617 -0.99518 0
    outer loop
      vertex 100 0 128
      vertex 100.975 0.0960732 132
      vertex 100 0 132
    endloop
  endfacet
  facet normal 0.0980617 -0.99518 0
    outer loop
      vertex 100.975 0.0960732 132
      vertex 100 0 128
      vertex 100.975 0.0960732 128
    endloop
  endfacet
  facet normal -0.471438 0.881899 0
    outer loop
      vertex 3.08658 83.6194 128
      vertex 2.22215 83.1573 132
      vertex 3.08658 83.6194 132
    endloop
  endfacet
  facet normal -0.471438 0.881899 0
    outer loop
      vertex 2.22215 83.1573 132
      vertex 3.08658 83.6194 128
      vertex 2.22215 83.1573 128
    endloop
  endfacet
  facet normal -0.290283 -0.956941 0
    outer loop
      vertex 3.08658 0.380602 128
      vertex 4.02455 0.0960732 132
      vertex 3.08658 0.380602 132
    endloop
  endfacet
  facet normal -0.290283 -0.956941 -0
    outer loop
      vertex 4.02455 0.0960732 132
      vertex 3.08658 0.380602 128
      vertex 4.02455 0.0960732 128
    endloop
  endfacet
  facet normal -0.773015 0.634388 0
    outer loop
      vertex 0.842651 81.7778 128
      vertex 1.46447 82.5355 132
      vertex 1.46447 82.5355 128
    endloop
  endfacet
  facet normal -0.773015 0.634388 0
    outer loop
      vertex 1.46447 82.5355 132
      vertex 0.842651 81.7778 128
      vertex 0.842651 81.7778 132
    endloop
  endfacet
  facet normal 0.290275 -0.956943 0
    outer loop
      vertex 100.975 0.0960732 128
      vertex 101.913 0.380602 132
      vertex 100.975 0.0960732 132
    endloop
  endfacet
  facet normal 0.290275 -0.956943 0
    outer loop
      vertex 101.913 0.380602 132
      vertex 100.975 0.0960732 128
      vertex 101.913 0.380602 128
    endloop
  endfacet
  facet normal 0.0980888 0.995178 -0
    outer loop
      vertex 100.975 83.9039 128
      vertex 100 84 132
      vertex 100.975 83.9039 132
    endloop
  endfacet
  facet normal 0.0980888 0.995178 0
    outer loop
      vertex 100 84 132
      vertex 100.975 83.9039 128
      vertex 100 84 128
    endloop
  endfacet
  facet normal -0.290257 0.956949 0
    outer loop
      vertex 4.02455 83.9039 128
      vertex 3.08658 83.6194 132
      vertex 4.02455 83.9039 132
    endloop
  endfacet
  facet normal -0.290257 0.956949 0
    outer loop
      vertex 3.08658 83.6194 132
      vertex 4.02455 83.9039 128
      vertex 3.08658 83.6194 128
    endloop
  endfacet
  facet normal -0.881914 0.471411 0
    outer loop
      vertex 0.380602 80.9134 128
      vertex 0.842651 81.7778 132
      vertex 0.842651 81.7778 128
    endloop
  endfacet
  facet normal -0.881914 0.471411 0
    outer loop
      vertex 0.842651 81.7778 132
      vertex 0.380602 80.9134 128
      vertex 0.380602 80.9134 132
    endloop
  endfacet
  facet normal -0.098044 0.995182 0
    outer loop
      vertex 5 84 128
      vertex 4.02455 83.9039 132
      vertex 5 84 132
    endloop
  endfacet
  facet normal -0.098044 0.995182 0
    outer loop
      vertex 4.02455 83.9039 132
      vertex 5 84 128
      vertex 4.02455 83.9039 128
    endloop
  endfacet
  facet normal 0.995192 0.0979479 0
    outer loop
      vertex 105 79 132
      vertex 104.904 79.9754 128
      vertex 104.904 79.9754 132
    endloop
  endfacet
  facet normal 0.995192 0.0979479 0
    outer loop
      vertex 104.904 79.9754 128
      vertex 105 79 132
      vertex 105 79 128
    endloop
  endfacet
  facet normal 0.881935 0.471372 0
    outer loop
      vertex 104.619 80.9134 132
      vertex 104.157 81.7778 128
      vertex 104.157 81.7778 132
    endloop
  endfacet
  facet normal 0.881935 0.471372 0
    outer loop
      vertex 104.157 81.7778 128
      vertex 104.619 80.9134 132
      vertex 104.619 80.9134 128
    endloop
  endfacet
  facet normal -0.634386 0.773016 0
    outer loop
      vertex 2.22215 83.1573 128
      vertex 1.46447 82.5355 132
      vertex 2.22215 83.1573 132
    endloop
  endfacet
  facet normal -0.634386 0.773016 0
    outer loop
      vertex 1.46447 82.5355 132
      vertex 2.22215 83.1573 128
      vertex 1.46447 82.5355 128
    endloop
  endfacet
  facet normal 0.995192 -0.0979429 0
    outer loop
      vertex 104.904 4.02455 132
      vertex 105 5 128
      vertex 105 5 132
    endloop
  endfacet
  facet normal 0.995192 -0.0979429 0
    outer loop
      vertex 105 5 128
      vertex 104.904 4.02455 132
      vertex 104.904 4.02455 128
    endloop
  endfacet
  facet normal 0 0 1
    outer loop
      vertex 7.38771 74.5218 132
      vertex 11.3686 59.1314 132
      vertex 8 74.4 132
    endloop
  endfacet
  facet normal 0 0 1
    outer loop
      vertex 10.5 42 132
      vertex 9.47821 8.61229 132
      vertex 9.6 8 132
    endloop
  endfacet
  facet normal 0 0 1
    outer loop
      vertex 11.3686 59.1314 132
      vertex 7.38771 74.5218 132
      vertex 11.0218 58.6123 132
    endloop
  endfacet
  facet normal 0 0 1
    outer loop
      vertex 10.5 42 132
      vertex 9.13137 9.13137 132
      vertex 9.47821 8.61229 132
    endloop
  endfacet
  facet normal 0 0 1
    outer loop
      vertex 6.86863 74.8686 132
      vertex 11.0218 58.6123 132
      vertex 7.38771 74.5218 132
    endloop
  endfacet
  facet normal 0 0 1
    outer loop
      vertex 10.5 42 132
      vertex 8.61229 9.47821 132
      vertex 9.13137 9.13137 132
    endloop
  endfacet
  facet normal 0 0 1
    outer loop
      vertex 0 79 132
      vertex 11.0218 58.6123 132
      vertex 6.86863 74.8686 132
    endloop
  endfacet
  facet normal 0 0 1
    outer loop
      vertex 10.5 42 132
      vertex 8 9.6 132
      vertex 8.61229 9.47821 132
    endloop
  endfacet
  facet normal 0 0 1
    outer loop
      vertex 11.0218 58.6123 132
      vertex 0 79 132
      vertex 10.9 58 132
    endloop
  endfacet
  facet normal 0 0 1
    outer loop
      vertex 10.5 42 132
      vertex 7.38771 9.47821 132
      vertex 8 9.6 132
    endloop
  endfacet
  facet normal 0 0 1
    outer loop
      vertex 10.9 58 132
      vertex 0 79 132
      vertex 10.5 42 132
    endloop
  endfacet
  facet normal 0 0 1
    outer loop
      vertex 10.5 42 132
      vertex 6.86863 9.13137 132
      vertex 7.38771 9.47821 132
    endloop
  endfacet
  facet normal 0 0 1
    outer loop
      vertex 0 79 132
      vertex 6.86863 74.8686 132
      vertex 6.52179 75.3877 132
    endloop
  endfacet
  facet normal 0 0 1
    outer loop
      vertex 0 5 132
      vertex 10.5 42 132
      vertex 0 79 132
    endloop
  endfacet
  facet normal 0 0 1
    outer loop
      vertex 0 79 132
      vertex 6.52179 75.3877 132
      vertex 6.4 76 132
    endloop
  endfacet
  facet normal 0 0 1
    outer loop
      vertex 10.5 42 132
      vertex 0 5 132
      vertex 6.86863 9.13137 132
    endloop
  endfacet
  facet normal 0 0 1
    outer loop
      vertex 15.7721 29.2721 132
      vertex 13.9782 26.6123 132
      vertex 14.1 26 132
    endloop
  endfacet
  facet normal 0 0 1
    outer loop
      vertex 15.7721 29.2721 132
      vertex 13.6314 27.1314 132
      vertex 13.9782 26.6123 132
    endloop
  endfacet
  facet normal 0 0 1
    outer loop
      vertex 15.7721 29.2721 132
      vertex 13.1123 27.4782 132
      vertex 13.6314 27.1314 132
    endloop
  endfacet
  facet normal 0 0 1
    outer loop
      vertex 15.7721 29.2721 132
      vertex 12.5 27.6 132
      vertex 13.1123 27.4782 132
    endloop
  endfacet
  facet normal 0 0 1
    outer loop
      vertex 10.5 42 132
      vertex 12.5 27.6 132
      vertex 15.7721 29.2721 132
    endloop
  endfacet
  facet normal 0 0 1
    outer loop
      vertex 11.0218 26.6123 132
      vertex 10.5 42 132
      vertex 10.9 26 132
    endloop
  endfacet
  facet normal 0 0 1
    outer loop
      vertex 11.3686 27.1314 132
      vertex 10.5 42 132
      vertex 11.0218 26.6123 132
    endloop
  endfacet
  facet normal 0 0 1
    outer loop
      vertex 11.8877 27.4782 132
      vertex 10.5 42 132
      vertex 11.3686 27.1314 132
    endloop
  endfacet
  facet normal 0 0 1
    outer loop
      vertex 12.5 27.6 132
      vertex 10.5 42 132
      vertex 11.8877 27.4782 132
    endloop
  endfacet
  facet normal -0 0 1
    outer loop
      vertex 13.9782 57.3877 132
      vertex 15.7721 54.7279 132
      vertex 14.1 58 132
    endloop
  endfacet
  facet normal -0 0 1
    outer loop
      vertex 13.6314 56.8686 132
      vertex 15.7721 54.7279 132
      vertex 13.9782 57.3877 132
    endloop
  endfacet
  facet normal -0 0 1
    outer loop
      vertex 13.1123 56.5218 132
      vertex 15.7721 54.7279 132
      vertex 13.6314 56.8686 132
    endloop
  endfacet
  facet normal -0 0 1
    outer loop
      vertex 12.5 56.4 132
      vertex 15.7721 54.7279 132
      vertex 13.1123 56.5218 132
    endloop
  endfacet
  facet normal 0 0 1
    outer loop
      vertex 10.5 42 132
      vertex 12.5 56.4 132
      vertex 11.8877 56.5218 132
    endloop
  endfacet
  facet normal 0 0 1
    outer loop
      vertex 12.5 56.4 132
      vertex 10.5 42 132
      vertex 15.7721 54.7279 132
    endloop
  endfacet
  facet normal 0 0 1
    outer loop
      vertex 11.3686 56.8686 132
      vertex 10.5 42 132
      vertex 11.8877 56.5218 132
    endloop
  endfacet
  facet normal 0 0 1
    outer loop
      vertex 11.0218 57.3877 132
      vertex 10.5 42 132
      vertex 11.3686 56.8686 132
    endloop
  endfacet
  facet normal 0 0 1
    outer loop
      vertex 10.5 42 132
      vertex 11.0218 57.3877 132
      vertex 10.9 58 132
    endloop
  endfacet
  facet normal 0 0 1
    outer loop
      vertex 59.0218 26.6123 132
      vertex 45.9782 26.6123 132
      vertex 46.1 26 132
    endloop
  endfacet
  facet normal 0 0 1
    outer loop
      vertex 59.3686 27.1314 132
      vertex 45.6314 27.1314 132
      vertex 45.9782 26.6123 132
    endloop
  endfacet
  facet normal 0 0 1
    outer loop
      vertex 46.5 42 132
      vertex 45.1123 27.4782 132
      vertex 45.6314 27.1314 132
    endloop
  endfacet
  facet normal 0 0 1
    outer loop
      vertex 46.5 42 132
      vertex 44.5 27.6 132
      vertex 45.1123 27.4782 132
    endloop
  endfacet
  facet normal -0 0 1
    outer loop
      vertex 41.2279 29.2721 132
      vertex 44.5 27.6 132
      vertex 46.5 42 132
    endloop
  endfacet
  facet normal 0 0 1
    outer loop
      vertex 44.5 27.6 132
      vertex 41.2279 29.2721 132
      vertex 43.8877 27.4782 132
    endloop
  endfacet
  facet normal 0 0 1
    outer loop
      vertex 43.8877 27.4782 132
      vertex 41.2279 29.2721 132
      vertex 43.3686 27.1314 132
    endloop
  endfacet
  facet normal 0 0 1
    outer loop
      vertex 43.0218 26.6123 132
      vertex 41.2279 29.2721 132
      vertex 42.9 26 132
    endloop
  endfacet
  facet normal 0 0 1
    outer loop
      vertex 43.3686 27.1314 132
      vertex 41.2279 29.2721 132
      vertex 43.0218 26.6123 132
    endloop
  endfacet
  facet normal 0 0 1
    outer loop
      vertex 45.6314 56.8686 132
      vertex 59.3686 56.8686 132
      vertex 45.9782 57.3877 132
    endloop
  endfacet
  facet normal 0 0 1
    outer loop
      vertex 59.3686 56.8686 132
      vertex 45.6314 56.8686 132
      vertex 46.5 42 132
    endloop
  endfacet
  facet normal -0 0 1
    outer loop
      vertex 45.1123 56.5218 132
      vertex 46.5 42 132
      vertex 45.6314 56.8686 132
    endloop
  endfacet
  facet normal -0 0 1
    outer loop
      vertex 44.5 56.4 132
      vertex 46.5 42 132
      vertex 45.1123 56.5218 132
    endloop
  endfacet
  facet normal 0 0 1
    outer loop
      vertex 41.2279 54.7279 132
      vertex 44.5 56.4 132
      vertex 43.8877 56.5218 132
    endloop
  endfacet
  facet normal 0 0 1
    outer loop
      vertex 41.2279 54.7279 132
      vertex 43.8877 56.5218 132
      vertex 43.3686 56.8686 132
    endloop
  endfacet
  facet normal 0 0 1
    outer loop
      vertex 41.2279 54.7279 132
      vertex 43.3686 56.8686 132
      vertex 43.0218 57.3877 132
    endloop
  endfacet
  facet normal 0 0 1
    outer loop
      vertex 44.5 56.4 132
      vertex 41.2279 54.7279 132
      vertex 46.5 42 132
    endloop
  endfacet
  facet normal 0 0 1
    outer loop
      vertex 41.2279 54.7279 132
      vertex 43.0218 57.3877 132
      vertex 42.9 58 132
    endloop
  endfacet
  facet normal 0 0 1
    outer loop
      vertex 63.7721 29.2721 132
      vertex 61.9782 26.6123 132
      vertex 62.1 26 132
    endloop
  endfacet
  facet normal 0 0 1
    outer loop
      vertex 63.7721 29.2721 132
      vertex 61.6314 27.1314 132
      vertex 61.9782 26.6123 132
    endloop
  endfacet
  facet normal 0 0 1
    outer loop
      vertex 63.7721 29.2721 132
      vertex 61.1123 27.4782 132
      vertex 61.6314 27.1314 132
    endloop
  endfacet
  facet normal 0 0 1
    outer loop
      vertex 63.7721 29.2721 132
      vertex 60.5 27.6 132
      vertex 61.1123 27.4782 132
    endloop
  endfacet
  facet normal 0 0 1
    outer loop
      vertex 58.5 42 132
      vertex 60.5 27.6 132
      vertex 63.7721 29.2721 132
    endloop
  endfacet
  facet normal 0 0 1
    outer loop
      vertex 45.6314 27.1314 132
      vertex 59.3686 27.1314 132
      vertex 46.5 42 132
    endloop
  endfacet
  facet normal -0 0 1
    outer loop
      vertex 46.5 42 132
      vertex 59.3686 27.1314 132
      vertex 58.5 42 132
    endloop
  endfacet
  facet normal 0 0 1
    outer loop
      vertex 59.8877 27.4782 132
      vertex 58.5 42 132
      vertex 59.3686 27.1314 132
    endloop
  endfacet
  facet normal 0 0 1
    outer loop
      vertex 60.5 27.6 132
      vertex 58.5 42 132
      vertex 59.8877 27.4782 132
    endloop
  endfacet
  facet normal -0 0 1
    outer loop
      vertex 61.9782 57.3877 132
      vertex 63.7721 54.7279 132
      vertex 62.1 58 132
    endloop
  endfacet
  facet normal -0 0 1
    outer loop
      vertex 61.6314 56.8686 132
      vertex 63.7721 54.7279 132
      vertex 61.9782 57.3877 132
    endloop
  endfacet
  facet normal -0 0 1
    outer loop
      vertex 61.1123 56.5218 132
      vertex 63.7721 54.7279 132
      vertex 61.6314 56.8686 132
    endloop
  endfacet
  facet normal -0 0 1
    outer loop
      vertex 60.5 56.4 132
      vertex 63.7721 54.7279 132
      vertex 61.1123 56.5218 132
    endloop
  endfacet
  facet normal 0 0 1
    outer loop
      vertex 58.5 42 132
      vertex 60.5 56.4 132
      vertex 59.8877 56.5218 132
    endloop
  endfacet
  facet normal 0 0 1
    outer loop
      vertex 60.5 56.4 132
      vertex 58.5 42 132
      vertex 63.7721 54.7279 132
    endloop
  endfacet
  facet normal 0 0 1
    outer loop
      vertex 59.3686 56.8686 132
      vertex 58.5 42 132
      vertex 59.8877 56.5218 132
    endloop
  endfacet
  facet normal 0 0 1
    outer loop
      vertex 45.9782 57.3877 132
      vertex 59.0218 57.3877 132
      vertex 46.1 58 132
    endloop
  endfacet
  facet normal -0 0 1
    outer loop
      vertex 46.1 58 132
      vertex 59.0218 57.3877 132
      vertex 58.9 58 132
    endloop
  endfacet
  facet normal 0 0 1
    outer loop
      vertex 94.5 42 132
      vertex 93.9782 26.6123 132
      vertex 94.1 26 132
    endloop
  endfacet
  facet normal 0 0 1
    outer loop
      vertex 94.5 42 132
      vertex 93.6314 27.1314 132
      vertex 93.9782 26.6123 132
    endloop
  endfacet
  facet normal 0 0 1
    outer loop
      vertex 94.5 42 132
      vertex 93.1123 27.4782 132
      vertex 93.6314 27.1314 132
    endloop
  endfacet
  facet normal 0 0 1
    outer loop
      vertex 94.5 42 132
      vertex 92.5 27.6 132
      vertex 93.1123 27.4782 132
    endloop
  endfacet
  facet normal -0 0 1
    outer loop
      vertex 89.2279 29.2721 132
      vertex 92.5 27.6 132
      vertex 94.5 42 132
    endloop
  endfacet
  facet normal 0 0 1
    outer loop
      vertex 92.5 27.6 132
      vertex 89.2279 29.2721 132
      vertex 91.8877 27.4782 132
    endloop
  endfacet
  facet normal 0 0 1
    outer loop
      vertex 91.8877 27.4782 132
      vertex 89.2279 29.2721 132
      vertex 91.3686 27.1314 132
    endloop
  endfacet
  facet normal 0 0 1
    outer loop
      vertex 91.0218 26.6123 132
      vertex 89.2279 29.2721 132
      vertex 90.9 26 132
    endloop
  endfacet
  facet normal 0 0 1
    outer loop
      vertex 91.3686 27.1314 132
      vertex 89.2279 29.2721 132
      vertex 91.0218 26.6123 132
    endloop
  endfacet
  facet normal 0 0 1
    outer loop
      vertex 105 79 132
      vertex 94.5 42 132
      vertex 105 5 132
    endloop
  endfacet
  facet normal 0 0 1
    outer loop
      vertex 105 5 132
      vertex 98.4782 8.61229 132
      vertex 98.6 8 132
    endloop
  endfacet
  facet normal 0 0 1
    outer loop
      vertex 94.1 58 132
      vertex 98.4782 75.3877 132
      vertex 98.1314 74.8686 132
    endloop
  endfacet
  facet normal -0 0 1
    outer loop
      vertex 94.1 26 132
      vertex 105 5 132
      vertex 94.5 42 132
    endloop
  endfacet
  facet normal 0 0 1
    outer loop
      vertex 93.9782 58.6123 132
      vertex 98.1314 74.8686 132
      vertex 97.6123 74.5218 132
    endloop
  endfacet
  facet normal -0 0 1
    outer loop
      vertex 93.9782 25.3877 132
      vertex 105 5 132
      vertex 94.1 26 132
    endloop
  endfacet
  facet normal 0 0 1
    outer loop
      vertex 93.6314 59.1314 132
      vertex 97.6123 74.5218 132
      vertex 97 74.4 132
    endloop
  endfacet
  facet normal 0 0 1
    outer loop
      vertex 105 5 132
      vertex 98.1314 9.13137 132
      vertex 98.4782 8.61229 132
    endloop
  endfacet
  facet normal 0 0 1
    outer loop
      vertex 93.1123 59.4782 132
      vertex 97 74.4 132
      vertex 96.3877 74.5218 132
    endloop
  endfacet
  facet normal 0 0 1
    outer loop
      vertex 105 5 132
      vertex 93.9782 25.3877 132
      vertex 98.1314 9.13137 132
    endloop
  endfacet
  facet normal 0 0 1
    outer loop
      vertex 92.5 59.6 132
      vertex 96.3877 74.5218 132
      vertex 95.8686 74.8686 132
    endloop
  endfacet
  facet normal 0 0 1
    outer loop
      vertex 98.1314 9.13137 132
      vertex 93.9782 25.3877 132
      vertex 97.6123 9.47821 132
    endloop
  endfacet
  facet normal 0 0 1
    outer loop
      vertex 91.8877 59.4782 132
      vertex 95.8686 74.8686 132
      vertex 95.5218 75.3877 132
    endloop
  endfacet
  facet normal -0 0 1
    outer loop
      vertex 93.6314 24.8686 132
      vertex 97.6123 9.47821 132
      vertex 93.9782 25.3877 132
    endloop
  endfacet
  facet normal 0 0 1
    outer loop
      vertex 76.5 60 132
      vertex 95.5218 75.3877 132
      vertex 95.4 76 132
    endloop
  endfacet
  facet normal 0 0 1
    outer loop
      vertex 97.6123 9.47821 132
      vertex 93.6314 24.8686 132
      vertex 97 9.6 132
    endloop
  endfacet
  facet normal 0 0 1
    outer loop
      vertex 98.1314 77.1314 132
      vertex 105 79 132
      vertex 104.904 79.9754 132
    endloop
  endfacet
  facet normal 0 0 1
    outer loop
      vertex 98.4782 75.3877 132
      vertex 105 79 132
      vertex 98.6 76 132
    endloop
  endfacet
  facet normal 0 0 1
    outer loop
      vertex 98.1314 77.1314 132
      vertex 104.904 79.9754 132
      vertex 104.619 80.9134 132
    endloop
  endfacet
  facet normal 0 0 1
    outer loop
      vertex 94.5 42 132
      vertex 105 79 132
      vertex 98.4782 75.3877 132
    endloop
  endfacet
  facet normal 0 0 1
    outer loop
      vertex 98.1314 77.1314 132
      vertex 104.619 80.9134 132
      vertex 104.157 81.7778 132
    endloop
  endfacet
  facet normal -0 0 1
    outer loop
      vertex 98.4782 7.38771 132
      vertex 105 5 132
      vertex 98.6 8 132
    endloop
  endfacet
  facet normal 0 0 1
    outer loop
      vertex 98.1314 77.1314 132
      vertex 104.157 81.7778 132
      vertex 103.536 82.5355 132
    endloop
  endfacet
  facet normal -0 0 1
    outer loop
      vertex 98.1314 6.86863 132
      vertex 105 5 132
      vertex 98.4782 7.38771 132
    endloop
  endfacet
  facet normal 0 0 1
    outer loop
      vertex 98.1314 77.1314 132
      vertex 103.536 82.5355 132
      vertex 102.778 83.1573 132
    endloop
  endfacet
  facet normal 0 0 1
    outer loop
      vertex 105 5 132
      vertex 98.1314 6.86863 132
      vertex 104.904 4.02455 132
    endloop
  endfacet
  facet normal 0 0 1
    outer loop
      vertex 98.1314 77.1314 132
      vertex 102.778 83.1573 132
      vertex 101.913 83.6194 132
    endloop
  endfacet
  facet normal 0 0 1
    outer loop
      vertex 104.904 4.02455 132
      vertex 98.1314 6.86863 132
      vertex 104.619 3.08658 132
    endloop
  endfacet
  facet normal 0 0 1
    outer loop
      vertex 98.1314 77.1314 132
      vertex 101.913 83.6194 132
      vertex 100.975 83.9039 132
    endloop
  endfacet
  facet normal 0 0 1
    outer loop
      vertex 104.619 3.08658 132
      vertex 98.1314 6.86863 132
      vertex 104.157 2.22215 132
    endloop
  endfacet
  facet normal 0 0 1
    outer loop
      vertex 98.1314 77.1314 132
      vertex 100.975 83.9039 132
      vertex 100 84 132
    endloop
  endfacet
  facet normal 0 0 1
    outer loop
      vertex 104.157 2.22215 132
      vertex 98.1314 6.86863 132
      vertex 103.536 1.46447 132
    endloop
  endfacet
  facet normal 0 0 1
    outer loop
      vertex 103.536 1.46447 132
      vertex 98.1314 6.86863 132
      vertex 102.778 0.842651 132
    endloop
  endfacet
  facet normal 0 0 1
    outer loop
      vertex 105 79 132
      vertex 98.4782 76.6123 132
      vertex 98.6 76 132
    endloop
  endfacet
  facet normal 0 0 1
    outer loop
      vertex 105 79 132
      vertex 98.1314 77.1314 132
      vertex 98.4782 76.6123 132
    endloop
  endfacet
  facet normal 0 0 1
    outer loop
      vertex 100 84 132
      vertex 97.6123 77.4782 132
      vertex 98.1314 77.1314 132
    endloop
  endfacet
  facet normal 0 0 1
    outer loop
      vertex 100 84 132
      vertex 97 77.6 132
      vertex 97.6123 77.4782 132
    endloop
  endfacet
  facet normal 0 0 1
    outer loop
      vertex 100 84 132
      vertex 96.3877 77.4782 132
      vertex 97 77.6 132
    endloop
  endfacet
  facet normal 0 0 1
    outer loop
      vertex 100 84 132
      vertex 95.8686 77.1314 132
      vertex 96.3877 77.4782 132
    endloop
  endfacet
  facet normal 0 0 1
    outer loop
      vertex 60.5 59.6 132
      vertex 95.8686 77.1314 132
      vertex 100 84 132
    endloop
  endfacet
  facet normal -0 0 1
    outer loop
      vertex 93.1123 24.5218 132
      vertex 97 9.6 132
      vertex 93.6314 24.8686 132
    endloop
  endfacet
  facet normal 0 0 1
    outer loop
      vertex 98.4782 75.3877 132
      vertex 94.1 58 132
      vertex 94.5 42 132
    endloop
  endfacet
  facet normal 0 0 1
    outer loop
      vertex 98.1314 74.8686 132
      vertex 93.9782 58.6123 132
      vertex 94.1 58 132
    endloop
  endfacet
  facet normal 0 0 1
    outer loop
      vertex 97.6123 74.5218 132
      vertex 93.6314 59.1314 132
      vertex 93.9782 58.6123 132
    endloop
  endfacet
  facet normal 0 0 1
    outer loop
      vertex 97 74.4 132
      vertex 93.1123 59.4782 132
      vertex 93.6314 59.1314 132
    endloop
  endfacet
  facet normal 0 0 1
    outer loop
      vertex 96.3877 74.5218 132
      vertex 92.5 59.6 132
      vertex 93.1123 59.4782 132
    endloop
  endfacet
  facet normal 0 0 1
    outer loop
      vertex 95.8686 74.8686 132
      vertex 91.8877 59.4782 132
      vertex 92.5 59.6 132
    endloop
  endfacet
  facet normal 0 0 1
    outer loop
      vertex 76.5 60 132
      vertex 95.4 76 132
      vertex 95.5218 76.6123 132
    endloop
  endfacet
  facet normal 0 0 1
    outer loop
      vertex 95.5218 75.3877 132
      vertex 91.3686 59.1314 132
      vertex 91.8877 59.4782 132
    endloop
  endfacet
  facet normal 0 0 1
    outer loop
      vertex 95.5218 75.3877 132
      vertex 76.5 60 132
      vertex 91.3686 59.1314 132
    endloop
  endfacet
  facet normal 0 0 1
    outer loop
      vertex 76.5 60 132
      vertex 90.9 58 132
      vertex 91.0218 58.6123 132
    endloop
  endfacet
  facet normal 0 0 1
    outer loop
      vertex 91.3686 59.1314 132
      vertex 76.5 60 132
      vertex 91.0218 58.6123 132
    endloop
  endfacet
  facet normal 0 0 1
    outer loop
      vertex 90.9 58 132
      vertex 76.5 60 132
      vertex 89.2279 54.7279 132
    endloop
  endfacet
  facet normal 0 0 1
    outer loop
      vertex 95.8686 77.1314 132
      vertex 60.5 59.6 132
      vertex 95.5218 76.6123 132
    endloop
  endfacet
  facet normal 0 0 1
    outer loop
      vertex 95.5218 76.6123 132
      vertex 61.1123 59.4782 132
      vertex 76.5 60 132
    endloop
  endfacet
  facet normal 0 -0 1
    outer loop
      vertex 62.1 58 132
      vertex 76.5 60 132
      vertex 61.9782 58.6123 132
    endloop
  endfacet
  facet normal 0 0 1
    outer loop
      vertex 76.5 60 132
      vertex 62.1 58 132
      vertex 63.7721 54.7279 132
    endloop
  endfacet
  facet normal 0 0 1
    outer loop
      vertex 76.5 60 132
      vertex 61.6314 59.1314 132
      vertex 61.9782 58.6123 132
    endloop
  endfacet
  facet normal 0 0 1
    outer loop
      vertex 76.5 60 132
      vertex 61.1123 59.4782 132
      vertex 61.6314 59.1314 132
    endloop
  endfacet
  facet normal 0 0 1
    outer loop
      vertex 95.5218 76.6123 132
      vertex 60.5 59.6 132
      vertex 61.1123 59.4782 132
    endloop
  endfacet
  facet normal 0 0 1
    outer loop
      vertex 44.5 59.6 132
      vertex 60.5 59.6 132
      vertex 100 84 132
    endloop
  endfacet
  facet normal 0 0 1
    outer loop
      vertex 59.3686 56.8686 132
      vertex 46.5 42 132
      vertex 58.5 42 132
    endloop
  endfacet
  facet normal 0 0 1
    outer loop
      vertex 46.1 58 132
      vertex 58.9 58 132
      vertex 59.0218 58.6123 132
    endloop
  endfacet
  facet normal 0 0 1
    outer loop
      vertex 45.9782 58.6123 132
      vertex 59.0218 58.6123 132
      vertex 59.3686 59.1314 132
    endloop
  endfacet
  facet normal 0 0 1
    outer loop
      vertex 59.0218 57.3877 132
      vertex 45.9782 57.3877 132
      vertex 59.3686 56.8686 132
    endloop
  endfacet
  facet normal 0 0 1
    outer loop
      vertex 45.6314 59.1314 132
      vertex 59.3686 59.1314 132
      vertex 59.8877 59.4782 132
    endloop
  endfacet
  facet normal 0 0 1
    outer loop
      vertex 60.5 59.6 132
      vertex 44.5 59.6 132
      vertex 59.8877 59.4782 132
    endloop
  endfacet
  facet normal 0 0 1
    outer loop
      vertex 59.0218 58.6123 132
      vertex 45.9782 58.6123 132
      vertex 46.1 58 132
    endloop
  endfacet
  facet normal 0 0 1
    outer loop
      vertex 59.3686 59.1314 132
      vertex 45.6314 59.1314 132
      vertex 45.9782 58.6123 132
    endloop
  endfacet
  facet normal 0 0 1
    outer loop
      vertex 59.8877 59.4782 132
      vertex 45.1123 59.4782 132
      vertex 45.6314 59.1314 132
    endloop
  endfacet
  facet normal 0 0 1
    outer loop
      vertex 59.8877 59.4782 132
      vertex 44.5 59.6 132
      vertex 45.1123 59.4782 132
    endloop
  endfacet
  facet normal -0 0 1
    outer loop
      vertex 5 84 132
      vertex 44.5 59.6 132
      vertex 100 84 132
    endloop
  endfacet
  facet normal 0 0 1
    outer loop
      vertex 28.5 60 132
      vertex 42.9 58 132
      vertex 43.0218 58.6123 132
    endloop
  endfacet
  facet normal 0 0 1
    outer loop
      vertex 42.9 58 132
      vertex 28.5 60 132
      vertex 41.2279 54.7279 132
    endloop
  endfacet
  facet normal 0 0 1
    outer loop
      vertex 43.3686 59.1314 132
      vertex 28.5 60 132
      vertex 43.0218 58.6123 132
    endloop
  endfacet
  facet normal 0 0 1
    outer loop
      vertex 43.8877 59.4782 132
      vertex 28.5 60 132
      vertex 43.3686 59.1314 132
    endloop
  endfacet
  facet normal -0 -0 1
    outer loop
      vertex 9.13137 77.1314 132
      vertex 44.5 59.6 132
      vertex 5 84 132
    endloop
  endfacet
  facet normal 0 0 1
    outer loop
      vertex 28.5 60 132
      vertex 14.1 58 132
      vertex 15.7721 54.7279 132
    endloop
  endfacet
  facet normal 0 0 1
    outer loop
      vertex 44.5 59.6 132
      vertex 9.47821 76.6123 132
      vertex 43.8877 59.4782 132
    endloop
  endfacet
  facet normal 0 0 1
    outer loop
      vertex 28.5 60 132
      vertex 13.9782 58.6123 132
      vertex 14.1 58 132
    endloop
  endfacet
  facet normal -0 0 1
    outer loop
      vertex 9.47821 75.3877 132
      vertex 28.5 60 132
      vertex 9.6 76 132
    endloop
  endfacet
  facet normal 0 0 1
    outer loop
      vertex 28.5 60 132
      vertex 13.6314 59.1314 132
      vertex 13.9782 58.6123 132
    endloop
  endfacet
  facet normal 0 0 1
    outer loop
      vertex 28.5 60 132
      vertex 9.47821 75.3877 132
      vertex 13.6314 59.1314 132
    endloop
  endfacet
  facet normal 0 0 1
    outer loop
      vertex 13.6314 59.1314 132
      vertex 9.47821 75.3877 132
      vertex 13.1123 59.4782 132
    endloop
  endfacet
  facet normal -0 0 1
    outer loop
      vertex 8 74.4 132
      vertex 11.8877 59.4782 132
      vertex 8.61229 74.5218 132
    endloop
  endfacet
  facet normal 0 0 1
    outer loop
      vertex 12.5 59.6 132
      vertex 8.61229 74.5218 132
      vertex 11.8877 59.4782 132
    endloop
  endfacet
  facet normal -0 0 1
    outer loop
      vertex 8.61229 74.5218 132
      vertex 12.5 59.6 132
      vertex 9.13137 74.8686 132
    endloop
  endfacet
  facet normal 0 0 1
    outer loop
      vertex 13.1123 59.4782 132
      vertex 9.13137 74.8686 132
      vertex 12.5 59.6 132
    endloop
  endfacet
  facet normal -0 0 1
    outer loop
      vertex 9.13137 74.8686 132
      vertex 13.1123 59.4782 132
      vertex 9.47821 75.3877 132
    endloop
  endfacet
  facet normal 0 0 1
    outer loop
      vertex 28.5 60 132
      vertex 9.47821 76.6123 132
      vertex 9.6 76 132
    endloop
  endfacet
  facet normal 0 0 1
    outer loop
      vertex 43.8877 59.4782 132
      vertex 9.47821 76.6123 132
      vertex 28.5 60 132
    endloop
  endfacet
  facet normal -0 -0 1
    outer loop
      vertex 9.47821 76.6123 132
      vertex 44.5 59.6 132
      vertex 9.13137 77.1314 132
    endloop
  endfacet
  facet normal 0 0 1
    outer loop
      vertex 9.13137 77.1314 132
      vertex 5 84 132
      vertex 8.61229 77.4782 132
    endloop
  endfacet
  facet normal -0 0 1
    outer loop
      vertex 2.22215 83.1573 132
      vertex 6.86863 77.1314 132
      vertex 3.08658 83.6194 132
    endloop
  endfacet
  facet normal -0 0 1
    outer loop
      vertex 3.08658 83.6194 132
      vertex 6.86863 77.1314 132
      vertex 4.02455 83.9039 132
    endloop
  endfacet
  facet normal -0 0 1
    outer loop
      vertex 4.02455 83.9039 132
      vertex 6.86863 77.1314 132
      vertex 5 84 132
    endloop
  endfacet
  facet normal 0 0 1
    outer loop
      vertex 7.38771 77.4782 132
      vertex 5 84 132
      vertex 6.86863 77.1314 132
    endloop
  endfacet
  facet normal 0 0 1
    outer loop
      vertex 8 77.6 132
      vertex 5 84 132
      vertex 7.38771 77.4782 132
    endloop
  endfacet
  facet normal 0 0 1
    outer loop
      vertex 8.61229 77.4782 132
      vertex 5 84 132
      vertex 8 77.6 132
    endloop
  endfacet
  facet normal 0 0 1
    outer loop
      vertex 102.778 0.842651 132
      vertex 98.1314 6.86863 132
      vertex 101.913 0.380602 132
    endloop
  endfacet
  facet normal 0 0 1
    outer loop
      vertex 101.913 0.380602 132
      vertex 98.1314 6.86863 132
      vertex 100.975 0.0960732 132
    endloop
  endfacet
  facet normal 0 0 1
    outer loop
      vertex 100.975 0.0960732 132
      vertex 98.1314 6.86863 132
      vertex 100 0 132
    endloop
  endfacet
  facet normal -0 0 1
    outer loop
      vertex 97.6123 6.52179 132
      vertex 100 0 132
      vertex 98.1314 6.86863 132
    endloop
  endfacet
  facet normal -0 0 1
    outer loop
      vertex 97 6.4 132
      vertex 100 0 132
      vertex 97.6123 6.52179 132
    endloop
  endfacet
  facet normal 0 0 1
    outer loop
      vertex 96.3877 6.52179 132
      vertex 100 0 132
      vertex 97 6.4 132
    endloop
  endfacet
  facet normal 0 0 1
    outer loop
      vertex 95.8686 6.86863 132
      vertex 100 0 132
      vertex 96.3877 6.52179 132
    endloop
  endfacet
  facet normal 0 0 1
    outer loop
      vertex 60.5 24.4 132
      vertex 95.8686 6.86863 132
      vertex 95.5218 7.38771 132
    endloop
  endfacet
  facet normal 0 0 1
    outer loop
      vertex 97 9.6 132
      vertex 93.1123 24.5218 132
      vertex 96.3877 9.47821 132
    endloop
  endfacet
  facet normal -0 0 1
    outer loop
      vertex 92.5 24.4 132
      vertex 96.3877 9.47821 132
      vertex 93.1123 24.5218 132
    endloop
  endfacet
  facet normal 0 0 1
    outer loop
      vertex 96.3877 9.47821 132
      vertex 92.5 24.4 132
      vertex 95.8686 9.13137 132
    endloop
  endfacet
  facet normal 0 0 1
    outer loop
      vertex 91.8877 24.5218 132
      vertex 95.8686 9.13137 132
      vertex 92.5 24.4 132
    endloop
  endfacet
  facet normal 0 0 1
    outer loop
      vertex 95.8686 9.13137 132
      vertex 91.8877 24.5218 132
      vertex 95.5218 8.61229 132
    endloop
  endfacet
  facet normal 0 0 1
    outer loop
      vertex 91.3686 24.8686 132
      vertex 95.5218 8.61229 132
      vertex 91.8877 24.5218 132
    endloop
  endfacet
  facet normal -0 0 1
    outer loop
      vertex 76.5 24 132
      vertex 95.5218 8.61229 132
      vertex 91.3686 24.8686 132
    endloop
  endfacet
  facet normal 0 0 1
    outer loop
      vertex 95.5218 8.61229 132
      vertex 76.5 24 132
      vertex 95.4 8 132
    endloop
  endfacet
  facet normal 0 0 1
    outer loop
      vertex 76.5 24 132
      vertex 91.3686 24.8686 132
      vertex 91.0218 25.3877 132
    endloop
  endfacet
  facet normal 0 0 1
    outer loop
      vertex 76.5 24 132
      vertex 90.9 26 132
      vertex 89.2279 29.2721 132
    endloop
  endfacet
  facet normal 0 0 1
    outer loop
      vertex 90.9 26 132
      vertex 76.5 24 132
      vertex 91.0218 25.3877 132
    endloop
  endfacet
  facet normal 0 0 1
    outer loop
      vertex 95.4 8 132
      vertex 76.5 24 132
      vertex 95.5218 7.38771 132
    endloop
  endfacet
  facet normal 0 0 1
    outer loop
      vertex 61.1123 24.5218 132
      vertex 95.5218 7.38771 132
      vertex 76.5 24 132
    endloop
  endfacet
  facet normal -0 0 1
    outer loop
      vertex 62.1 26 132
      vertex 76.5 24 132
      vertex 63.7721 29.2721 132
    endloop
  endfacet
  facet normal 0 0 1
    outer loop
      vertex 76.5 24 132
      vertex 62.1 26 132
      vertex 61.9782 25.3877 132
    endloop
  endfacet
  facet normal -0 0 1
    outer loop
      vertex 61.6314 24.8686 132
      vertex 76.5 24 132
      vertex 61.9782 25.3877 132
    endloop
  endfacet
  facet normal -0 0 1
    outer loop
      vertex 61.1123 24.5218 132
      vertex 76.5 24 132
      vertex 61.6314 24.8686 132
    endloop
  endfacet
  facet normal -0 0 1
    outer loop
      vertex 60.5 24.4 132
      vertex 95.5218 7.38771 132
      vertex 61.1123 24.5218 132
    endloop
  endfacet
  facet normal 0 0 1
    outer loop
      vertex 95.8686 6.86863 132
      vertex 60.5 24.4 132
      vertex 100 0 132
    endloop
  endfacet
  facet normal 0 0 1
    outer loop
      vertex 44.5 24.4 132
      vertex 60.5 24.4 132
      vertex 59.8877 24.5218 132
    endloop
  endfacet
  facet normal 0 0 1
    outer loop
      vertex 45.9782 26.6123 132
      vertex 59.0218 26.6123 132
      vertex 59.3686 27.1314 132
    endloop
  endfacet
  facet normal 0 0 1
    outer loop
      vertex 59.0218 26.6123 132
      vertex 46.1 26 132
      vertex 58.9 26 132
    endloop
  endfacet
  facet normal 0 0 1
    outer loop
      vertex 58.9 26 132
      vertex 46.1 26 132
      vertex 59.0218 25.3877 132
    endloop
  endfacet
  facet normal 0 0 1
    outer loop
      vertex 45.9782 25.3877 132
      vertex 59.0218 25.3877 132
      vertex 46.1 26 132
    endloop
  endfacet
  facet normal 0 0 1
    outer loop
      vertex 59.0218 25.3877 132
      vertex 45.9782 25.3877 132
      vertex 59.3686 24.8686 132
    endloop
  endfacet
  facet normal 0 0 1
    outer loop
      vertex 45.6314 24.8686 132
      vertex 59.3686 24.8686 132
      vertex 45.9782 25.3877 132
    endloop
  endfacet
  facet normal 0 0 1
    outer loop
      vertex 59.3686 24.8686 132
      vertex 45.6314 24.8686 132
      vertex 59.8877 24.5218 132
    endloop
  endfacet
  facet normal 0 0 1
    outer loop
      vertex 45.1123 24.5218 132
      vertex 59.8877 24.5218 132
      vertex 45.6314 24.8686 132
    endloop
  endfacet
  facet normal 0 0 1
    outer loop
      vertex 44.5 24.4 132
      vertex 59.8877 24.5218 132
      vertex 45.1123 24.5218 132
    endloop
  endfacet
  facet normal 0 0 1
    outer loop
      vertex 60.5 24.4 132
      vertex 44.5 24.4 132
      vertex 100 0 132
    endloop
  endfacet
  facet normal 0 0 1
    outer loop
      vertex 9.47821 7.38771 132
      vertex 44.5 24.4 132
      vertex 43.8877 24.5218 132
    endloop
  endfacet
  facet normal 0 0 1
    outer loop
      vertex 28.5 24 132
      vertex 42.9 26 132
      vertex 41.2279 29.2721 132
    endloop
  endfacet
  facet normal 0 0 1
    outer loop
      vertex 42.9 26 132
      vertex 28.5 24 132
      vertex 43.0218 25.3877 132
    endloop
  endfacet
  facet normal 0 0 1
    outer loop
      vertex 28.5 24 132
      vertex 43.3686 24.8686 132
      vertex 43.0218 25.3877 132
    endloop
  endfacet
  facet normal 0 0 1
    outer loop
      vertex 28.5 24 132
      vertex 43.8877 24.5218 132
      vertex 43.3686 24.8686 132
    endloop
  endfacet
  facet normal 0 0 1
    outer loop
      vertex 9.47821 7.38771 132
      vertex 43.8877 24.5218 132
      vertex 28.5 24 132
    endloop
  endfacet
  facet normal -0 0 1
    outer loop
      vertex 14.1 26 132
      vertex 28.5 24 132
      vertex 15.7721 29.2721 132
    endloop
  endfacet
  facet normal -0 0 1
    outer loop
      vertex 13.9782 25.3877 132
      vertex 28.5 24 132
      vertex 14.1 26 132
    endloop
  endfacet
  facet normal -0 0 1
    outer loop
      vertex 13.6314 24.8686 132
      vertex 28.5 24 132
      vertex 13.9782 25.3877 132
    endloop
  endfacet
  facet normal 0 0 1
    outer loop
      vertex 28.5 24 132
      vertex 13.6314 24.8686 132
      vertex 9.6 8 132
    endloop
  endfacet
  facet normal 0 0 1
    outer loop
      vertex 9.6 8 132
      vertex 13.6314 24.8686 132
      vertex 13.1123 24.5218 132
    endloop
  endfacet
  facet normal 0 0 1
    outer loop
      vertex 9.6 8 132
      vertex 13.1123 24.5218 132
      vertex 12.5 24.4 132
    endloop
  endfacet
  facet normal 0 0 1
    outer loop
      vertex 9.6 8 132
      vertex 12.5 24.4 132
      vertex 11.8877 24.5218 132
    endloop
  endfacet
  facet normal 0 0 1
    outer loop
      vertex 11.8877 59.4782 132
      vertex 8 74.4 132
      vertex 11.3686 59.1314 132
    endloop
  endfacet
  facet normal 0 0 1
    outer loop
      vertex 10.5 42 132
      vertex 9.6 8 132
      vertex 10.9 26 132
    endloop
  endfacet
  facet normal 0 0 1
    outer loop
      vertex 9.6 8 132
      vertex 11.0218 25.3877 132
      vertex 10.9 26 132
    endloop
  endfacet
  facet normal 0 0 1
    outer loop
      vertex 9.6 8 132
      vertex 11.3686 24.8686 132
      vertex 11.0218 25.3877 132
    endloop
  endfacet
  facet normal 0 0 1
    outer loop
      vertex 9.6 8 132
      vertex 11.8877 24.5218 132
      vertex 11.3686 24.8686 132
    endloop
  endfacet
  facet normal 0 0 1
    outer loop
      vertex 9.47821 7.38771 132
      vertex 28.5 24 132
      vertex 9.6 8 132
    endloop
  endfacet
  facet normal 0 0 1
    outer loop
      vertex 44.5 24.4 132
      vertex 9.47821 7.38771 132
      vertex 9.13137 6.86863 132
    endloop
  endfacet
  facet normal 0 0 1
    outer loop
      vertex 44.5 24.4 132
      vertex 9.13137 6.86863 132
      vertex 5 0 132
    endloop
  endfacet
  facet normal 0 0 1
    outer loop
      vertex 5 0 132
      vertex 9.13137 6.86863 132
      vertex 8.61229 6.52179 132
    endloop
  endfacet
  facet normal 0 0 1
    outer loop
      vertex 5 0 132
      vertex 8.61229 6.52179 132
      vertex 8 6.4 132
    endloop
  endfacet
  facet normal 0 0 1
    outer loop
      vertex 44.5 24.4 132
      vertex 5 0 132
      vertex 100 0 132
    endloop
  endfacet
  facet normal 0 0 1
    outer loop
      vertex 7.38771 6.52179 132
      vertex 5 0 132
      vertex 8 6.4 132
    endloop
  endfacet
  facet normal 0 0 1
    outer loop
      vertex 6.86863 6.86863 132
      vertex 5 0 132
      vertex 7.38771 6.52179 132
    endloop
  endfacet
  facet normal 0 0 1
    outer loop
      vertex 0 5 132
      vertex 6.86863 6.86863 132
      vertex 6.52179 7.38771 132
    endloop
  endfacet
  facet normal 0 0 1
    outer loop
      vertex 0 5 132
      vertex 6.52179 7.38771 132
      vertex 6.4 8 132
    endloop
  endfacet
  facet normal 0 0 1
    outer loop
      vertex 6.86863 9.13137 132
      vertex 0 5 132
      vertex 6.52179 8.61229 132
    endloop
  endfacet
  facet normal -0 0 1
    outer loop
      vertex 1.46447 82.5355 132
      vertex 6.86863 77.1314 132
      vertex 2.22215 83.1573 132
    endloop
  endfacet
  facet normal 0 0 1
    outer loop
      vertex 6.52179 8.61229 132
      vertex 0 5 132
      vertex 6.4 8 132
    endloop
  endfacet
  facet normal -0 0 1
    outer loop
      vertex 0.842651 81.7778 132
      vertex 6.86863 77.1314 132
      vertex 1.46447 82.5355 132
    endloop
  endfacet
  facet normal 0 0 1
    outer loop
      vertex 6.86863 6.86863 132
      vertex 0 5 132
      vertex 0.0960732 4.02455 132
    endloop
  endfacet
  facet normal -0 0 1
    outer loop
      vertex 0.380602 80.9134 132
      vertex 6.86863 77.1314 132
      vertex 0.842651 81.7778 132
    endloop
  endfacet
  facet normal 0 0 1
    outer loop
      vertex 6.86863 6.86863 132
      vertex 4.02455 0.0960732 132
      vertex 5 0 132
    endloop
  endfacet
  facet normal -0 0 1
    outer loop
      vertex 0.0960732 79.9754 132
      vertex 6.86863 77.1314 132
      vertex 0.380602 80.9134 132
    endloop
  endfacet
  facet normal 0 0 1
    outer loop
      vertex 6.86863 6.86863 132
      vertex 3.08658 0.380602 132
      vertex 4.02455 0.0960732 132
    endloop
  endfacet
  facet normal -0 0 1
    outer loop
      vertex 0 79 132
      vertex 6.86863 77.1314 132
      vertex 0.0960732 79.9754 132
    endloop
  endfacet
  facet normal 0 0 1
    outer loop
      vertex 6.86863 6.86863 132
      vertex 2.22215 0.842651 132
      vertex 3.08658 0.380602 132
    endloop
  endfacet
  facet normal 0 0 1
    outer loop
      vertex 6.86863 77.1314 132
      vertex 0 79 132
      vertex 6.52179 76.6123 132
    endloop
  endfacet
  facet normal 0 0 1
    outer loop
      vertex 6.86863 6.86863 132
      vertex 1.46447 1.46447 132
      vertex 2.22215 0.842651 132
    endloop
  endfacet
  facet normal 0 0 1
    outer loop
      vertex 6.52179 76.6123 132
      vertex 0 79 132
      vertex 6.4 76 132
    endloop
  endfacet
  facet normal 0 0 1
    outer loop
      vertex 6.86863 6.86863 132
      vertex 0.842651 2.22215 132
      vertex 1.46447 1.46447 132
    endloop
  endfacet
  facet normal 0 0 1
    outer loop
      vertex 6.86863 6.86863 132
      vertex 0.380602 3.08658 132
      vertex 0.842651 2.22215 132
    endloop
  endfacet
  facet normal 0 0 1
    outer loop
      vertex 6.86863 6.86863 132
      vertex 0.0960732 4.02455 132
      vertex 0.380602 3.08658 132
    endloop
  endfacet
  facet normal -0 0 1
    outer loop
      vertex 93.9782 57.3877 132
      vertex 94.5 42 132
      vertex 94.1 58 132
    endloop
  endfacet
  facet normal -0 0 1
    outer loop
      vertex 93.6314 56.8686 132
      vertex 94.5 42 132
      vertex 93.9782 57.3877 132
    endloop
  endfacet
  facet normal -0 0 1
    outer loop
      vertex 93.1123 56.5218 132
      vertex 94.5 42 132
      vertex 93.6314 56.8686 132
    endloop
  endfacet
  facet normal -0 0 1
    outer loop
      vertex 92.5 56.4 132
      vertex 94.5 42 132
      vertex 93.1123 56.5218 132
    endloop
  endfacet
  facet normal 0 0 1
    outer loop
      vertex 89.2279 54.7279 132
      vertex 92.5 56.4 132
      vertex 91.8877 56.5218 132
    endloop
  endfacet
  facet normal 0 0 1
    outer loop
      vertex 89.2279 54.7279 132
      vertex 91.8877 56.5218 132
      vertex 91.3686 56.8686 132
    endloop
  endfacet
  facet normal 0 0 1
    outer loop
      vertex 89.2279 54.7279 132
      vertex 91.3686 56.8686 132
      vertex 91.0218 57.3877 132
    endloop
  endfacet
  facet normal 0 0 1
    outer loop
      vertex 92.5 56.4 132
      vertex 89.2279 54.7279 132
      vertex 94.5 42 132
    endloop
  endfacet
  facet normal 0 0 1
    outer loop
      vertex 89.2279 54.7279 132
      vertex 91.0218 57.3877 132
      vertex 90.9 58 132
    endloop
  endfacet
  facet normal -0.956943 0.290275 0
    outer loop
      vertex 0.0960732 79.9754 128
      vertex 0.380602 80.9134 132
      vertex 0.380602 80.9134 128
    endloop
  endfacet
  facet normal -0.956943 0.290275 0
    outer loop
      vertex 0.380602 80.9134 132
      vertex 0.0960732 79.9754 128
      vertex 0.0960732 79.9754 132
    endloop
  endfacet
  facet normal 0.471369 -0.881936 0
    outer loop
      vertex 98.648 4.72836 125.5
      vertex 99.1667 5.00559 128
      vertex 98.648 4.72836 128
    endloop
  endfacet
  facet normal 0.471369 -0.881936 0
    outer loop
      vertex 99.1667 5.00559 128
      vertex 98.648 4.72836 125.5
      vertex 99.1667 5.00559 125.5
    endloop
  endfacet
  facet normal -0.634405 0.773001 0
    outer loop
      vertex 5.83329 78.9944 125.5
      vertex 5.37868 78.6213 128
      vertex 5.83329 78.9944 128
    endloop
  endfacet
  facet normal -0.634405 0.773001 0
    outer loop
      vertex 5.37868 78.6213 128
      vertex 5.83329 78.9944 125.5
      vertex 5.37868 78.6213 125.5
    endloop
  endfacet
  facet normal -0.956928 0.290326 0
    outer loop
      vertex 4.55764 77.0853 125.5
      vertex 4.72836 77.648 128
      vertex 4.72836 77.648 125.5
    endloop
  endfacet
  facet normal -0.956928 0.290326 0
    outer loop
      vertex 4.72836 77.648 128
      vertex 4.55764 77.0853 125.5
      vertex 4.55764 77.0853 128
    endloop
  endfacet
  facet normal 0.773001 -0.634405 0
    outer loop
      vertex 99.6213 5.37868 128
      vertex 99.9944 5.83329 125.5
      vertex 99.9944 5.83329 128
    endloop
  endfacet
  facet normal 0.773001 -0.634405 0
    outer loop
      vertex 99.9944 5.83329 125.5
      vertex 99.6213 5.37868 128
      vertex 99.6213 5.37868 125.5
    endloop
  endfacet
  facet normal -0.290289 -0.956939 0
    outer loop
      vertex 6.35195 4.72836 125.5
      vertex 6.91473 4.55764 128
      vertex 6.35195 4.72836 128
    endloop
  endfacet
  facet normal -0.290289 -0.956939 -0
    outer loop
      vertex 6.91473 4.55764 128
      vertex 6.35195 4.72836 125.5
      vertex 6.91473 4.55764 125.5
    endloop
  endfacet
  facet normal 0 -1 0
    outer loop
      vertex 7.5 4.5 125.5
      vertex 97.5 4.5 128
      vertex 7.5 4.5 128
    endloop
  endfacet
  facet normal 0 -1 -0
    outer loop
      vertex 97.5 4.5 128
      vertex 7.5 4.5 125.5
      vertex 97.5 4.5 125.5
    endloop
  endfacet
  facet normal 1 -0 0
    outer loop
      vertex 100.5 7.5 128
      vertex 100.5 76.5 125.5
      vertex 100.5 76.5 128
    endloop
  endfacet
  facet normal 1 0 0
    outer loop
      vertex 100.5 76.5 125.5
      vertex 100.5 7.5 128
      vertex 100.5 7.5 125.5
    endloop
  endfacet
  facet normal 0.634413 0.772994 -0
    outer loop
      vertex 99.6213 78.6213 125.5
      vertex 99.1667 78.9944 128
      vertex 99.6213 78.6213 128
    endloop
  endfacet
  facet normal 0.634413 0.772994 0
    outer loop
      vertex 99.1667 78.9944 128
      vertex 99.6213 78.6213 125.5
      vertex 99.1667 78.9944 125.5
    endloop
  endfacet
  facet normal -0.881921 -0.471397 0
    outer loop
      vertex 5.00559 5.83329 125.5
      vertex 4.72836 6.35195 128
      vertex 4.72836 6.35195 125.5
    endloop
  endfacet
  facet normal -0.881921 -0.471397 0
    outer loop
      vertex 4.72836 6.35195 128
      vertex 5.00559 5.83329 125.5
      vertex 5.00559 5.83329 128
    endloop
  endfacet
  facet normal -1 0 0
    outer loop
      vertex 4.5 7.5 125.5
      vertex 4.5 76.5 128
      vertex 4.5 76.5 125.5
    endloop
  endfacet
  facet normal -1 -0 0
    outer loop
      vertex 4.5 76.5 128
      vertex 4.5 7.5 125.5
      vertex 4.5 7.5 128
    endloop
  endfacet
  facet normal 0.772994 0.634413 0
    outer loop
      vertex 99.9944 78.1667 128
      vertex 99.6213 78.6213 125.5
      vertex 99.6213 78.6213 128
    endloop
  endfacet
  facet normal 0.772994 0.634413 0
    outer loop
      vertex 99.6213 78.6213 125.5
      vertex 99.9944 78.1667 128
      vertex 99.9944 78.1667 125.5
    endloop
  endfacet
  facet normal -0.634395 -0.773009 0
    outer loop
      vertex 5.37868 5.37868 125.5
      vertex 5.83329 5.00559 128
      vertex 5.37868 5.37868 128
    endloop
  endfacet
  facet normal -0.634395 -0.773009 -0
    outer loop
      vertex 5.83329 5.00559 128
      vertex 5.37868 5.37868 125.5
      vertex 5.83329 5.00559 125.5
    endloop
  endfacet
  facet normal 0.097938 0.995193 -0
    outer loop
      vertex 98.0853 79.4424 125.5
      vertex 97.5 79.5 128
      vertex 98.0853 79.4424 128
    endloop
  endfacet
  facet normal 0.097938 0.995193 0
    outer loop
      vertex 97.5 79.5 128
      vertex 98.0853 79.4424 125.5
      vertex 97.5 79.5 125.5
    endloop
  endfacet
  facet normal 0 0 -1
    outer loop
      vertex 98.9616 7.60982 125.5
      vertex 100.5 7.5 125.5
      vertex 100.442 6.91473 125.5
    endloop
  endfacet
  facet normal 0 0 -1
    outer loop
      vertex 100.5 7.5 125.5
      vertex 99 8 125.5
      vertex 100.5 76.5 125.5
    endloop
  endfacet
  facet normal 0 0 -1
    outer loop
      vertex 98.8478 7.23463 125.5
      vertex 100.442 6.91473 125.5
      vertex 100.272 6.35195 125.5
    endloop
  endfacet
  facet normal 0 0 -1
    outer loop
      vertex 99 76 125.5
      vertex 100.5 76.5 125.5
      vertex 99 8 125.5
    endloop
  endfacet
  facet normal 0 0 -1
    outer loop
      vertex 98.6629 6.88886 125.5
      vertex 100.272 6.35195 125.5
      vertex 99.9944 5.83329 125.5
    endloop
  endfacet
  facet normal 0 0 -1
    outer loop
      vertex 98.9616 76.3902 125.5
      vertex 100.5 76.5 125.5
      vertex 99 76 125.5
    endloop
  endfacet
  facet normal 0 0 -1
    outer loop
      vertex 98.4142 6.58579 125.5
      vertex 99.9944 5.83329 125.5
      vertex 99.6213 5.37868 125.5
    endloop
  endfacet
  facet normal -0 0 -1
    outer loop
      vertex 100.5 76.5 125.5
      vertex 98.9616 76.3902 125.5
      vertex 100.442 77.0853 125.5
    endloop
  endfacet
  facet normal 0 0 -1
    outer loop
      vertex 98.4142 6.58579 125.5
      vertex 99.6213 5.37868 125.5
      vertex 99.1667 5.00559 125.5
    endloop
  endfacet
  facet normal 0 0 -1
    outer loop
      vertex 98.8478 76.7654 125.5
      vertex 100.442 77.0853 125.5
      vertex 98.9616 76.3902 125.5
    endloop
  endfacet
  facet normal -0 0 -1
    outer loop
      vertex 100.442 77.0853 125.5
      vertex 98.8478 76.7654 125.5
      vertex 100.272 77.648 125.5
    endloop
  endfacet
  facet normal 0 0 -1
    outer loop
      vertex 100.5 7.5 125.5
      vertex 98.9616 7.60982 125.5
      vertex 99 8 125.5
    endloop
  endfacet
  facet normal 0 0 -1
    outer loop
      vertex 100.442 6.91473 125.5
      vertex 98.8478 7.23463 125.5
      vertex 98.9616 7.60982 125.5
    endloop
  endfacet
  facet normal 0 0 -1
    outer loop
      vertex 100.272 6.35195 125.5
      vertex 98.6629 6.88886 125.5
      vertex 98.8478 7.23463 125.5
    endloop
  endfacet
  facet normal 0 0 -1
    outer loop
      vertex 98.1111 6.33706 125.5
      vertex 99.1667 5.00559 125.5
      vertex 98.648 4.72836 125.5
    endloop
  endfacet
  facet normal 0 0 -1
    outer loop
      vertex 99.9944 5.83329 125.5
      vertex 98.4142 6.58579 125.5
      vertex 98.6629 6.88886 125.5
    endloop
  endfacet
  facet normal 0 0 -1
    outer loop
      vertex 99.1667 5.00559 125.5
      vertex 98.1111 6.33706 125.5
      vertex 98.4142 6.58579 125.5
    endloop
  endfacet
  facet normal 0 0 -1
    outer loop
      vertex 97.7654 6.15224 125.5
      vertex 98.648 4.72836 125.5
      vertex 98.0853 4.55764 125.5
    endloop
  endfacet
  facet normal 0 0 -1
    outer loop
      vertex 98.648 4.72836 125.5
      vertex 97.7654 6.15224 125.5
      vertex 98.1111 6.33706 125.5
    endloop
  endfacet
  facet normal 0 0 -1
    outer loop
      vertex 97.3902 6.03843 125.5
      vertex 98.0853 4.55764 125.5
      vertex 97.5 4.5 125.5
    endloop
  endfacet
  facet normal 0 0 -1
    outer loop
      vertex 98.0853 4.55764 125.5
      vertex 97.3902 6.03843 125.5
      vertex 97.7654 6.15224 125.5
    endloop
  endfacet
  facet normal 0 0 -1
    outer loop
      vertex 97.5 4.5 125.5
      vertex 97 6 125.5
      vertex 97.3902 6.03843 125.5
    endloop
  endfacet
  facet normal 0 0 -1
    outer loop
      vertex 97.5 4.5 125.5
      vertex 8 6 125.5
      vertex 97 6 125.5
    endloop
  endfacet
  facet normal 0 0 -1
    outer loop
      vertex 7.5 4.5 125.5
      vertex 8 6 125.5
      vertex 97.5 4.5 125.5
    endloop
  endfacet
  facet normal 0 0 -1
    outer loop
      vertex 7.5 4.5 125.5
      vertex 7.60982 6.03843 125.5
      vertex 8 6 125.5
    endloop
  endfacet
  facet normal 0 0 -1
    outer loop
      vertex 6.91473 4.55764 125.5
      vertex 7.60982 6.03843 125.5
      vertex 7.5 4.5 125.5
    endloop
  endfacet
  facet normal -0 0 -1
    outer loop
      vertex 7.60982 6.03843 125.5
      vertex 6.91473 4.55764 125.5
      vertex 7.23463 6.15224 125.5
    endloop
  endfacet
  facet normal 0 0 -1
    outer loop
      vertex 6.35195 4.72836 125.5
      vertex 7.23463 6.15224 125.5
      vertex 6.91473 4.55764 125.5
    endloop
  endfacet
  facet normal -0 0 -1
    outer loop
      vertex 7.23463 6.15224 125.5
      vertex 6.35195 4.72836 125.5
      vertex 6.88886 6.33706 125.5
    endloop
  endfacet
  facet normal 0 0 -1
    outer loop
      vertex 5.83329 5.00559 125.5
      vertex 6.88886 6.33706 125.5
      vertex 6.35195 4.72836 125.5
    endloop
  endfacet
  facet normal -0 0 -1
    outer loop
      vertex 6.88886 6.33706 125.5
      vertex 5.83329 5.00559 125.5
      vertex 6.58579 6.58579 125.5
    endloop
  endfacet
  facet normal 0 0 -1
    outer loop
      vertex 5.37868 5.37868 125.5
      vertex 6.58579 6.58579 125.5
      vertex 5.83329 5.00559 125.5
    endloop
  endfacet
  facet normal 0 0 -1
    outer loop
      vertex 5.00559 5.83329 125.5
      vertex 6.58579 6.58579 125.5
      vertex 5.37868 5.37868 125.5
    endloop
  endfacet
  facet normal -0 0 -1
    outer loop
      vertex 6.33706 6.88886 125.5
      vertex 4.72836 6.35195 125.5
      vertex 6.15224 7.23463 125.5
    endloop
  endfacet
  facet normal 0 0 -1
    outer loop
      vertex 4.72836 6.35195 125.5
      vertex 6.33706 6.88886 125.5
      vertex 5.00559 5.83329 125.5
    endloop
  endfacet
  facet normal -0 0 -1
    outer loop
      vertex 6.58579 6.58579 125.5
      vertex 5.00559 5.83329 125.5
      vertex 6.33706 6.88886 125.5
    endloop
  endfacet
  facet normal 0 0 -1
    outer loop
      vertex 98.6629 77.1111 125.5
      vertex 100.272 77.648 125.5
      vertex 98.8478 76.7654 125.5
    endloop
  endfacet
  facet normal -0 0 -1
    outer loop
      vertex 100.272 77.648 125.5
      vertex 98.6629 77.1111 125.5
      vertex 99.9944 78.1667 125.5
    endloop
  endfacet
  facet normal 0 0 -1
    outer loop
      vertex 98.4142 77.4142 125.5
      vertex 99.9944 78.1667 125.5
      vertex 98.6629 77.1111 125.5
    endloop
  endfacet
  facet normal -0 0 -1
    outer loop
      vertex 99.9944 78.1667 125.5
      vertex 98.4142 77.4142 125.5
      vertex 99.6213 78.6213 125.5
    endloop
  endfacet
  facet normal -0 0 -1
    outer loop
      vertex 99.6213 78.6213 125.5
      vertex 98.4142 77.4142 125.5
      vertex 99.1667 78.9944 125.5
    endloop
  endfacet
  facet normal 0 0 -1
    outer loop
      vertex 98.1111 77.6629 125.5
      vertex 99.1667 78.9944 125.5
      vertex 98.4142 77.4142 125.5
    endloop
  endfacet
  facet normal -0 0 -1
    outer loop
      vertex 99.1667 78.9944 125.5
      vertex 98.1111 77.6629 125.5
      vertex 98.648 79.2716 125.5
    endloop
  endfacet
  facet normal 0 0 -1
    outer loop
      vertex 97.7654 77.8478 125.5
      vertex 98.648 79.2716 125.5
      vertex 98.1111 77.6629 125.5
    endloop
  endfacet
  facet normal -0 0 -1
    outer loop
      vertex 98.648 79.2716 125.5
      vertex 97.7654 77.8478 125.5
      vertex 98.0853 79.4424 125.5
    endloop
  endfacet
  facet normal 0 0 -1
    outer loop
      vertex 97.3902 77.9616 125.5
      vertex 98.0853 79.4424 125.5
      vertex 97.7654 77.8478 125.5
    endloop
  endfacet
  facet normal -0 0 -1
    outer loop
      vertex 98.0853 79.4424 125.5
      vertex 97.3902 77.9616 125.5
      vertex 97.5 79.5 125.5
    endloop
  endfacet
  facet normal 0 0 -1
    outer loop
      vertex 97 78 125.5
      vertex 97.5 79.5 125.5
      vertex 97.3902 77.9616 125.5
    endloop
  endfacet
  facet normal 0 0 -1
    outer loop
      vertex 8 78 125.5
      vertex 97.5 79.5 125.5
      vertex 97 78 125.5
    endloop
  endfacet
  facet normal 0 0 -1
    outer loop
      vertex 8 78 125.5
      vertex 7.5 79.5 125.5
      vertex 97.5 79.5 125.5
    endloop
  endfacet
  facet normal 0 0 -1
    outer loop
      vertex 7.60982 77.9616 125.5
      vertex 7.5 79.5 125.5
      vertex 8 78 125.5
    endloop
  endfacet
  facet normal 0 0 -1
    outer loop
      vertex 6.91473 79.4424 125.5
      vertex 7.60982 77.9616 125.5
      vertex 7.23463 77.8478 125.5
    endloop
  endfacet
  facet normal 0 0 -1
    outer loop
      vertex 7.60982 77.9616 125.5
      vertex 6.91473 79.4424 125.5
      vertex 7.5 79.5 125.5
    endloop
  endfacet
  facet normal 0 0 -1
    outer loop
      vertex 6.35195 79.2716 125.5
      vertex 7.23463 77.8478 125.5
      vertex 6.88886 77.6629 125.5
    endloop
  endfacet
  facet normal 0 0 -1
    outer loop
      vertex 5.83329 78.9944 125.5
      vertex 6.88886 77.6629 125.5
      vertex 6.58579 77.4142 125.5
    endloop
  endfacet
  facet normal 0 0 -1
    outer loop
      vertex 7.23463 77.8478 125.5
      vertex 6.35195 79.2716 125.5
      vertex 6.91473 79.4424 125.5
    endloop
  endfacet
  facet normal 0 0 -1
    outer loop
      vertex 5.00559 78.1667 125.5
      vertex 6.58579 77.4142 125.5
      vertex 6.33706 77.1111 125.5
    endloop
  endfacet
  facet normal 0 0 -1
    outer loop
      vertex 4.72836 77.648 125.5
      vertex 6.33706 77.1111 125.5
      vertex 6.15224 76.7654 125.5
    endloop
  endfacet
  facet normal 0 0 -1
    outer loop
      vertex 4.55764 77.0853 125.5
      vertex 6.15224 76.7654 125.5
      vertex 6.03843 76.3902 125.5
    endloop
  endfacet
  facet normal 0 0 -1
    outer loop
      vertex 6.88886 77.6629 125.5
      vertex 5.83329 78.9944 125.5
      vertex 6.35195 79.2716 125.5
    endloop
  endfacet
  facet normal 0 0 -1
    outer loop
      vertex 4.5 76.5 125.5
      vertex 6.03843 76.3902 125.5
      vertex 6 76 125.5
    endloop
  endfacet
  facet normal -0 0 -1
    outer loop
      vertex 6 8 125.5
      vertex 4.5 7.5 125.5
      vertex 6 76 125.5
    endloop
  endfacet
  facet normal 0 0 -1
    outer loop
      vertex 4.55764 6.91473 125.5
      vertex 6.15224 7.23463 125.5
      vertex 4.72836 6.35195 125.5
    endloop
  endfacet
  facet normal 0 0 -1
    outer loop
      vertex 4.5 76.5 125.5
      vertex 6 76 125.5
      vertex 4.5 7.5 125.5
    endloop
  endfacet
  facet normal -0 0 -1
    outer loop
      vertex 6.15224 7.23463 125.5
      vertex 4.55764 6.91473 125.5
      vertex 6.03843 7.60982 125.5
    endloop
  endfacet
  facet normal 0 0 -1
    outer loop
      vertex 6.03843 76.3902 125.5
      vertex 4.5 76.5 125.5
      vertex 4.55764 77.0853 125.5
    endloop
  endfacet
  facet normal 0 0 -1
    outer loop
      vertex 4.5 7.5 125.5
      vertex 6.03843 7.60982 125.5
      vertex 4.55764 6.91473 125.5
    endloop
  endfacet
  facet normal 0 0 -1
    outer loop
      vertex 6.58579 77.4142 125.5
      vertex 5.37868 78.6213 125.5
      vertex 5.83329 78.9944 125.5
    endloop
  endfacet
  facet normal -0 0 -1
    outer loop
      vertex 6.03843 7.60982 125.5
      vertex 4.5 7.5 125.5
      vertex 6 8 125.5
    endloop
  endfacet
  facet normal 0 0 -1
    outer loop
      vertex 6.58579 77.4142 125.5
      vertex 5.00559 78.1667 125.5
      vertex 5.37868 78.6213 125.5
    endloop
  endfacet
  facet normal 0 0 -1
    outer loop
      vertex 6.33706 77.1111 125.5
      vertex 4.72836 77.648 125.5
      vertex 5.00559 78.1667 125.5
    endloop
  endfacet
  facet normal 0 0 -1
    outer loop
      vertex 6.15224 76.7654 125.5
      vertex 4.55764 77.0853 125.5
      vertex 4.72836 77.648 125.5
    endloop
  endfacet
  facet normal 0.290326 -0.956928 0
    outer loop
      vertex 98.0853 4.55764 125.5
      vertex 98.648 4.72836 128
      vertex 98.0853 4.55764 128
    endloop
  endfacet
  facet normal 0.290326 -0.956928 0
    outer loop
      vertex 98.648 4.72836 128
      vertex 98.0853 4.55764 125.5
      vertex 98.648 4.72836 125.5
    endloop
  endfacet
  facet normal 0.471329 0.881957 -0
    outer loop
      vertex 99.1667 78.9944 125.5
      vertex 98.648 79.2716 128
      vertex 99.1667 78.9944 128
    endloop
  endfacet
  facet normal 0.471329 0.881957 0
    outer loop
      vertex 98.648 79.2716 128
      vertex 99.1667 78.9944 125.5
      vertex 98.648 79.2716 125.5
    endloop
  endfacet
  facet normal 0.881674 0.471858 0
    outer loop
      vertex 100.272 77.648 128
      vertex 99.9944 78.1667 125.5
      vertex 99.9944 78.1667 128
    endloop
  endfacet
  facet normal 0.881674 0.471858 0
    outer loop
      vertex 99.9944 78.1667 125.5
      vertex 100.272 77.648 128
      vertex 100.272 77.648 125.5
    endloop
  endfacet
  facet normal 0 1 -0
    outer loop
      vertex 97.5 79.5 125.5
      vertex 7.5 79.5 128
      vertex 97.5 79.5 128
    endloop
  endfacet
  facet normal 0 1 0
    outer loop
      vertex 7.5 79.5 128
      vertex 97.5 79.5 125.5
      vertex 7.5 79.5 125.5
    endloop
  endfacet
  facet normal -0.471397 -0.881921 0
    outer loop
      vertex 5.83329 5.00559 125.5
      vertex 6.35195 4.72836 128
      vertex 5.83329 5.00559 128
    endloop
  endfacet
  facet normal -0.471397 -0.881921 -0
    outer loop
      vertex 6.35195 4.72836 128
      vertex 5.83329 5.00559 125.5
      vertex 6.35195 4.72836 125.5
    endloop
  endfacet
  facet normal 0.0980053 -0.995186 0
    outer loop
      vertex 97.5 4.5 125.5
      vertex 98.0853 4.55764 128
      vertex 97.5 4.5 128
    endloop
  endfacet
  facet normal 0.0980053 -0.995186 0
    outer loop
      vertex 98.0853 4.55764 128
      vertex 97.5 4.5 125.5
      vertex 98.0853 4.55764 125.5
    endloop
  endfacet
  facet normal -0.995186 0.0980053 0
    outer loop
      vertex 4.5 76.5 125.5
      vertex 4.55764 77.0853 128
      vertex 4.55764 77.0853 125.5
    endloop
  endfacet
  facet normal -0.995186 0.0980053 0
    outer loop
      vertex 4.55764 77.0853 128
      vertex 4.5 76.5 125.5
      vertex 4.5 76.5 128
    endloop
  endfacet
  facet normal -0.956939 -0.290289 0
    outer loop
      vertex 4.72836 6.35195 125.5
      vertex 4.55764 6.91473 128
      vertex 4.55764 6.91473 125.5
    endloop
  endfacet
  facet normal -0.956939 -0.290289 0
    outer loop
      vertex 4.55764 6.91473 128
      vertex 4.72836 6.35195 125.5
      vertex 4.72836 6.35195 128
    endloop
  endfacet
  facet normal -0.0979429 0.995192 0
    outer loop
      vertex 7.5 79.5 125.5
      vertex 6.91473 79.4424 128
      vertex 7.5 79.5 128
    endloop
  endfacet
  facet normal -0.0979429 0.995192 0
    outer loop
      vertex 6.91473 79.4424 128
      vertex 7.5 79.5 125.5
      vertex 6.91473 79.4424 125.5
    endloop
  endfacet
  facet normal -0.471358 0.881942 0
    outer loop
      vertex 6.35195 79.2716 125.5
      vertex 5.83329 78.9944 128
      vertex 6.35195 79.2716 128
    endloop
  endfacet
  facet normal -0.471358 0.881942 0
    outer loop
      vertex 5.83329 78.9944 128
      vertex 6.35195 79.2716 125.5
      vertex 5.83329 78.9944 125.5
    endloop
  endfacet
  facet normal 0.957279 -0.289167 0
    outer loop
      vertex 100.272 6.35195 128
      vertex 100.442 6.91473 125.5
      vertex 100.442 6.91473 128
    endloop
  endfacet
  facet normal 0.957279 -0.289167 0
    outer loop
      vertex 100.442 6.91473 125.5
      vertex 100.272 6.35195 128
      vertex 100.272 6.35195 125.5
    endloop
  endfacet
  facet normal 0.881659 -0.471886 0
    outer loop
      vertex 99.9944 5.83329 128
      vertex 100.272 6.35195 125.5
      vertex 100.272 6.35195 128
    endloop
  endfacet
  facet normal 0.881659 -0.471886 0
    outer loop
      vertex 100.272 6.35195 125.5
      vertex 99.9944 5.83329 128
      vertex 99.9944 5.83329 125.5
    endloop
  endfacet
  facet normal -0.773003 0.634403 0
    outer loop
      vertex 5.00559 78.1667 125.5
      vertex 5.37868 78.6213 128
      vertex 5.37868 78.6213 125.5
    endloop
  endfacet
  facet normal -0.773003 0.634403 0
    outer loop
      vertex 5.37868 78.6213 128
      vertex 5.00559 78.1667 125.5
      vertex 5.00559 78.1667 128
    endloop
  endfacet
  facet normal 0.995126 -0.0986165 0
    outer loop
      vertex 100.442 6.91473 128
      vertex 100.5 7.5 125.5
      vertex 100.5 7.5 128
    endloop
  endfacet
  facet normal 0.995126 -0.0986165 0
    outer loop
      vertex 100.5 7.5 125.5
      vertex 100.442 6.91473 128
      vertex 100.442 6.91473 125.5
    endloop
  endfacet
  facet normal -0.0980103 -0.995185 0
    outer loop
      vertex 6.91473 4.55764 125.5
      vertex 7.5 4.5 128
      vertex 6.91473 4.55764 128
    endloop
  endfacet
  facet normal -0.0980103 -0.995185 -0
    outer loop
      vertex 7.5 4.5 128
      vertex 6.91473 4.55764 125.5
      vertex 7.5 4.5 125.5
    endloop
  endfacet
  facet normal -0.773009 -0.634395 0
    outer loop
      vertex 5.37868 5.37868 125.5
      vertex 5.00559 5.83329 128
      vertex 5.00559 5.83329 125.5
    endloop
  endfacet
  facet normal -0.773009 -0.634395 0
    outer loop
      vertex 5.00559 5.83329 128
      vertex 5.37868 5.37868 125.5
      vertex 5.37868 5.37868 128
    endloop
  endfacet
  facet normal -0.995185 -0.0980103 0
    outer loop
      vertex 4.55764 6.91473 125.5
      vertex 4.5 7.5 128
      vertex 4.5 7.5 125.5
    endloop
  endfacet
  facet normal -0.995185 -0.0980103 0
    outer loop
      vertex 4.5 7.5 128
      vertex 4.55764 6.91473 125.5
      vertex 4.55764 6.91473 128
    endloop
  endfacet
  facet normal -0.290413 0.956901 0
    outer loop
      vertex 6.91473 79.4424 125.5
      vertex 6.35195 79.2716 128
      vertex 6.91473 79.4424 128
    endloop
  endfacet
  facet normal -0.290413 0.956901 0
    outer loop
      vertex 6.35195 79.2716 128
      vertex 6.91473 79.4424 125.5
      vertex 6.35195 79.2716 125.5
    endloop
  endfacet
  facet normal 0.957267 0.289205 0
    outer loop
      vertex 100.442 77.0853 128
      vertex 100.272 77.648 125.5
      vertex 100.272 77.648 128
    endloop
  endfacet
  facet normal 0.957267 0.289205 0
    outer loop
      vertex 100.272 77.648 125.5
      vertex 100.442 77.0853 128
      vertex 100.442 77.0853 125.5
    endloop
  endfacet
  facet normal 0.290451 0.95689 -0
    outer loop
      vertex 98.648 79.2716 125.5
      vertex 98.0853 79.4424 128
      vertex 98.648 79.2716 128
    endloop
  endfacet
  facet normal 0.290451 0.95689 0
    outer loop
      vertex 98.0853 79.4424 128
      vertex 98.648 79.2716 125.5
      vertex 98.0853 79.4424 125.5
    endloop
  endfacet
  facet normal -0.881936 0.471369 0
    outer loop
      vertex 4.72836 77.648 125.5
      vertex 5.00559 78.1667 128
      vertex 5.00559 78.1667 125.5
    endloop
  endfacet
  facet normal -0.881936 0.471369 0
    outer loop
      vertex 5.00559 78.1667 128
      vertex 4.72836 77.648 125.5
      vertex 4.72836 77.648 128
    endloop
  endfacet
  facet normal 0.634403 -0.773003 0
    outer loop
      vertex 99.1667 5.00559 125.5
      vertex 99.6213 5.37868 128
      vertex 99.1667 5.00559 128
    endloop
  endfacet
  facet normal 0.634403 -0.773003 0
    outer loop
      vertex 99.6213 5.37868 128
      vertex 99.1667 5.00559 125.5
      vertex 99.6213 5.37868 125.5
    endloop
  endfacet
  facet normal 0.995126 0.0986115 0
    outer loop
      vertex 100.5 76.5 128
      vertex 100.442 77.0853 125.5
      vertex 100.442 77.0853 128
    endloop
  endfacet
  facet normal 0.995126 0.0986115 0
    outer loop
      vertex 100.442 77.0853 125.5
      vertex 100.5 76.5 128
      vertex 100.5 76.5 125.5
    endloop
  endfacet
  facet normal 0 -1 0
    outer loop
      vertex 8 78 125.5
      vertex 97 78 128
      vertex 8 78 128
    endloop
  endfacet
  facet normal 0 -1 -0
    outer loop
      vertex 97 78 128
      vertex 8 78 125.5
      vertex 97 78 125.5
    endloop
  endfacet
  facet normal 0.471401 0.881919 -0
    outer loop
      vertex 7.23463 6.15224 125.5
      vertex 6.88886 6.33706 128
      vertex 7.23463 6.15224 128
    endloop
  endfacet
  facet normal 0.471401 0.881919 0
    outer loop
      vertex 6.88886 6.33706 128
      vertex 7.23463 6.15224 125.5
      vertex 6.88886 6.33706 125.5
    endloop
  endfacet
  facet normal 0.881879 -0.471475 0
    outer loop
      vertex 6.15224 76.7654 128
      vertex 6.33706 77.1111 125.5
      vertex 6.33706 77.1111 128
    endloop
  endfacet
  facet normal 0.881879 -0.471475 0
    outer loop
      vertex 6.33706 77.1111 125.5
      vertex 6.15224 76.7654 128
      vertex 6.15224 76.7654 125.5
    endloop
  endfacet
  facet normal 1 -0 0
    outer loop
      vertex 6 8 128
      vertex 6 76 125.5
      vertex 6 76 128
    endloop
  endfacet
  facet normal 1 0 0
    outer loop
      vertex 6 76 125.5
      vertex 6 8 128
      vertex 6 8 125.5
    endloop
  endfacet
  facet normal -0.290248 -0.956951 0
    outer loop
      vertex 97.3902 77.9616 125.5
      vertex 97.7654 77.8478 128
      vertex 97.3902 77.9616 128
    endloop
  endfacet
  facet normal -0.290248 -0.956951 -0
    outer loop
      vertex 97.7654 77.8478 128
      vertex 97.3902 77.9616 125.5
      vertex 97.7654 77.8478 125.5
    endloop
  endfacet
  facet normal 0.290279 0.956942 -0
    outer loop
      vertex 7.60982 6.03843 125.5
      vertex 7.23463 6.15224 128
      vertex 7.60982 6.03843 128
    endloop
  endfacet
  facet normal 0.290279 0.956942 0
    outer loop
      vertex 7.23463 6.15224 128
      vertex 7.60982 6.03843 125.5
      vertex 7.23463 6.15224 125.5
    endloop
  endfacet
  facet normal -0.881834 0.47156 0
    outer loop
      vertex 98.6629 6.88886 125.5
      vertex 98.8478 7.23463 128
      vertex 98.8478 7.23463 125.5
    endloop
  endfacet
  facet normal -0.881834 0.47156 0
    outer loop
      vertex 98.8478 7.23463 128
      vertex 98.6629 6.88886 125.5
      vertex 98.6629 6.88886 128
    endloop
  endfacet
  facet normal -0.995193 -0.097938 0
    outer loop
      vertex 99 76 125.5
      vertex 98.9616 76.3902 128
      vertex 98.9616 76.3902 125.5
    endloop
  endfacet
  facet normal -0.995193 -0.097938 0
    outer loop
      vertex 98.9616 76.3902 128
      vertex 99 76 125.5
      vertex 99 76 128
    endloop
  endfacet
  facet normal 0.773033 -0.634366 0
    outer loop
      vertex 6.33706 77.1111 128
      vertex 6.58579 77.4142 125.5
      vertex 6.58579 77.4142 128
    endloop
  endfacet
  facet normal 0.773033 -0.634366 0
    outer loop
      vertex 6.58579 77.4142 125.5
      vertex 6.33706 77.1111 128
      vertex 6.33706 77.1111 125.5
    endloop
  endfacet
  facet normal 0.995185 0.0980187 0
    outer loop
      vertex 6.03843 7.60982 128
      vertex 6 8 125.5
      vertex 6 8 128
    endloop
  endfacet
  facet normal 0.995185 0.0980187 0
    outer loop
      vertex 6 8 125.5
      vertex 6.03843 7.60982 128
      vertex 6.03843 7.60982 125.5
    endloop
  endfacet
  facet normal 0 1 -0
    outer loop
      vertex 97 6 125.5
      vertex 8 6 128
      vertex 97 6 128
    endloop
  endfacet
  facet normal 0 1 0
    outer loop
      vertex 8 6 128
      vertex 97 6 125.5
      vertex 8 6 125.5
    endloop
  endfacet
  facet normal 0.956942 0.290279 0
    outer loop
      vertex 6.15224 7.23463 128
      vertex 6.03843 7.60982 125.5
      vertex 6.03843 7.60982 128
    endloop
  endfacet
  facet normal 0.956942 0.290279 0
    outer loop
      vertex 6.03843 7.60982 125.5
      vertex 6.15224 7.23463 128
      vertex 6.15224 7.23463 125.5
    endloop
  endfacet
  facet normal -1 0 0
    outer loop
      vertex 99 8 125.5
      vertex 99 76 128
      vertex 99 76 125.5
    endloop
  endfacet
  facet normal -1 -0 0
    outer loop
      vertex 99 76 128
      vertex 99 8 125.5
      vertex 99 8 128
    endloop
  endfacet
  facet normal -0.471475 0.881879 0
    outer loop
      vertex 98.1111 6.33706 125.5
      vertex 97.7654 6.15224 128
      vertex 98.1111 6.33706 128
    endloop
  endfacet
  facet normal -0.471475 0.881879 0
    outer loop
      vertex 97.7654 6.15224 128
      vertex 98.1111 6.33706 125.5
      vertex 97.7654 6.15224 125.5
    endloop
  endfacet
  facet normal 0.881919 0.471401 0
    outer loop
      vertex 6.33706 6.88886 128
      vertex 6.15224 7.23463 125.5
      vertex 6.15224 7.23463 128
    endloop
  endfacet
  facet normal 0.881919 0.471401 0
    outer loop
      vertex 6.15224 7.23463 125.5
      vertex 6.33706 6.88886 128
      vertex 6.33706 6.88886 125.5
    endloop
  endfacet
  facet normal -0.471634 -0.881795 0
    outer loop
      vertex 97.7654 77.8478 125.5
      vertex 98.1111 77.6629 128
      vertex 97.7654 77.8478 128
    endloop
  endfacet
  facet normal -0.471634 -0.881795 -0
    outer loop
      vertex 98.1111 77.6629 128
      vertex 97.7654 77.8478 125.5
      vertex 98.1111 77.6629 125.5
    endloop
  endfacet
  facet normal -0.634321 -0.77307 0
    outer loop
      vertex 98.1111 77.6629 125.5
      vertex 98.4142 77.4142 128
      vertex 98.1111 77.6629 128
    endloop
  endfacet
  facet normal -0.634321 -0.77307 -0
    outer loop
      vertex 98.4142 77.4142 128
      vertex 98.1111 77.6629 125.5
      vertex 98.4142 77.4142 125.5
    endloop
  endfacet
  facet normal -0.995192 0.0979429 0
    outer loop
      vertex 98.9616 7.60982 125.5
      vertex 99 8 128
      vertex 99 8 125.5
    endloop
  endfacet
  facet normal -0.995192 0.0979429 0
    outer loop
      vertex 99 8 128
      vertex 98.9616 7.60982 125.5
      vertex 98.9616 7.60982 128
    endloop
  endfacet
  facet normal 0.995185 -0.0980137 0
    outer loop
      vertex 6 76 128
      vertex 6.03843 76.3902 125.5
      vertex 6.03843 76.3902 128
    endloop
  endfacet
  facet normal 0.995185 -0.0980137 0
    outer loop
      vertex 6.03843 76.3902 125.5
      vertex 6 76 128
      vertex 6 76 125.5
    endloop
  endfacet
  facet normal 0.0979429 -0.995192 0
    outer loop
      vertex 7.60982 77.9616 125.5
      vertex 8 78 128
      vertex 7.60982 77.9616 128
    endloop
  endfacet
  facet normal 0.0979429 -0.995192 0
    outer loop
      vertex 8 78 128
      vertex 7.60982 77.9616 125.5
      vertex 8 78 125.5
    endloop
  endfacet
  facet normal -0.773039 0.634358 0
    outer loop
      vertex 98.4142 6.58579 125.5
      vertex 98.6629 6.88886 128
      vertex 98.6629 6.88886 125.5
    endloop
  endfacet
  facet normal -0.773039 0.634358 0
    outer loop
      vertex 98.6629 6.88886 128
      vertex 98.4142 6.58579 125.5
      vertex 98.4142 6.58579 128
    endloop
  endfacet
  facet normal -0.634366 0.773033 0
    outer loop
      vertex 98.4142 6.58579 125.5
      vertex 98.1111 6.33706 128
      vertex 98.4142 6.58579 128
    endloop
  endfacet
  facet normal -0.634366 0.773033 0
    outer loop
      vertex 98.1111 6.33706 128
      vertex 98.4142 6.58579 125.5
      vertex 98.1111 6.33706 125.5
    endloop
  endfacet
  facet normal -0.290271 0.956944 0
    outer loop
      vertex 97.7654 6.15224 125.5
      vertex 97.3902 6.03843 128
      vertex 97.7654 6.15224 128
    endloop
  endfacet
  facet normal -0.290271 0.956944 0
    outer loop
      vertex 97.3902 6.03843 128
      vertex 97.7654 6.15224 125.5
      vertex 97.3902 6.03843 125.5
    endloop
  endfacet
  facet normal -0.0980137 0.995185 0
    outer loop
      vertex 97.3902 6.03843 125.5
      vertex 97 6 128
      vertex 97.3902 6.03843 128
    endloop
  endfacet
  facet normal -0.0980137 0.995185 0
    outer loop
      vertex 97 6 128
      vertex 97.3902 6.03843 125.5
      vertex 97 6 125.5
    endloop
  endfacet
  facet normal 0.47156 -0.881834 0
    outer loop
      vertex 6.88886 77.6629 125.5
      vertex 7.23463 77.8478 128
      vertex 6.88886 77.6629 128
    endloop
  endfacet
  facet normal 0.47156 -0.881834 0
    outer loop
      vertex 7.23463 77.8478 128
      vertex 6.88886 77.6629 125.5
      vertex 7.23463 77.8478 125.5
    endloop
  endfacet
  facet normal 0.0980187 0.995185 -0
    outer loop
      vertex 8 6 125.5
      vertex 7.60982 6.03843 128
      vertex 8 6 128
    endloop
  endfacet
  facet normal 0.0980187 0.995185 0
    outer loop
      vertex 7.60982 6.03843 128
      vertex 8 6 125.5
      vertex 7.60982 6.03843 125.5
    endloop
  endfacet
  facet normal -0.77307 -0.634321 0
    outer loop
      vertex 98.6629 77.1111 125.5
      vertex 98.4142 77.4142 128
      vertex 98.4142 77.4142 125.5
    endloop
  endfacet
  facet normal -0.77307 -0.634321 0
    outer loop
      vertex 98.4142 77.4142 128
      vertex 98.6629 77.1111 125.5
      vertex 98.6629 77.1111 128
    endloop
  endfacet
  facet normal -0.956949 0.290255 0
    outer loop
      vertex 98.8478 7.23463 125.5
      vertex 98.9616 7.60982 128
      vertex 98.9616 7.60982 125.5
    endloop
  endfacet
  facet normal -0.956949 0.290255 0
    outer loop
      vertex 98.9616 7.60982 128
      vertex 98.8478 7.23463 125.5
      vertex 98.8478 7.23463 128
    endloop
  endfacet
  facet normal 0.956944 -0.290271 0
    outer loop
      vertex 6.03843 76.3902 128
      vertex 6.15224 76.7654 125.5
      vertex 6.15224 76.7654 128
    endloop
  endfacet
  facet normal 0.956944 -0.290271 0
    outer loop
      vertex 6.15224 76.7654 125.5
      vertex 6.03843 76.3902 128
      vertex 6.03843 76.3902 125.5
    endloop
  endfacet
  facet normal 0.634358 -0.773039 0
    outer loop
      vertex 6.58579 77.4142 125.5
      vertex 6.88886 77.6629 128
      vertex 6.58579 77.4142 128
    endloop
  endfacet
  facet normal 0.634358 -0.773039 0
    outer loop
      vertex 6.88886 77.6629 128
      vertex 6.58579 77.4142 125.5
      vertex 6.88886 77.6629 125.5
    endloop
  endfacet
  facet normal 0.290255 -0.956949 0
    outer loop
      vertex 7.23463 77.8478 125.5
      vertex 7.60982 77.9616 128
      vertex 7.23463 77.8478 128
    endloop
  endfacet
  facet normal 0.290255 -0.956949 0
    outer loop
      vertex 7.60982 77.9616 128
      vertex 7.23463 77.8478 125.5
      vertex 7.60982 77.9616 125.5
    endloop
  endfacet
  facet normal 0.634404 0.773002 -0
    outer loop
      vertex 6.88886 6.33706 125.5
      vertex 6.58579 6.58579 128
      vertex 6.88886 6.33706 128
    endloop
  endfacet
  facet normal 0.634404 0.773002 0
    outer loop
      vertex 6.58579 6.58579 128
      vertex 6.88886 6.33706 125.5
      vertex 6.58579 6.58579 125.5
    endloop
  endfacet
  facet normal -0.956951 -0.290248 0
    outer loop
      vertex 98.9616 76.3902 125.5
      vertex 98.8478 76.7654 128
      vertex 98.8478 76.7654 125.5
    endloop
  endfacet
  facet normal -0.956951 -0.290248 0
    outer loop
      vertex 98.8478 76.7654 128
      vertex 98.9616 76.3902 125.5
      vertex 98.9616 76.3902 128
    endloop
  endfacet
  facet normal -0.881795 -0.471634 0
    outer loop
      vertex 98.8478 76.7654 125.5
      vertex 98.6629 77.1111 128
      vertex 98.6629 77.1111 125.5
    endloop
  endfacet
  facet normal -0.881795 -0.471634 0
    outer loop
      vertex 98.6629 77.1111 128
      vertex 98.8478 76.7654 125.5
      vertex 98.8478 76.7654 128
    endloop
  endfacet
  facet normal 0.773002 0.634404 0
    outer loop
      vertex 6.58579 6.58579 128
      vertex 6.33706 6.88886 125.5
      vertex 6.33706 6.88886 128
    endloop
  endfacet
  facet normal 0.773002 0.634404 0
    outer loop
      vertex 6.33706 6.88886 125.5
      vertex 6.58579 6.58579 128
      vertex 6.58579 6.58579 125.5
    endloop
  endfacet
  facet normal -0.097938 -0.995193 0
    outer loop
      vertex 97 78 125.5
      vertex 97.3902 77.9616 128
      vertex 97 78 128
    endloop
  endfacet
  facet normal -0.097938 -0.995193 -0
    outer loop
      vertex 97.3902 77.9616 128
      vertex 97 78 125.5
      vertex 97.3902 77.9616 125.5
    endloop
  endfacet
  facet normal 0.995168 0.0981906 0
    outer loop
      vertex 123 79 119
      vertex 122.923 79.7804 0
      vertex 122.923 79.7804 119
    endloop
  endfacet
  facet normal 0.995168 0.0981906 0
    outer loop
      vertex 122.923 79.7804 0
      vertex 123 79 119
      vertex 123 79 0
    endloop
  endfacet
  facet normal -0.634522 0.772905 0
    outer loop
      vertex 112.278 82.3259 0
      vertex 111.672 81.8284 119
      vertex 112.278 82.3259 119
    endloop
  endfacet
  facet normal -0.634522 0.772905 0
    outer loop
      vertex 111.672 81.8284 119
      vertex 112.278 82.3259 0
      vertex 111.672 81.8284 0
    endloop
  endfacet
  facet normal -0.995168 0.0981906 0
    outer loop
      vertex 110.5 79 0
      vertex 110.577 79.7804 119
      vertex 110.577 79.7804 0
    endloop
  endfacet
  facet normal -0.995168 0.0981906 0
    outer loop
      vertex 110.577 79.7804 119
      vertex 110.5 79 0
      vertex 110.5 79 119
    endloop
  endfacet
  facet normal -1 0 0
    outer loop
      vertex 110.5 4 0
      vertex 110.5 79 119
      vertex 110.5 79 0
    endloop
  endfacet
  facet normal -1 -0 0
    outer loop
      vertex 110.5 79 119
      vertex 110.5 4 0
      vertex 110.5 4 119
    endloop
  endfacet
  facet normal -0.957161 -0.289558 0
    outer loop
      vertex 110.804 2.46927 0
      vertex 110.577 3.21964 119
      vertex 110.577 3.21964 0
    endloop
  endfacet
  facet normal -0.957161 -0.289558 0
    outer loop
      vertex 110.577 3.21964 119
      vertex 110.804 2.46927 0
      vertex 110.804 2.46927 119
    endloop
  endfacet
  facet normal 0.471686 -0.881766 0
    outer loop
      vertex 120.531 0.304482 0
      vertex 121.222 0.674121 119
      vertex 120.531 0.304482 119
    endloop
  endfacet
  facet normal 0.471686 -0.881766 0
    outer loop
      vertex 121.222 0.674121 119
      vertex 120.531 0.304482 0
      vertex 121.222 0.674121 0
    endloop
  endfacet
  facet normal -0.995167 -0.0981955 0
    outer loop
      vertex 110.577 3.21964 0
      vertex 110.5 4 119
      vertex 110.5 4 0
    endloop
  endfacet
  facet normal -0.995167 -0.0981955 0
    outer loop
      vertex 110.5 4 119
      vertex 110.577 3.21964 0
      vertex 110.577 3.21964 119
    endloop
  endfacet
  facet normal 0.772644 0.63484 0
    outer loop
      vertex 122.326 81.2223 119
      vertex 121.828 81.8284 0
      vertex 121.828 81.8284 119
    endloop
  endfacet
  facet normal 0.772644 0.63484 0
    outer loop
      vertex 121.828 81.8284 0
      vertex 122.326 81.2223 119
      vertex 122.326 81.2223 0
    endloop
  endfacet
  facet normal 0.995167 -0.0981955 0
    outer loop
      vertex 122.923 3.21964 119
      vertex 123 4 0
      vertex 123 4 119
    endloop
  endfacet
  facet normal 0.995167 -0.0981955 0
    outer loop
      vertex 123 4 0
      vertex 122.923 3.21964 119
      vertex 122.923 3.21964 0
    endloop
  endfacet
  facet normal 1 -0 0
    outer loop
      vertex 123 4 119
      vertex 123 79 0
      vertex 123 79 119
    endloop
  endfacet
  facet normal 1 0 0
    outer loop
      vertex 123 79 0
      vertex 123 4 119
      vertex 123 4 0
    endloop
  endfacet
  facet normal 0.634522 0.772905 -0
    outer loop
      vertex 121.828 81.8284 0
      vertex 121.222 82.3259 119
      vertex 121.828 81.8284 119
    endloop
  endfacet
  facet normal 0.634522 0.772905 0
    outer loop
      vertex 121.222 82.3259 119
      vertex 121.828 81.8284 0
      vertex 121.222 82.3259 0
    endloop
  endfacet
  facet normal 0.0981141 0.995175 -0
    outer loop
      vertex 119.78 82.9231 0
      vertex 119 83 119
      vertex 119.78 82.9231 119
    endloop
  endfacet
  facet normal 0.0981141 0.995175 0
    outer loop
      vertex 119 83 119
      vertex 119.78 82.9231 0
      vertex 119 83 0
    endloop
  endfacet
  facet normal 0 1 -0
    outer loop
      vertex 119 83 0
      vertex 114.5 83 119
      vertex 119 83 119
    endloop
  endfacet
  facet normal 0 1 0
    outer loop
      vertex 114.5 83 119
      vertex 119 83 0
      vertex 114.5 83 0
    endloop
  endfacet
  facet normal 0.0980616 -0.99518 0
    outer loop
      vertex 119 0 0
      vertex 119.78 0.0768585 119
      vertex 119 0 119
    endloop
  endfacet
  facet normal 0.0980616 -0.99518 0
    outer loop
      vertex 119.78 0.0768585 119
      vertex 119 0 0
      vertex 119.78 0.0768585 0
    endloop
  endfacet
  facet normal -0.471686 -0.881766 0
    outer loop
      vertex 112.278 0.674121 0
      vertex 112.969 0.304482 119
      vertex 112.278 0.674121 119
    endloop
  endfacet
  facet normal -0.471686 -0.881766 -0
    outer loop
      vertex 112.969 0.304482 119
      vertex 112.278 0.674121 0
      vertex 112.969 0.304482 0
    endloop
  endfacet
  facet normal 0.881745 0.471726 0
    outer loop
      vertex 122.696 80.5307 119
      vertex 122.326 81.2223 0
      vertex 122.326 81.2223 119
    endloop
  endfacet
  facet normal 0.881745 0.471726 0
    outer loop
      vertex 122.326 81.2223 0
      vertex 122.696 80.5307 119
      vertex 122.696 80.5307 0
    endloop
  endfacet
  facet normal 0.772669 -0.634809 0
    outer loop
      vertex 121.828 1.17157 119
      vertex 122.326 1.77772 0
      vertex 122.326 1.77772 119
    endloop
  endfacet
  facet normal 0.772669 -0.634809 0
    outer loop
      vertex 122.326 1.77772 0
      vertex 121.828 1.17157 119
      vertex 121.828 1.17157 0
    endloop
  endfacet
  facet normal 0 -1 0
    outer loop
      vertex 114.5 0 0
      vertex 119 0 119
      vertex 114.5 0 119
    endloop
  endfacet
  facet normal 0 -1 -0
    outer loop
      vertex 119 0 119
      vertex 114.5 0 0
      vertex 119 0 0
    endloop
  endfacet
  facet normal 0.290036 0.957016 -0
    outer loop
      vertex 120.531 82.6955 0
      vertex 119.78 82.9231 119
      vertex 120.531 82.6955 119
    endloop
  endfacet
  facet normal 0.290036 0.957016 0
    outer loop
      vertex 119.78 82.9231 119
      vertex 120.531 82.6955 0
      vertex 119.78 82.9231 0
    endloop
  endfacet
  facet normal 0.471648 0.881787 -0
    outer loop
      vertex 121.222 82.3259 0
      vertex 120.531 82.6955 119
      vertex 121.222 82.3259 119
    endloop
  endfacet
  facet normal 0.471648 0.881787 0
    outer loop
      vertex 120.531 82.6955 119
      vertex 121.222 82.3259 0
      vertex 120.531 82.6955 0
    endloop
  endfacet
  facet normal -0.290036 0.957016 0
    outer loop
      vertex 113.72 82.9231 0
      vertex 112.969 82.6955 119
      vertex 113.72 82.9231 119
    endloop
  endfacet
  facet normal -0.290036 0.957016 0
    outer loop
      vertex 112.969 82.6955 119
      vertex 113.72 82.9231 0
      vertex 112.969 82.6955 0
    endloop
  endfacet
  facet normal 0.881731 -0.471753 0
    outer loop
      vertex 122.326 1.77772 119
      vertex 122.696 2.46927 0
      vertex 122.696 2.46927 119
    endloop
  endfacet
  facet normal 0.881731 -0.471753 0
    outer loop
      vertex 122.696 2.46927 0
      vertex 122.326 1.77772 119
      vertex 122.326 1.77772 0
    endloop
  endfacet
  facet normal 0.634483 -0.772937 0
    outer loop
      vertex 121.222 0.674121 0
      vertex 121.828 1.17157 119
      vertex 121.222 0.674121 119
    endloop
  endfacet
  facet normal 0.634483 -0.772937 0
    outer loop
      vertex 121.828 1.17157 119
      vertex 121.222 0.674121 0
      vertex 121.828 1.17157 0
    endloop
  endfacet
  facet normal -0.0981141 0.995175 0
    outer loop
      vertex 114.5 83 0
      vertex 113.72 82.9231 119
      vertex 114.5 83 119
    endloop
  endfacet
  facet normal -0.0981141 0.995175 0
    outer loop
      vertex 113.72 82.9231 119
      vertex 114.5 83 0
      vertex 113.72 82.9231 0
    endloop
  endfacet
  facet normal 0.957153 0.289582 0
    outer loop
      vertex 122.923 79.7804 119
      vertex 122.696 80.5307 0
      vertex 122.696 80.5307 119
    endloop
  endfacet
  facet normal 0.957153 0.289582 0
    outer loop
      vertex 122.696 80.5307 0
      vertex 122.923 79.7804 119
      vertex 122.923 79.7804 0
    endloop
  endfacet
  facet normal -0.0980616 -0.99518 0
    outer loop
      vertex 113.72 0.0768585 0
      vertex 114.5 0 119
      vertex 113.72 0.0768585 119
    endloop
  endfacet
  facet normal -0.0980616 -0.99518 -0
    outer loop
      vertex 114.5 0 119
      vertex 113.72 0.0768585 0
      vertex 114.5 0 0
    endloop
  endfacet
  facet normal -0.772669 -0.634809 0
    outer loop
      vertex 111.672 1.17157 0
      vertex 111.174 1.77772 119
      vertex 111.174 1.77772 0
    endloop
  endfacet
  facet normal -0.772669 -0.634809 0
    outer loop
      vertex 111.174 1.77772 119
      vertex 111.672 1.17157 0
      vertex 111.672 1.17157 119
    endloop
  endfacet
  facet normal -0.290063 -0.957008 0
    outer loop
      vertex 112.969 0.304482 0
      vertex 113.72 0.0768585 119
      vertex 112.969 0.304482 119
    endloop
  endfacet
  facet normal -0.290063 -0.957008 -0
    outer loop
      vertex 113.72 0.0768585 119
      vertex 112.969 0.304482 0
      vertex 113.72 0.0768585 0
    endloop
  endfacet
  facet normal -0.881731 -0.471753 0
    outer loop
      vertex 111.174 1.77772 0
      vertex 110.804 2.46927 119
      vertex 110.804 2.46927 0
    endloop
  endfacet
  facet normal -0.881731 -0.471753 0
    outer loop
      vertex 110.804 2.46927 119
      vertex 111.174 1.77772 0
      vertex 111.174 1.77772 119
    endloop
  endfacet
  facet normal 0.957161 -0.289558 0
    outer loop
      vertex 122.696 2.46927 119
      vertex 122.923 3.21964 0
      vertex 122.923 3.21964 119
    endloop
  endfacet
  facet normal 0.957161 -0.289558 0
    outer loop
      vertex 122.923 3.21964 0
      vertex 122.696 2.46927 119
      vertex 122.696 2.46927 0
    endloop
  endfacet
  facet normal -0.772644 0.63484 0
    outer loop
      vertex 111.174 81.2223 0
      vertex 111.672 81.8284 119
      vertex 111.672 81.8284 0
    endloop
  endfacet
  facet normal -0.772644 0.63484 0
    outer loop
      vertex 111.672 81.8284 119
      vertex 111.174 81.2223 0
      vertex 111.174 81.2223 119
    endloop
  endfacet
  facet normal -0.634483 -0.772937 0
    outer loop
      vertex 111.672 1.17157 0
      vertex 112.278 0.674121 119
      vertex 111.672 1.17157 119
    endloop
  endfacet
  facet normal -0.634483 -0.772937 -0
    outer loop
      vertex 112.278 0.674121 119
      vertex 111.672 1.17157 0
      vertex 112.278 0.674121 0
    endloop
  endfacet
  facet normal -0.471648 0.881787 0
    outer loop
      vertex 112.969 82.6955 0
      vertex 112.278 82.3259 119
      vertex 112.969 82.6955 119
    endloop
  endfacet
  facet normal -0.471648 0.881787 0
    outer loop
      vertex 112.278 82.3259 119
      vertex 112.969 82.6955 0
      vertex 112.278 82.3259 0
    endloop
  endfacet
  facet normal -0.881745 0.471726 0
    outer loop
      vertex 110.804 80.5307 0
      vertex 111.174 81.2223 119
      vertex 111.174 81.2223 0
    endloop
  endfacet
  facet normal -0.881745 0.471726 0
    outer loop
      vertex 111.174 81.2223 119
      vertex 110.804 80.5307 0
      vertex 110.804 80.5307 119
    endloop
  endfacet
  facet normal 0 0 1
    outer loop
      vertex 119 83 119
      vertex 123 79 119
      vertex 122.923 79.7804 119
    endloop
  endfacet
  facet normal 0 0 1
    outer loop
      vertex 123 79 119
      vertex 110.5 79 119
      vertex 123 4 119
    endloop
  endfacet
  facet normal 0 0 1
    outer loop
      vertex 119 83 119
      vertex 122.923 79.7804 119
      vertex 122.696 80.5307 119
    endloop
  endfacet
  facet normal 0 0 1
    outer loop
      vertex 110.5 4 119
      vertex 123 4 119
      vertex 110.5 79 119
    endloop
  endfacet
  facet normal 0 0 1
    outer loop
      vertex 119 83 119
      vertex 122.696 80.5307 119
      vertex 122.326 81.2223 119
    endloop
  endfacet
  facet normal 0 -0 1
    outer loop
      vertex 119 0 119
      vertex 123 4 119
      vertex 110.5 4 119
    endloop
  endfacet
  facet normal 0 0 1
    outer loop
      vertex 119 83 119
      vertex 122.326 81.2223 119
      vertex 121.828 81.8284 119
    endloop
  endfacet
  facet normal 0 0 1
    outer loop
      vertex 123 4 119
      vertex 119 0 119
      vertex 122.923 3.21964 119
    endloop
  endfacet
  facet normal 0 0 1
    outer loop
      vertex 119 83 119
      vertex 121.828 81.8284 119
      vertex 121.222 82.3259 119
    endloop
  endfacet
  facet normal 0 0 1
    outer loop
      vertex 122.923 3.21964 119
      vertex 119 0 119
      vertex 122.696 2.46927 119
    endloop
  endfacet
  facet normal 0 0 1
    outer loop
      vertex 119 83 119
      vertex 121.222 82.3259 119
      vertex 120.531 82.6955 119
    endloop
  endfacet
  facet normal 0 0 1
    outer loop
      vertex 122.696 2.46927 119
      vertex 119 0 119
      vertex 122.326 1.77772 119
    endloop
  endfacet
  facet normal 0 0 1
    outer loop
      vertex 119 83 119
      vertex 120.531 82.6955 119
      vertex 119.78 82.9231 119
    endloop
  endfacet
  facet normal 0 0 1
    outer loop
      vertex 122.326 1.77772 119
      vertex 119 0 119
      vertex 121.828 1.17157 119
    endloop
  endfacet
  facet normal 0 0 1
    outer loop
      vertex 123 79 119
      vertex 119 83 119
      vertex 110.5 79 119
    endloop
  endfacet
  facet normal 0 0 1
    outer loop
      vertex 121.828 1.17157 119
      vertex 119 0 119
      vertex 121.222 0.674121 119
    endloop
  endfacet
  facet normal 0 0 1
    outer loop
      vertex 110.5 79 119
      vertex 119 83 119
      vertex 114.5 83 119
    endloop
  endfacet
  facet normal 0 0 1
    outer loop
      vertex 121.222 0.674121 119
      vertex 119 0 119
      vertex 120.531 0.304482 119
    endloop
  endfacet
  facet normal 0 0 1
    outer loop
      vertex 110.5 79 119
      vertex 114.5 83 119
      vertex 113.72 82.9231 119
    endloop
  endfacet
  facet normal 0 0 1
    outer loop
      vertex 120.531 0.304482 119
      vertex 119 0 119
      vertex 119.78 0.0768585 119
    endloop
  endfacet
  facet normal 0 0 1
    outer loop
      vertex 110.5 79 119
      vertex 113.72 82.9231 119
      vertex 112.969 82.6955 119
    endloop
  endfacet
  facet normal 0 0 1
    outer loop
      vertex 119 0 119
      vertex 110.5 4 119
      vertex 114.5 0 119
    endloop
  endfacet
  facet normal 0 0 1
    outer loop
      vertex 110.5 79 119
      vertex 112.969 82.6955 119
      vertex 112.278 82.3259 119
    endloop
  endfacet
  facet normal 0 0 1
    outer loop
      vertex 114.5 0 119
      vertex 110.5 4 119
      vertex 113.72 0.0768585 119
    endloop
  endfacet
  facet normal 0 0 1
    outer loop
      vertex 110.5 79 119
      vertex 112.278 82.3259 119
      vertex 111.672 81.8284 119
    endloop
  endfacet
  facet normal 0 0 1
    outer loop
      vertex 113.72 0.0768585 119
      vertex 110.5 4 119
      vertex 112.969 0.304482 119
    endloop
  endfacet
  facet normal 0 0 1
    outer loop
      vertex 110.5 79 119
      vertex 111.672 81.8284 119
      vertex 111.174 81.2223 119
    endloop
  endfacet
  facet normal 0 0 1
    outer loop
      vertex 112.969 0.304482 119
      vertex 110.5 4 119
      vertex 112.278 0.674121 119
    endloop
  endfacet
  facet normal 0 0 1
    outer loop
      vertex 110.5 79 119
      vertex 111.174 81.2223 119
      vertex 110.804 80.5307 119
    endloop
  endfacet
  facet normal 0 0 1
    outer loop
      vertex 112.278 0.674121 119
      vertex 110.5 4 119
      vertex 111.672 1.17157 119
    endloop
  endfacet
  facet normal 0 0 1
    outer loop
      vertex 110.5 79 119
      vertex 110.804 80.5307 119
      vertex 110.577 79.7804 119
    endloop
  endfacet
  facet normal 0 0 1
    outer loop
      vertex 111.672 1.17157 119
      vertex 110.5 4 119
      vertex 111.174 1.77772 119
    endloop
  endfacet
  facet normal 0 0 1
    outer loop
      vertex 111.174 1.77772 119
      vertex 110.5 4 119
      vertex 110.804 2.46927 119
    endloop
  endfacet
  facet normal 0 0 1
    outer loop
      vertex 110.804 2.46927 119
      vertex 110.5 4 119
      vertex 110.577 3.21964 119
    endloop
  endfacet
  facet normal 0.290063 -0.957008 0
    outer loop
      vertex 119.78 0.0768585 0
      vertex 120.531 0.304482 119
      vertex 119.78 0.0768585 119
    endloop
  endfacet
  facet normal 0.290063 -0.957008 0
    outer loop
      vertex 120.531 0.304482 119
      vertex 119.78 0.0768585 0
      vertex 120.531 0.304482 0
    endloop
  endfacet
  facet normal -0.957153 0.289582 0
    outer loop
      vertex 110.577 79.7804 0
      vertex 110.804 80.5307 119
      vertex 110.804 80.5307 0
    endloop
  endfacet
  facet normal -0.957153 0.289582 0
    outer loop
      vertex 110.804 80.5307 119
      vertex 110.577 79.7804 0
      vertex 110.577 79.7804 119
    endloop
  endfacet
  facet normal 0 0 -1
    outer loop
      vertex 119 0 0
      vertex 123 4 0
      vertex 122.923 3.21964 0
    endloop
  endfacet
  facet normal 0 0 -1
    outer loop
      vertex 123 4 0
      vertex 110.5 4 0
      vertex 123 79 0
    endloop
  endfacet
  facet normal 0 0 -1
    outer loop
      vertex 119 0 0
      vertex 122.923 3.21964 0
      vertex 122.696 2.46927 0
    endloop
  endfacet
  facet normal 0 0 -1
    outer loop
      vertex 110.5 79 0
      vertex 123 79 0
      vertex 110.5 4 0
    endloop
  endfacet
  facet normal 0 0 -1
    outer loop
      vertex 119 0 0
      vertex 122.696 2.46927 0
      vertex 122.326 1.77772 0
    endloop
  endfacet
  facet normal 0 -0 -1
    outer loop
      vertex 119 83 0
      vertex 123 79 0
      vertex 110.5 79 0
    endloop
  endfacet
  facet normal 0 0 -1
    outer loop
      vertex 119 0 0
      vertex 122.326 1.77772 0
      vertex 121.828 1.17157 0
    endloop
  endfacet
  facet normal 0 0 -1
    outer loop
      vertex 123 79 0
      vertex 119 83 0
      vertex 122.923 79.7804 0
    endloop
  endfacet
  facet normal 0 0 -1
    outer loop
      vertex 119 0 0
      vertex 121.828 1.17157 0
      vertex 121.222 0.674121 0
    endloop
  endfacet
  facet normal 0 0 -1
    outer loop
      vertex 122.923 79.7804 0
      vertex 119 83 0
      vertex 122.696 80.5307 0
    endloop
  endfacet
  facet normal 0 0 -1
    outer loop
      vertex 119 0 0
      vertex 121.222 0.674121 0
      vertex 120.531 0.304482 0
    endloop
  endfacet
  facet normal 0 0 -1
    outer loop
      vertex 122.696 80.5307 0
      vertex 119 83 0
      vertex 122.326 81.2223 0
    endloop
  endfacet
  facet normal 0 0 -1
    outer loop
      vertex 119 0 0
      vertex 120.531 0.304482 0
      vertex 119.78 0.0768585 0
    endloop
  endfacet
  facet normal 0 0 -1
    outer loop
      vertex 122.326 81.2223 0
      vertex 119 83 0
      vertex 121.828 81.8284 0
    endloop
  endfacet
  facet normal -0 0 -1
    outer loop
      vertex 123 4 0
      vertex 119 0 0
      vertex 110.5 4 0
    endloop
  endfacet
  facet normal 0 0 -1
    outer loop
      vertex 121.828 81.8284 0
      vertex 119 83 0
      vertex 121.222 82.3259 0
    endloop
  endfacet
  facet normal 0 0 -1
    outer loop
      vertex 110.5 4 0
      vertex 119 0 0
      vertex 114.5 0 0
    endloop
  endfacet
  facet normal 0 0 -1
    outer loop
      vertex 121.222 82.3259 0
      vertex 119 83 0
      vertex 120.531 82.6955 0
    endloop
  endfacet
  facet normal 0 0 -1
    outer loop
      vertex 110.5 4 0
      vertex 114.5 0 0
      vertex 113.72 0.0768585 0
    endloop
  endfacet
  facet normal 0 0 -1
    outer loop
      vertex 120.531 82.6955 0
      vertex 119 83 0
      vertex 119.78 82.9231 0
    endloop
  endfacet
  facet normal 0 0 -1
    outer loop
      vertex 110.5 4 0
      vertex 113.72 0.0768585 0
      vertex 112.969 0.304482 0
    endloop
  endfacet
  facet normal -0 0 -1
    outer loop
      vertex 119 83 0
      vertex 110.5 79 0
      vertex 114.5 83 0
    endloop
  endfacet
  facet normal 0 0 -1
    outer loop
      vertex 110.5 4 0
      vertex 112.969 0.304482 0
      vertex 112.278 0.674121 0
    endloop
  endfacet
  facet normal 0 0 -1
    outer loop
      vertex 114.5 83 0
      vertex 110.5 79 0
      vertex 113.72 82.9231 0
    endloop
  endfacet
  facet normal 0 0 -1
    outer loop
      vertex 110.5 4 0
      vertex 112.278 0.674121 0
      vertex 111.672 1.17157 0
    endloop
  endfacet
  facet normal 0 0 -1
    outer loop
      vertex 113.72 82.9231 0
      vertex 110.5 79 0
      vertex 112.969 82.6955 0
    endloop
  endfacet
  facet normal 0 0 -1
    outer loop
      vertex 110.5 4 0
      vertex 111.672 1.17157 0
      vertex 111.174 1.77772 0
    endloop
  endfacet
  facet normal 0 0 -1
    outer loop
      vertex 112.969 82.6955 0
      vertex 110.5 79 0
      vertex 112.278 82.3259 0
    endloop
  endfacet
  facet normal 0 0 -1
    outer loop
      vertex 110.5 4 0
      vertex 111.174 1.77772 0
      vertex 110.804 2.46927 0
    endloop
  endfacet
  facet normal 0 0 -1
    outer loop
      vertex 112.278 82.3259 0
      vertex 110.5 79 0
      vertex 111.672 81.8284 0
    endloop
  endfacet
  facet normal 0 0 -1
    outer loop
      vertex 110.5 4 0
      vertex 110.804 2.46927 0
      vertex 110.577 3.21964 0
    endloop
  endfacet
  facet normal 0 0 -1
    outer loop
      vertex 111.672 81.8284 0
      vertex 110.5 79 0
      vertex 111.174 81.2223 0
    endloop
  endfacet
  facet normal 0 0 -1
    outer loop
      vertex 111.174 81.2223 0
      vertex 110.5 79 0
      vertex 110.804 80.5307 0
    endloop
  endfacet
  facet normal 0 0 -1
    outer loop
      vertex 110.804 80.5307 0
      vertex 110.5 79 0
      vertex 110.577 79.7804 0
    endloop
  endfacet
  facet normal -1 0 0
    outer loop
      vertex 118.6 12.6 24
      vertex 118.6 69.72 91.2
      vertex 118.6 69.72 24
    endloop
  endfacet
  facet normal -1 -0 0
    outer loop
      vertex 118.6 69.72 91.2
      vertex 118.6 12.6 24
      vertex 118.6 12.6 91.2
    endloop
  endfacet
  facet normal 0 0 -1
    outer loop
      vertex 116.05 13.7 91.2
      vertex 118.6 12.6 91.2
      vertex 116.05 12.6 91.2
    endloop
  endfacet
  facet normal 0 0 0
    outer loop
      vertex 118.6 12.6 91.2
      vertex 115 12.6 91.2
      vertex 116.05 12.6 91.2
    endloop
  endfacet
  facet normal 0 0 -1
    outer loop
      vertex 114.9 12.6 91.2
      vertex 115 13.7 91.2
      vertex 115 12.6 91.2
    endloop
  endfacet
  facet normal -0 0 -1
    outer loop
      vertex 115 13.7 91.2
      vertex 114.9 12.6 91.2
      vertex 115 26.88 91.2
    endloop
  endfacet
  facet normal -0 0 -1
    outer loop
      vertex 115 26.88 91.2
      vertex 114.9 12.6 91.2
      vertex 115 27.98 91.2
    endloop
  endfacet
  facet normal -0 0 -1
    outer loop
      vertex 115 27.98 91.2
      vertex 114.9 12.6 91.2
      vertex 115 41.16 91.2
    endloop
  endfacet
  facet normal -0 0 -1
    outer loop
      vertex 115 41.16 91.2
      vertex 114.9 12.6 91.2
      vertex 115 42.26 91.2
    endloop
  endfacet
  facet normal -0 0 -1
    outer loop
      vertex 115 42.26 91.2
      vertex 114.9 12.6 91.2
      vertex 115 55.44 91.2
    endloop
  endfacet
  facet normal -0 0 -1
    outer loop
      vertex 115 55.44 91.2
      vertex 114.9 12.6 91.2
      vertex 115 56.54 91.2
    endloop
  endfacet
  facet normal 0 0 0
    outer loop
      vertex 114.9 12.6 91.2
      vertex 115 12.6 91.2
      vertex 118.6 12.6 91.2
    endloop
  endfacet
  facet normal 0 0 -1
    outer loop
      vertex 114.9 69.72 91.2
      vertex 115 56.54 91.2
      vertex 114.9 12.6 91.2
    endloop
  endfacet
  facet normal 0 0 -1
    outer loop
      vertex 115 56.54 91.2
      vertex 114.9 69.72 91.2
      vertex 115 69.72 91.2
    endloop
  endfacet
  facet normal 0 0 -1
    outer loop
      vertex 116.05 26.88 91.2
      vertex 118.6 12.6 91.2
      vertex 116.05 13.7 91.2
    endloop
  endfacet
  facet normal 0 0 -1
    outer loop
      vertex 116.05 27.98 91.2
      vertex 118.6 12.6 91.2
      vertex 116.05 26.88 91.2
    endloop
  endfacet
  facet normal 0 0 -1
    outer loop
      vertex 116.05 41.16 91.2
      vertex 118.6 12.6 91.2
      vertex 116.05 27.98 91.2
    endloop
  endfacet
  facet normal 0 0 -1
    outer loop
      vertex 118.6 12.6 91.2
      vertex 116.05 41.16 91.2
      vertex 118.6 69.72 91.2
    endloop
  endfacet
  facet normal 0 0 -1
    outer loop
      vertex 116.05 42.26 91.2
      vertex 118.6 69.72 91.2
      vertex 116.05 41.16 91.2
    endloop
  endfacet
  facet normal 0 0 -1
    outer loop
      vertex 116.05 55.44 91.2
      vertex 118.6 69.72 91.2
      vertex 116.05 42.26 91.2
    endloop
  endfacet
  facet normal 0 0 -1
    outer loop
      vertex 116.05 56.54 91.2
      vertex 118.6 69.72 91.2
      vertex 116.05 55.44 91.2
    endloop
  endfacet
  facet normal -0 0 -1
    outer loop
      vertex 118.6 69.72 91.2
      vertex 116.05 56.54 91.2
      vertex 116.05 69.72 91.2
    endloop
  endfacet
  facet normal 0 0 -1
    outer loop
      vertex 115 56.54 91.2
      vertex 116.05 69.72 91.2
      vertex 116.05 56.54 91.2
    endloop
  endfacet
  facet normal -0 0 -1
    outer loop
      vertex 116.05 69.72 91.2
      vertex 115 56.54 91.2
      vertex 115 69.72 91.2
    endloop
  endfacet
  facet normal 0 0 -1
    outer loop
      vertex 115 42.26 91.2
      vertex 116.05 55.44 91.2
      vertex 116.05 42.26 91.2
    endloop
  endfacet
  facet normal -0 0 -1
    outer loop
      vertex 116.05 55.44 91.2
      vertex 115 42.26 91.2
      vertex 115 55.44 91.2
    endloop
  endfacet
  facet normal 0 0 -1
    outer loop
      vertex 115 27.98 91.2
      vertex 116.05 41.16 91.2
      vertex 116.05 27.98 91.2
    endloop
  endfacet
  facet normal -0 0 -1
    outer loop
      vertex 116.05 41.16 91.2
      vertex 115 27.98 91.2
      vertex 115 41.16 91.2
    endloop
  endfacet
  facet normal 0 0 -1
    outer loop
      vertex 115 13.7 91.2
      vertex 116.05 26.88 91.2
      vertex 116.05 13.7 91.2
    endloop
  endfacet
  facet normal -0 0 -1
    outer loop
      vertex 116.05 26.88 91.2
      vertex 115 13.7 91.2
      vertex 115 26.88 91.2
    endloop
  endfacet
  facet normal 0 0 1
    outer loop
      vertex 115 69.72 24
      vertex 114.9 69.72 24
      vertex 115 12.6 24
    endloop
  endfacet
  facet normal -0 0 1
    outer loop
      vertex 116.05 69.72 24
      vertex 118.6 12.6 24
      vertex 118.6 69.72 24
    endloop
  endfacet
  facet normal 0 0 1
    outer loop
      vertex 116.05 12.6 24
      vertex 118.6 12.6 24
      vertex 116.05 69.72 24
    endloop
  endfacet
  facet normal 0 0 0
    outer loop
      vertex 115 12.6 24
      vertex 118.6 12.6 24
      vertex 116.05 12.6 24
    endloop
  endfacet
  facet normal 0 0 -0
    outer loop
      vertex 115 12.6 24
      vertex 114.9 12.6 24
      vertex 118.6 12.6 24
    endloop
  endfacet
  facet normal 0 0 1
    outer loop
      vertex 114.9 12.6 24
      vertex 115 12.6 24
      vertex 114.9 69.72 24
    endloop
  endfacet
  facet normal 1 -0 0
    outer loop
      vertex 114.9 12.6 91.2
      vertex 114.9 69.72 24
      vertex 114.9 69.72 91.2
    endloop
  endfacet
  facet normal 1 0 0
    outer loop
      vertex 114.9 69.72 24
      vertex 114.9 12.6 91.2
      vertex 114.9 12.6 24
    endloop
  endfacet
  facet normal 0 -1 0
    outer loop
      vertex 115 69.72 78.86
      vertex 115 69.72 91.2
      vertex 114.9 69.72 91.2
    endloop
  endfacet
  facet normal 0 -1 0
    outer loop
      vertex 115 69.72 91.2
      vertex 116.05 69.72 78.86
      vertex 116.05 69.72 91.2
    endloop
  endfacet
  facet normal 0 -1 0
    outer loop
      vertex 115 69.72 91.2
      vertex 115 69.72 78.86
      vertex 116.05 69.72 78.86
    endloop
  endfacet
  facet normal 0 -1 0
    outer loop
      vertex 114.9 69.72 91.2
      vertex 115 69.72 77.76
      vertex 115 69.72 78.86
    endloop
  endfacet
  facet normal 0 -1 0
    outer loop
      vertex 115 69.72 77.76
      vertex 115 69.72 65.42
      vertex 116.05 69.72 77.76
    endloop
  endfacet
  facet normal 0 -1 0
    outer loop
      vertex 114.9 69.72 91.2
      vertex 115 69.72 65.42
      vertex 115 69.72 77.76
    endloop
  endfacet
  facet normal 0 -1 0
    outer loop
      vertex 114.9 69.72 91.2
      vertex 115 69.72 64.32
      vertex 115 69.72 65.42
    endloop
  endfacet
  facet normal 0 -1 0
    outer loop
      vertex 115 69.72 64.32
      vertex 115 69.72 51.98
      vertex 116.05 69.72 64.32
    endloop
  endfacet
  facet normal 0 -1 0
    outer loop
      vertex 114.9 69.72 91.2
      vertex 115 69.72 51.98
      vertex 115 69.72 64.32
    endloop
  endfacet
  facet normal 0 -1 0
    outer loop
      vertex 114.9 69.72 91.2
      vertex 115 69.72 50.88
      vertex 115 69.72 51.98
    endloop
  endfacet
  facet normal 0 -1 0
    outer loop
      vertex 115 69.72 50.88
      vertex 115 69.72 38.54
      vertex 116.05 69.72 50.88
    endloop
  endfacet
  facet normal 0 -1 0
    outer loop
      vertex 114.9 69.72 91.2
      vertex 115 69.72 38.54
      vertex 115 69.72 50.88
    endloop
  endfacet
  facet normal 0 -1 0
    outer loop
      vertex 114.9 69.72 91.2
      vertex 115 69.72 37.44
      vertex 115 69.72 38.54
    endloop
  endfacet
  facet normal 0 -1 0
    outer loop
      vertex 115 69.72 37.44
      vertex 115 69.72 25.1
      vertex 116.05 69.72 37.44
    endloop
  endfacet
  facet normal 0 -1 0
    outer loop
      vertex 114.9 69.72 24
      vertex 115 69.72 37.44
      vertex 114.9 69.72 91.2
    endloop
  endfacet
  facet normal 0 -1 -0
    outer loop
      vertex 115 69.72 37.44
      vertex 114.9 69.72 24
      vertex 115 69.72 25.1
    endloop
  endfacet
  facet normal 0 -1 -0
    outer loop
      vertex 115 69.72 25.1
      vertex 114.9 69.72 24
      vertex 115 69.72 24
    endloop
  endfacet
  facet normal 0 -1 0
    outer loop
      vertex 116.05 69.72 91.2
      vertex 116.05 69.72 78.86
      vertex 118.6 69.72 91.2
    endloop
  endfacet
  facet normal 0 -1 0
    outer loop
      vertex 116.05 69.72 77.76
      vertex 118.6 69.72 91.2
      vertex 116.05 69.72 78.86
    endloop
  endfacet
  facet normal 0 -1 0
    outer loop
      vertex 116.05 69.72 65.42
      vertex 116.05 69.72 77.76
      vertex 115 69.72 65.42
    endloop
  endfacet
  facet normal 0 -1 0
    outer loop
      vertex 116.05 69.72 77.76
      vertex 116.05 69.72 65.42
      vertex 118.6 69.72 91.2
    endloop
  endfacet
  facet normal 0 -1 0
    outer loop
      vertex 116.05 69.72 64.32
      vertex 118.6 69.72 91.2
      vertex 116.05 69.72 65.42
    endloop
  endfacet
  facet normal 0 -1 0
    outer loop
      vertex 116.05 69.72 51.98
      vertex 116.05 69.72 64.32
      vertex 115 69.72 51.98
    endloop
  endfacet
  facet normal 0 -1 0
    outer loop
      vertex 116.05 69.72 64.32
      vertex 116.05 69.72 51.98
      vertex 118.6 69.72 91.2
    endloop
  endfacet
  facet normal 0 -1 0
    outer loop
      vertex 118.6 69.72 24
      vertex 116.05 69.72 51.98
      vertex 116.05 69.72 50.88
    endloop
  endfacet
  facet normal 0 -1 0
    outer loop
      vertex 116.05 69.72 38.54
      vertex 116.05 69.72 50.88
      vertex 115 69.72 38.54
    endloop
  endfacet
  facet normal 0 -1 0
    outer loop
      vertex 118.6 69.72 24
      vertex 116.05 69.72 50.88
      vertex 116.05 69.72 38.54
    endloop
  endfacet
  facet normal 0 -1 0
    outer loop
      vertex 118.6 69.72 24
      vertex 116.05 69.72 38.54
      vertex 116.05 69.72 37.44
    endloop
  endfacet
  facet normal 0 -1 0
    outer loop
      vertex 116.05 69.72 25.1
      vertex 116.05 69.72 37.44
      vertex 115 69.72 25.1
    endloop
  endfacet
  facet normal 0 -1 0
    outer loop
      vertex 118.6 69.72 24
      vertex 116.05 69.72 37.44
      vertex 116.05 69.72 25.1
    endloop
  endfacet
  facet normal 0 -1 0
    outer loop
      vertex 118.6 69.72 24
      vertex 116.05 69.72 25.1
      vertex 116.05 69.72 24
    endloop
  endfacet
  facet normal 0 -1 0
    outer loop
      vertex 116.05 69.72 51.98
      vertex 118.6 69.72 24
      vertex 118.6 69.72 91.2
    endloop
  endfacet
  facet normal 0 1 -0
    outer loop
      vertex 118.6 12.6 24
      vertex 114.9 12.6 91.2
      vertex 118.6 12.6 91.2
    endloop
  endfacet
  facet normal 0 1 0
    outer loop
      vertex 114.9 12.6 91.2
      vertex 118.6 12.6 24
      vertex 114.9 12.6 24
    endloop
  endfacet
  facet normal 1 0 0
    outer loop
      vertex 116.05 55.44 78.86
      vertex 116.05 56.54 78.86
      vertex 116.05 56.54 91.2
    endloop
  endfacet
  facet normal 1 0 0
    outer loop
      vertex 116.05 56.54 78.86
      vertex 116.05 55.44 78.86
      vertex 116.05 56.54 77.76
    endloop
  endfacet
  facet normal 1 0 0
    outer loop
      vertex 116.05 56.54 77.76
      vertex 116.05 55.44 77.76
      vertex 116.05 56.54 65.42
    endloop
  endfacet
  facet normal 1 0 0
    outer loop
      vertex 116.05 55.44 65.42
      vertex 116.05 56.54 65.42
      vertex 116.05 55.44 77.76
    endloop
  endfacet
  facet normal 1 0 0
    outer loop
      vertex 116.05 55.44 64.32
      vertex 116.05 56.54 64.32
      vertex 116.05 55.44 65.42
    endloop
  endfacet
  facet normal 1 0 0
    outer loop
      vertex 116.05 56.54 64.32
      vertex 116.05 55.44 64.32
      vertex 116.05 56.54 51.98
    endloop
  endfacet
  facet normal 1 0 0
    outer loop
      vertex 116.05 56.54 51.98
      vertex 116.05 55.44 51.98
      vertex 116.05 56.54 50.88
    endloop
  endfacet
  facet normal 1 0 0
    outer loop
      vertex 116.05 55.44 50.88
      vertex 116.05 56.54 50.88
      vertex 116.05 55.44 51.98
    endloop
  endfacet
  facet normal 1 0 0
    outer loop
      vertex 116.05 55.44 78.86
      vertex 116.05 56.54 91.2
      vertex 116.05 55.44 91.2
    endloop
  endfacet
  facet normal 1 -0 0
    outer loop
      vertex 116.05 56.54 78.86
      vertex 116.05 69.72 77.76
      vertex 116.05 69.72 78.86
    endloop
  endfacet
  facet normal 1 0 0
    outer loop
      vertex 116.05 69.72 77.76
      vertex 116.05 56.54 78.86
      vertex 116.05 56.54 77.76
    endloop
  endfacet
  facet normal 1 -0 0
    outer loop
      vertex 116.05 56.54 65.42
      vertex 116.05 69.72 64.32
      vertex 116.05 69.72 65.42
    endloop
  endfacet
  facet normal 1 0 0
    outer loop
      vertex 116.05 69.72 64.32
      vertex 116.05 56.54 65.42
      vertex 116.05 56.54 64.32
    endloop
  endfacet
  facet normal 1 -0 0
    outer loop
      vertex 116.05 56.54 51.98
      vertex 116.05 69.72 50.88
      vertex 116.05 69.72 51.98
    endloop
  endfacet
  facet normal 1 0 0
    outer loop
      vertex 116.05 69.72 50.88
      vertex 116.05 56.54 51.98
      vertex 116.05 56.54 50.88
    endloop
  endfacet
  facet normal 1 -0 0
    outer loop
      vertex 116.05 56.54 38.54
      vertex 116.05 69.72 37.44
      vertex 116.05 69.72 38.54
    endloop
  endfacet
  facet normal 1 0 0
    outer loop
      vertex 116.05 69.72 37.44
      vertex 116.05 56.54 38.54
      vertex 116.05 56.54 37.44
    endloop
  endfacet
  facet normal 1 -0 0
    outer loop
      vertex 116.05 56.54 25.1
      vertex 116.05 69.72 24
      vertex 116.05 69.72 25.1
    endloop
  endfacet
  facet normal 1 0 0
    outer loop
      vertex 116.05 56.54 77.76
      vertex 116.05 55.44 78.86
      vertex 116.05 55.44 77.76
    endloop
  endfacet
  facet normal 1 0 0
    outer loop
      vertex 116.05 56.54 65.42
      vertex 116.05 55.44 65.42
      vertex 116.05 56.54 64.32
    endloop
  endfacet
  facet normal 1 0 0
    outer loop
      vertex 116.05 55.44 51.98
      vertex 116.05 56.54 51.98
      vertex 116.05 55.44 64.32
    endloop
  endfacet
  facet normal 1 0 0
    outer loop
      vertex 116.05 56.54 50.88
      vertex 116.05 55.44 50.88
      vertex 116.05 56.54 38.54
    endloop
  endfacet
  facet normal 1 0 0
    outer loop
      vertex 116.05 55.44 38.54
      vertex 116.05 56.54 38.54
      vertex 116.05 55.44 50.88
    endloop
  endfacet
  facet normal 1 0 0
    outer loop
      vertex 116.05 56.54 38.54
      vertex 116.05 55.44 38.54
      vertex 116.05 56.54 37.44
    endloop
  endfacet
  facet normal 1 0 0
    outer loop
      vertex 116.05 55.44 37.44
      vertex 116.05 56.54 37.44
      vertex 116.05 55.44 38.54
    endloop
  endfacet
  facet normal 1 0 0
    outer loop
      vertex 116.05 56.54 37.44
      vertex 116.05 55.44 37.44
      vertex 116.05 56.54 25.1
    endloop
  endfacet
  facet normal 1 0 0
    outer loop
      vertex 116.05 55.44 25.1
      vertex 116.05 56.54 25.1
      vertex 116.05 55.44 37.44
    endloop
  endfacet
  facet normal 1 -0 0
    outer loop
      vertex 116.05 55.44 25.1
      vertex 116.05 69.72 24
      vertex 116.05 56.54 25.1
    endloop
  endfacet
  facet normal 1 -0 0
    outer loop
      vertex 116.05 42.26 25.1
      vertex 116.05 69.72 24
      vertex 116.05 55.44 25.1
    endloop
  endfacet
  facet normal 1 0 0
    outer loop
      vertex 116.05 41.16 51.98
      vertex 116.05 42.26 51.98
      vertex 116.05 41.16 64.32
    endloop
  endfacet
  facet normal 1 0 0
    outer loop
      vertex 116.05 42.26 51.98
      vertex 116.05 41.16 51.98
      vertex 116.05 42.26 50.88
    endloop
  endfacet
  facet normal 1 0 0
    outer loop
      vertex 116.05 41.16 50.88
      vertex 116.05 42.26 50.88
      vertex 116.05 41.16 51.98
    endloop
  endfacet
  facet normal 1 0 0
    outer loop
      vertex 116.05 42.26 50.88
      vertex 116.05 41.16 50.88
      vertex 116.05 42.26 38.54
    endloop
  endfacet
  facet normal 1 0 0
    outer loop
      vertex 116.05 41.16 38.54
      vertex 116.05 42.26 38.54
      vertex 116.05 41.16 50.88
    endloop
  endfacet
  facet normal 1 0 0
    outer loop
      vertex 116.05 42.26 38.54
      vertex 116.05 41.16 38.54
      vertex 116.05 42.26 37.44
    endloop
  endfacet
  facet normal 1 0 0
    outer loop
      vertex 116.05 41.16 37.44
      vertex 116.05 42.26 37.44
      vertex 116.05 41.16 38.54
    endloop
  endfacet
  facet normal 1 0 0
    outer loop
      vertex 116.05 42.26 37.44
      vertex 116.05 41.16 37.44
      vertex 116.05 42.26 25.1
    endloop
  endfacet
  facet normal 1 0 0
    outer loop
      vertex 116.05 41.16 25.1
      vertex 116.05 42.26 25.1
      vertex 116.05 41.16 37.44
    endloop
  endfacet
  facet normal 1 -0 0
    outer loop
      vertex 116.05 41.16 25.1
      vertex 116.05 69.72 24
      vertex 116.05 42.26 25.1
    endloop
  endfacet
  facet normal 1 0 0
    outer loop
      vertex 116.05 12.6 24
      vertex 116.05 41.16 25.1
      vertex 116.05 27.98 25.1
    endloop
  endfacet
  facet normal 1 0 0
    outer loop
      vertex 116.05 26.88 51.98
      vertex 116.05 27.98 51.98
      vertex 116.05 26.88 64.32
    endloop
  endfacet
  facet normal 1 0 0
    outer loop
      vertex 116.05 27.98 51.98
      vertex 116.05 26.88 51.98
      vertex 116.05 27.98 50.88
    endloop
  endfacet
  facet normal 1 0 0
    outer loop
      vertex 116.05 26.88 50.88
      vertex 116.05 27.98 50.88
      vertex 116.05 26.88 51.98
    endloop
  endfacet
  facet normal 1 0 0
    outer loop
      vertex 116.05 27.98 50.88
      vertex 116.05 26.88 50.88
      vertex 116.05 27.98 38.54
    endloop
  endfacet
  facet normal 1 0 0
    outer loop
      vertex 116.05 26.88 38.54
      vertex 116.05 27.98 38.54
      vertex 116.05 26.88 50.88
    endloop
  endfacet
  facet normal 1 0 0
    outer loop
      vertex 116.05 27.98 38.54
      vertex 116.05 26.88 38.54
      vertex 116.05 27.98 37.44
    endloop
  endfacet
  facet normal 1 0 0
    outer loop
      vertex 116.05 26.88 37.44
      vertex 116.05 27.98 37.44
      vertex 116.05 26.88 38.54
    endloop
  endfacet
  facet normal 1 0 0
    outer loop
      vertex 116.05 27.98 37.44
      vertex 116.05 26.88 37.44
      vertex 116.05 27.98 25.1
    endloop
  endfacet
  facet normal 1 0 0
    outer loop
      vertex 116.05 26.88 25.1
      vertex 116.05 27.98 25.1
      vertex 116.05 26.88 37.44
    endloop
  endfacet
  facet normal 1 0 0
    outer loop
      vertex 116.05 12.6 24
      vertex 116.05 27.98 25.1
      vertex 116.05 26.88 25.1
    endloop
  endfacet
  facet normal 1 0 0
    outer loop
      vertex 116.05 12.6 24
      vertex 116.05 26.88 25.1
      vertex 116.05 13.7 25.1
    endloop
  endfacet
  facet normal 1 0 0
    outer loop
      vertex 116.05 41.16 25.1
      vertex 116.05 12.6 24
      vertex 116.05 69.72 24
    endloop
  endfacet
  facet normal 1 0 0
    outer loop
      vertex 116.05 13.7 37.44
      vertex 116.05 12.6 24
      vertex 116.05 13.7 25.1
    endloop
  endfacet
  facet normal 1 -0 0
    outer loop
      vertex 116.05 12.6 91.2
      vertex 116.05 13.7 78.86
      vertex 116.05 13.7 91.2
    endloop
  endfacet
  facet normal 1 0 0
    outer loop
      vertex 116.05 13.7 78.86
      vertex 116.05 12.6 91.2
      vertex 116.05 13.7 77.76
    endloop
  endfacet
  facet normal 1 0 0
    outer loop
      vertex 116.05 13.7 77.76
      vertex 116.05 12.6 91.2
      vertex 116.05 13.7 65.42
    endloop
  endfacet
  facet normal 1 0 0
    outer loop
      vertex 116.05 13.7 65.42
      vertex 116.05 12.6 91.2
      vertex 116.05 13.7 64.32
    endloop
  endfacet
  facet normal 1 0 0
    outer loop
      vertex 116.05 13.7 64.32
      vertex 116.05 12.6 91.2
      vertex 116.05 13.7 51.98
    endloop
  endfacet
  facet normal 1 0 0
    outer loop
      vertex 116.05 12.6 24
      vertex 116.05 13.7 51.98
      vertex 116.05 12.6 91.2
    endloop
  endfacet
  facet normal 1 0 0
    outer loop
      vertex 116.05 13.7 51.98
      vertex 116.05 12.6 24
      vertex 116.05 13.7 50.88
    endloop
  endfacet
  facet normal 1 0 0
    outer loop
      vertex 116.05 13.7 50.88
      vertex 116.05 12.6 24
      vertex 116.05 13.7 38.54
    endloop
  endfacet
  facet normal 1 0 0
    outer loop
      vertex 116.05 13.7 38.54
      vertex 116.05 12.6 24
      vertex 116.05 13.7 37.44
    endloop
  endfacet
  facet normal 1 -0 0
    outer loop
      vertex 116.05 13.7 38.54
      vertex 116.05 26.88 37.44
      vertex 116.05 26.88 38.54
    endloop
  endfacet
  facet normal 1 0 0
    outer loop
      vertex 116.05 26.88 37.44
      vertex 116.05 13.7 38.54
      vertex 116.05 13.7 37.44
    endloop
  endfacet
  facet normal 1 -0 0
    outer loop
      vertex 116.05 13.7 51.98
      vertex 116.05 26.88 50.88
      vertex 116.05 26.88 51.98
    endloop
  endfacet
  facet normal 1 0 0
    outer loop
      vertex 116.05 26.88 50.88
      vertex 116.05 13.7 51.98
      vertex 116.05 13.7 50.88
    endloop
  endfacet
  facet normal 1 -0 0
    outer loop
      vertex 116.05 13.7 65.42
      vertex 116.05 26.88 64.32
      vertex 116.05 26.88 65.42
    endloop
  endfacet
  facet normal 1 0 0
    outer loop
      vertex 116.05 26.88 64.32
      vertex 116.05 13.7 65.42
      vertex 116.05 13.7 64.32
    endloop
  endfacet
  facet normal 1 -0 0
    outer loop
      vertex 116.05 13.7 78.86
      vertex 116.05 26.88 77.76
      vertex 116.05 26.88 78.86
    endloop
  endfacet
  facet normal 1 0 0
    outer loop
      vertex 116.05 26.88 77.76
      vertex 116.05 13.7 78.86
      vertex 116.05 13.7 77.76
    endloop
  endfacet
  facet normal 1 -0 0
    outer loop
      vertex 116.05 26.88 91.2
      vertex 116.05 27.98 78.86
      vertex 116.05 27.98 91.2
    endloop
  endfacet
  facet normal 1 0 0
    outer loop
      vertex 116.05 26.88 78.86
      vertex 116.05 27.98 78.86
      vertex 116.05 26.88 91.2
    endloop
  endfacet
  facet normal 1 0 0
    outer loop
      vertex 116.05 27.98 78.86
      vertex 116.05 26.88 78.86
      vertex 116.05 27.98 77.76
    endloop
  endfacet
  facet normal 1 0 0
    outer loop
      vertex 116.05 26.88 77.76
      vertex 116.05 27.98 77.76
      vertex 116.05 26.88 78.86
    endloop
  endfacet
  facet normal 1 0 0
    outer loop
      vertex 116.05 27.98 77.76
      vertex 116.05 26.88 77.76
      vertex 116.05 27.98 65.42
    endloop
  endfacet
  facet normal 1 0 0
    outer loop
      vertex 116.05 26.88 65.42
      vertex 116.05 27.98 65.42
      vertex 116.05 26.88 77.76
    endloop
  endfacet
  facet normal 1 0 0
    outer loop
      vertex 116.05 27.98 65.42
      vertex 116.05 26.88 65.42
      vertex 116.05 27.98 64.32
    endloop
  endfacet
  facet normal 1 0 0
    outer loop
      vertex 116.05 26.88 64.32
      vertex 116.05 27.98 64.32
      vertex 116.05 26.88 65.42
    endloop
  endfacet
  facet normal 1 0 0
    outer loop
      vertex 116.05 27.98 64.32
      vertex 116.05 26.88 64.32
      vertex 116.05 27.98 51.98
    endloop
  endfacet
  facet normal 1 -0 0
    outer loop
      vertex 116.05 27.98 38.54
      vertex 116.05 41.16 37.44
      vertex 116.05 41.16 38.54
    endloop
  endfacet
  facet normal 1 0 0
    outer loop
      vertex 116.05 41.16 37.44
      vertex 116.05 27.98 38.54
      vertex 116.05 27.98 37.44
    endloop
  endfacet
  facet normal 1 -0 0
    outer loop
      vertex 116.05 27.98 51.98
      vertex 116.05 41.16 50.88
      vertex 116.05 41.16 51.98
    endloop
  endfacet
  facet normal 1 0 0
    outer loop
      vertex 116.05 41.16 50.88
      vertex 116.05 27.98 51.98
      vertex 116.05 27.98 50.88
    endloop
  endfacet
  facet normal 1 -0 0
    outer loop
      vertex 116.05 27.98 65.42
      vertex 116.05 41.16 64.32
      vertex 116.05 41.16 65.42
    endloop
  endfacet
  facet normal 1 0 0
    outer loop
      vertex 116.05 41.16 64.32
      vertex 116.05 27.98 65.42
      vertex 116.05 27.98 64.32
    endloop
  endfacet
  facet normal 1 -0 0
    outer loop
      vertex 116.05 27.98 78.86
      vertex 116.05 41.16 77.76
      vertex 116.05 41.16 78.86
    endloop
  endfacet
  facet normal 1 0 0
    outer loop
      vertex 116.05 41.16 77.76
      vertex 116.05 27.98 78.86
      vertex 116.05 27.98 77.76
    endloop
  endfacet
  facet normal 1 -0 0
    outer loop
      vertex 116.05 41.16 91.2
      vertex 116.05 42.26 78.86
      vertex 116.05 42.26 91.2
    endloop
  endfacet
  facet normal 1 0 0
    outer loop
      vertex 116.05 41.16 78.86
      vertex 116.05 42.26 78.86
      vertex 116.05 41.16 91.2
    endloop
  endfacet
  facet normal 1 0 0
    outer loop
      vertex 116.05 42.26 78.86
      vertex 116.05 41.16 78.86
      vertex 116.05 42.26 77.76
    endloop
  endfacet
  facet normal 1 0 0
    outer loop
      vertex 116.05 41.16 77.76
      vertex 116.05 42.26 77.76
      vertex 116.05 41.16 78.86
    endloop
  endfacet
  facet normal 1 0 0
    outer loop
      vertex 116.05 42.26 77.76
      vertex 116.05 41.16 77.76
      vertex 116.05 42.26 65.42
    endloop
  endfacet
  facet normal 1 0 0
    outer loop
      vertex 116.05 41.16 65.42
      vertex 116.05 42.26 65.42
      vertex 116.05 41.16 77.76
    endloop
  endfacet
  facet normal 1 0 0
    outer loop
      vertex 116.05 42.26 65.42
      vertex 116.05 41.16 65.42
      vertex 116.05 42.26 64.32
    endloop
  endfacet
  facet normal 1 0 0
    outer loop
      vertex 116.05 41.16 64.32
      vertex 116.05 42.26 64.32
      vertex 116.05 41.16 65.42
    endloop
  endfacet
  facet normal 1 0 0
    outer loop
      vertex 116.05 42.26 64.32
      vertex 116.05 41.16 64.32
      vertex 116.05 42.26 51.98
    endloop
  endfacet
  facet normal 1 -0 0
    outer loop
      vertex 116.05 42.26 38.54
      vertex 116.05 55.44 37.44
      vertex 116.05 55.44 38.54
    endloop
  endfacet
  facet normal 1 0 0
    outer loop
      vertex 116.05 55.44 37.44
      vertex 116.05 42.26 38.54
      vertex 116.05 42.26 37.44
    endloop
  endfacet
  facet normal 1 -0 0
    outer loop
      vertex 116.05 42.26 51.98
      vertex 116.05 55.44 50.88
      vertex 116.05 55.44 51.98
    endloop
  endfacet
  facet normal 1 0 0
    outer loop
      vertex 116.05 55.44 50.88
      vertex 116.05 42.26 51.98
      vertex 116.05 42.26 50.88
    endloop
  endfacet
  facet normal 1 -0 0
    outer loop
      vertex 116.05 42.26 65.42
      vertex 116.05 55.44 64.32
      vertex 116.05 55.44 65.42
    endloop
  endfacet
  facet normal 1 0 0
    outer loop
      vertex 116.05 55.44 64.32
      vertex 116.05 42.26 65.42
      vertex 116.05 42.26 64.32
    endloop
  endfacet
  facet normal 1 -0 0
    outer loop
      vertex 116.05 42.26 78.86
      vertex 116.05 55.44 77.76
      vertex 116.05 55.44 78.86
    endloop
  endfacet
  facet normal 1 0 0
    outer loop
      vertex 116.05 55.44 77.76
      vertex 116.05 42.26 78.86
      vertex 116.05 42.26 77.76
    endloop
  endfacet
  facet normal -0 0 1
    outer loop
      vertex 115 69.72 25.1
      vertex 116.05 56.54 25.1
      vertex 116.05 69.72 25.1
    endloop
  endfacet
  facet normal 0 0 1
    outer loop
      vertex 116.05 56.54 25.1
      vertex 115 69.72 25.1
      vertex 115 56.54 25.1
    endloop
  endfacet
  facet normal -0 0 1
    outer loop
      vertex 115 41.16 25.1
      vertex 116.05 27.98 25.1
      vertex 116.05 41.16 25.1
    endloop
  endfacet
  facet normal 0 0 1
    outer loop
      vertex 116.05 27.98 25.1
      vertex 115 41.16 25.1
      vertex 115 27.98 25.1
    endloop
  endfacet
  facet normal -0 0 1
    outer loop
      vertex 115 26.88 25.1
      vertex 116.05 13.7 25.1
      vertex 116.05 26.88 25.1
    endloop
  endfacet
  facet normal 0 0 1
    outer loop
      vertex 116.05 13.7 25.1
      vertex 115 26.88 25.1
      vertex 115 13.7 25.1
    endloop
  endfacet
  facet normal -0 0 1
    outer loop
      vertex 115 55.44 25.1
      vertex 116.05 42.26 25.1
      vertex 116.05 55.44 25.1
    endloop
  endfacet
  facet normal 0 0 1
    outer loop
      vertex 116.05 42.26 25.1
      vertex 115 55.44 25.1
      vertex 115 42.26 25.1
    endloop
  endfacet
  facet normal -1 0 0
    outer loop
      vertex 115 13.7 77.76
      vertex 115 26.88 78.86
      vertex 115 26.88 77.76
    endloop
  endfacet
  facet normal -1 -0 0
    outer loop
      vertex 115 26.88 78.86
      vertex 115 13.7 77.76
      vertex 115 13.7 78.86
    endloop
  endfacet
  facet normal -1 0 0
    outer loop
      vertex 115 13.7 64.32
      vertex 115 26.88 65.42
      vertex 115 26.88 64.32
    endloop
  endfacet
  facet normal -1 -0 0
    outer loop
      vertex 115 26.88 65.42
      vertex 115 13.7 64.32
      vertex 115 13.7 65.42
    endloop
  endfacet
  facet normal -1 0 0
    outer loop
      vertex 115 13.7 50.88
      vertex 115 26.88 51.98
      vertex 115 26.88 50.88
    endloop
  endfacet
  facet normal -1 -0 0
    outer loop
      vertex 115 26.88 51.98
      vertex 115 13.7 50.88
      vertex 115 13.7 51.98
    endloop
  endfacet
  facet normal -1 0 0
    outer loop
      vertex 115 13.7 37.44
      vertex 115 26.88 38.54
      vertex 115 26.88 37.44
    endloop
  endfacet
  facet normal -1 -0 0
    outer loop
      vertex 115 26.88 38.54
      vertex 115 13.7 37.44
      vertex 115 13.7 38.54
    endloop
  endfacet
  facet normal -1 0 0
    outer loop
      vertex 115 27.98 77.76
      vertex 115 41.16 78.86
      vertex 115 41.16 77.76
    endloop
  endfacet
  facet normal -1 -0 0
    outer loop
      vertex 115 41.16 78.86
      vertex 115 27.98 77.76
      vertex 115 27.98 78.86
    endloop
  endfacet
  facet normal -1 0 0
    outer loop
      vertex 115 27.98 64.32
      vertex 115 41.16 65.42
      vertex 115 41.16 64.32
    endloop
  endfacet
  facet normal -1 -0 0
    outer loop
      vertex 115 41.16 65.42
      vertex 115 27.98 64.32
      vertex 115 27.98 65.42
    endloop
  endfacet
  facet normal -1 0 0
    outer loop
      vertex 115 27.98 50.88
      vertex 115 41.16 51.98
      vertex 115 41.16 50.88
    endloop
  endfacet
  facet normal -1 -0 0
    outer loop
      vertex 115 41.16 51.98
      vertex 115 27.98 50.88
      vertex 115 27.98 51.98
    endloop
  endfacet
  facet normal -1 0 0
    outer loop
      vertex 115 27.98 37.44
      vertex 115 41.16 38.54
      vertex 115 41.16 37.44
    endloop
  endfacet
  facet normal -1 -0 0
    outer loop
      vertex 115 41.16 38.54
      vertex 115 27.98 37.44
      vertex 115 27.98 38.54
    endloop
  endfacet
  facet normal -1 0 0
    outer loop
      vertex 115 42.26 77.76
      vertex 115 55.44 78.86
      vertex 115 55.44 77.76
    endloop
  endfacet
  facet normal -1 -0 0
    outer loop
      vertex 115 55.44 78.86
      vertex 115 42.26 77.76
      vertex 115 42.26 78.86
    endloop
  endfacet
  facet normal -1 0 0
    outer loop
      vertex 115 42.26 64.32
      vertex 115 55.44 65.42
      vertex 115 55.44 64.32
    endloop
  endfacet
  facet normal -1 -0 0
    outer loop
      vertex 115 55.44 65.42
      vertex 115 42.26 64.32
      vertex 115 42.26 65.42
    endloop
  endfacet
  facet normal -1 0 0
    outer loop
      vertex 115 42.26 50.88
      vertex 115 55.44 51.98
      vertex 115 55.44 50.88
    endloop
  endfacet
  facet normal -1 -0 0
    outer loop
      vertex 115 55.44 51.98
      vertex 115 42.26 50.88
      vertex 115 42.26 51.98
    endloop
  endfacet
  facet normal -1 0 0
    outer loop
      vertex 115 42.26 37.44
      vertex 115 55.44 38.54
      vertex 115 55.44 37.44
    endloop
  endfacet
  facet normal -1 -0 0
    outer loop
      vertex 115 55.44 38.54
      vertex 115 42.26 37.44
      vertex 115 42.26 38.54
    endloop
  endfacet
  facet normal -1 0 0
    outer loop
      vertex 115 69.72 24
      vertex 115 56.54 25.1
      vertex 115 69.72 25.1
    endloop
  endfacet
  facet normal -1 0 0
    outer loop
      vertex 115 55.44 37.44
      vertex 115 56.54 37.44
      vertex 115 56.54 25.1
    endloop
  endfacet
  facet normal -1 0 0
    outer loop
      vertex 115 56.54 37.44
      vertex 115 55.44 37.44
      vertex 115 56.54 38.54
    endloop
  endfacet
  facet normal -1 0 0
    outer loop
      vertex 115 56.54 38.54
      vertex 115 55.44 38.54
      vertex 115 56.54 50.88
    endloop
  endfacet
  facet normal -1 0 0
    outer loop
      vertex 115 55.44 50.88
      vertex 115 56.54 50.88
      vertex 115 55.44 38.54
    endloop
  endfacet
  facet normal -1 0 0
    outer loop
      vertex 115 55.44 51.98
      vertex 115 56.54 51.98
      vertex 115 55.44 50.88
    endloop
  endfacet
  facet normal -1 0 0
    outer loop
      vertex 115 56.54 51.98
      vertex 115 55.44 51.98
      vertex 115 56.54 64.32
    endloop
  endfacet
  facet normal -1 0 0
    outer loop
      vertex 115 56.54 64.32
      vertex 115 55.44 64.32
      vertex 115 56.54 65.42
    endloop
  endfacet
  facet normal -1 0 0
    outer loop
      vertex 115 55.44 65.42
      vertex 115 56.54 65.42
      vertex 115 55.44 64.32
    endloop
  endfacet
  facet normal -1 0 0
    outer loop
      vertex 115 55.44 37.44
      vertex 115 56.54 25.1
      vertex 115 55.44 25.1
    endloop
  endfacet
  facet normal -1 0 0
    outer loop
      vertex 115 69.72 24
      vertex 115 55.44 25.1
      vertex 115 56.54 25.1
    endloop
  endfacet
  facet normal -1 0 0
    outer loop
      vertex 115 69.72 24
      vertex 115 42.26 25.1
      vertex 115 55.44 25.1
    endloop
  endfacet
  facet normal -1 0 0
    outer loop
      vertex 115 41.16 37.44
      vertex 115 42.26 37.44
      vertex 115 42.26 25.1
    endloop
  endfacet
  facet normal -1 0 0
    outer loop
      vertex 115 42.26 37.44
      vertex 115 41.16 37.44
      vertex 115 42.26 38.54
    endloop
  endfacet
  facet normal -1 0 0
    outer loop
      vertex 115 42.26 38.54
      vertex 115 41.16 38.54
      vertex 115 42.26 50.88
    endloop
  endfacet
  facet normal -1 0 0
    outer loop
      vertex 115 41.16 50.88
      vertex 115 42.26 50.88
      vertex 115 41.16 38.54
    endloop
  endfacet
  facet normal -1 0 0
    outer loop
      vertex 115 41.16 51.98
      vertex 115 42.26 51.98
      vertex 115 41.16 50.88
    endloop
  endfacet
  facet normal -1 0 0
    outer loop
      vertex 115 42.26 51.98
      vertex 115 41.16 51.98
      vertex 115 42.26 64.32
    endloop
  endfacet
  facet normal -1 0 0
    outer loop
      vertex 115 42.26 64.32
      vertex 115 41.16 64.32
      vertex 115 42.26 65.42
    endloop
  endfacet
  facet normal -1 0 0
    outer loop
      vertex 115 41.16 65.42
      vertex 115 42.26 65.42
      vertex 115 41.16 64.32
    endloop
  endfacet
  facet normal -1 0 0
    outer loop
      vertex 115 41.16 37.44
      vertex 115 42.26 25.1
      vertex 115 41.16 25.1
    endloop
  endfacet
  facet normal -1 0 0
    outer loop
      vertex 115 69.72 24
      vertex 115 41.16 25.1
      vertex 115 42.26 25.1
    endloop
  endfacet
  facet normal -1 0 0
    outer loop
      vertex 115 12.6 24
      vertex 115 41.16 25.1
      vertex 115 69.72 24
    endloop
  endfacet
  facet normal -1 0 0
    outer loop
      vertex 115 26.88 37.44
      vertex 115 27.98 37.44
      vertex 115 27.98 25.1
    endloop
  endfacet
  facet normal -1 0 0
    outer loop
      vertex 115 27.98 37.44
      vertex 115 26.88 37.44
      vertex 115 27.98 38.54
    endloop
  endfacet
  facet normal -1 0 0
    outer loop
      vertex 115 27.98 38.54
      vertex 115 26.88 38.54
      vertex 115 27.98 50.88
    endloop
  endfacet
  facet normal -1 0 0
    outer loop
      vertex 115 26.88 50.88
      vertex 115 27.98 50.88
      vertex 115 26.88 38.54
    endloop
  endfacet
  facet normal -1 0 0
    outer loop
      vertex 115 26.88 51.98
      vertex 115 27.98 51.98
      vertex 115 26.88 50.88
    endloop
  endfacet
  facet normal -1 0 0
    outer loop
      vertex 115 27.98 51.98
      vertex 115 26.88 51.98
      vertex 115 27.98 64.32
    endloop
  endfacet
  facet normal -1 0 0
    outer loop
      vertex 115 27.98 64.32
      vertex 115 26.88 64.32
      vertex 115 27.98 65.42
    endloop
  endfacet
  facet normal -1 0 0
    outer loop
      vertex 115 26.88 65.42
      vertex 115 27.98 65.42
      vertex 115 26.88 64.32
    endloop
  endfacet
  facet normal -1 0 0
    outer loop
      vertex 115 26.88 37.44
      vertex 115 27.98 25.1
      vertex 115 26.88 25.1
    endloop
  endfacet
  facet normal -1 -0 0
    outer loop
      vertex 115 41.16 25.1
      vertex 115 12.6 24
      vertex 115 27.98 25.1
    endloop
  endfacet
  facet normal -1 -0 0
    outer loop
      vertex 115 27.98 25.1
      vertex 115 12.6 24
      vertex 115 26.88 25.1
    endloop
  endfacet
  facet normal -1 0 0
    outer loop
      vertex 115 12.6 24
      vertex 115 13.7 37.44
      vertex 115 13.7 25.1
    endloop
  endfacet
  facet normal -1 -0 0
    outer loop
      vertex 115 13.7 37.44
      vertex 115 12.6 24
      vertex 115 13.7 38.54
    endloop
  endfacet
  facet normal -1 -0 0
    outer loop
      vertex 115 13.7 38.54
      vertex 115 12.6 24
      vertex 115 13.7 50.88
    endloop
  endfacet
  facet normal -1 -0 0
    outer loop
      vertex 115 13.7 50.88
      vertex 115 12.6 24
      vertex 115 13.7 51.98
    endloop
  endfacet
  facet normal -1 -0 0
    outer loop
      vertex 115 13.7 51.98
      vertex 115 12.6 24
      vertex 115 13.7 64.32
    endloop
  endfacet
  facet normal -1 0 0
    outer loop
      vertex 115 12.6 91.2
      vertex 115 13.7 64.32
      vertex 115 12.6 24
    endloop
  endfacet
  facet normal -1 0 0
    outer loop
      vertex 115 13.7 64.32
      vertex 115 12.6 91.2
      vertex 115 13.7 65.42
    endloop
  endfacet
  facet normal -1 0 0
    outer loop
      vertex 115 13.7 65.42
      vertex 115 12.6 91.2
      vertex 115 13.7 77.76
    endloop
  endfacet
  facet normal -1 -0 0
    outer loop
      vertex 115 26.88 25.1
      vertex 115 12.6 24
      vertex 115 13.7 25.1
    endloop
  endfacet
  facet normal -1 0 0
    outer loop
      vertex 115 13.7 77.76
      vertex 115 12.6 91.2
      vertex 115 13.7 78.86
    endloop
  endfacet
  facet normal -1 0 0
    outer loop
      vertex 115 13.7 78.86
      vertex 115 12.6 91.2
      vertex 115 13.7 91.2
    endloop
  endfacet
  facet normal -1 0 0
    outer loop
      vertex 115 56.54 37.44
      vertex 115 69.72 38.54
      vertex 115 69.72 37.44
    endloop
  endfacet
  facet normal -1 -0 0
    outer loop
      vertex 115 69.72 38.54
      vertex 115 56.54 37.44
      vertex 115 56.54 38.54
    endloop
  endfacet
  facet normal -1 0 0
    outer loop
      vertex 115 56.54 50.88
      vertex 115 69.72 51.98
      vertex 115 69.72 50.88
    endloop
  endfacet
  facet normal -1 -0 0
    outer loop
      vertex 115 69.72 51.98
      vertex 115 56.54 50.88
      vertex 115 56.54 51.98
    endloop
  endfacet
  facet normal -1 0 0
    outer loop
      vertex 115 56.54 64.32
      vertex 115 69.72 65.42
      vertex 115 69.72 64.32
    endloop
  endfacet
  facet normal -1 -0 0
    outer loop
      vertex 115 69.72 65.42
      vertex 115 56.54 64.32
      vertex 115 56.54 65.42
    endloop
  endfacet
  facet normal -1 0 0
    outer loop
      vertex 115 56.54 77.76
      vertex 115 69.72 78.86
      vertex 115 69.72 77.76
    endloop
  endfacet
  facet normal -1 -0 0
    outer loop
      vertex 115 69.72 78.86
      vertex 115 56.54 77.76
      vertex 115 56.54 78.86
    endloop
  endfacet
  facet normal -1 -0 0
    outer loop
      vertex 115 56.54 38.54
      vertex 115 55.44 37.44
      vertex 115 55.44 38.54
    endloop
  endfacet
  facet normal -1 0 0
    outer loop
      vertex 115 56.54 50.88
      vertex 115 55.44 50.88
      vertex 115 56.54 51.98
    endloop
  endfacet
  facet normal -1 0 0
    outer loop
      vertex 115 55.44 64.32
      vertex 115 56.54 64.32
      vertex 115 55.44 51.98
    endloop
  endfacet
  facet normal -1 0 0
    outer loop
      vertex 115 56.54 65.42
      vertex 115 55.44 65.42
      vertex 115 56.54 77.76
    endloop
  endfacet
  facet normal -1 0 0
    outer loop
      vertex 115 55.44 77.76
      vertex 115 56.54 77.76
      vertex 115 55.44 65.42
    endloop
  endfacet
  facet normal -1 0 0
    outer loop
      vertex 115 56.54 77.76
      vertex 115 55.44 77.76
      vertex 115 56.54 78.86
    endloop
  endfacet
  facet normal -1 0 0
    outer loop
      vertex 115 55.44 78.86
      vertex 115 56.54 78.86
      vertex 115 55.44 77.76
    endloop
  endfacet
  facet normal -1 0 0
    outer loop
      vertex 115 56.54 78.86
      vertex 115 55.44 78.86
      vertex 115 56.54 91.2
    endloop
  endfacet
  facet normal -1 -0 0
    outer loop
      vertex 115 56.54 91.2
      vertex 115 55.44 78.86
      vertex 115 55.44 91.2
    endloop
  endfacet
  facet normal -1 -0 0
    outer loop
      vertex 115 42.26 38.54
      vertex 115 41.16 37.44
      vertex 115 41.16 38.54
    endloop
  endfacet
  facet normal -1 0 0
    outer loop
      vertex 115 42.26 50.88
      vertex 115 41.16 50.88
      vertex 115 42.26 51.98
    endloop
  endfacet
  facet normal -1 0 0
    outer loop
      vertex 115 41.16 64.32
      vertex 115 42.26 64.32
      vertex 115 41.16 51.98
    endloop
  endfacet
  facet normal -1 0 0
    outer loop
      vertex 115 42.26 65.42
      vertex 115 41.16 65.42
      vertex 115 42.26 77.76
    endloop
  endfacet
  facet normal -1 0 0
    outer loop
      vertex 115 41.16 77.76
      vertex 115 42.26 77.76
      vertex 115 41.16 65.42
    endloop
  endfacet
  facet normal -1 0 0
    outer loop
      vertex 115 42.26 77.76
      vertex 115 41.16 77.76
      vertex 115 42.26 78.86
    endloop
  endfacet
  facet normal -1 0 0
    outer loop
      vertex 115 41.16 78.86
      vertex 115 42.26 78.86
      vertex 115 41.16 77.76
    endloop
  endfacet
  facet normal -1 0 0
    outer loop
      vertex 115 42.26 78.86
      vertex 115 41.16 78.86
      vertex 115 42.26 91.2
    endloop
  endfacet
  facet normal -1 -0 0
    outer loop
      vertex 115 42.26 91.2
      vertex 115 41.16 78.86
      vertex 115 41.16 91.2
    endloop
  endfacet
  facet normal -1 -0 0
    outer loop
      vertex 115 27.98 38.54
      vertex 115 26.88 37.44
      vertex 115 26.88 38.54
    endloop
  endfacet
  facet normal -1 0 0
    outer loop
      vertex 115 27.98 50.88
      vertex 115 26.88 50.88
      vertex 115 27.98 51.98
    endloop
  endfacet
  facet normal -1 0 0
    outer loop
      vertex 115 26.88 64.32
      vertex 115 27.98 64.32
      vertex 115 26.88 51.98
    endloop
  endfacet
  facet normal -1 0 0
    outer loop
      vertex 115 27.98 65.42
      vertex 115 26.88 65.42
      vertex 115 27.98 77.76
    endloop
  endfacet
  facet normal -1 0 0
    outer loop
      vertex 115 26.88 77.76
      vertex 115 27.98 77.76
      vertex 115 26.88 65.42
    endloop
  endfacet
  facet normal -1 0 0
    outer loop
      vertex 115 27.98 77.76
      vertex 115 26.88 77.76
      vertex 115 27.98 78.86
    endloop
  endfacet
  facet normal -1 0 0
    outer loop
      vertex 115 26.88 78.86
      vertex 115 27.98 78.86
      vertex 115 26.88 77.76
    endloop
  endfacet
  facet normal -1 0 0
    outer loop
      vertex 115 27.98 78.86
      vertex 115 26.88 78.86
      vertex 115 27.98 91.2
    endloop
  endfacet
  facet normal -1 -0 0
    outer loop
      vertex 115 27.98 91.2
      vertex 115 26.88 78.86
      vertex 115 26.88 91.2
    endloop
  endfacet
  facet normal 0 -1 0
    outer loop
      vertex 115 12.6 24
      vertex 116.05 12.6 91.2
      vertex 115 12.6 91.2
    endloop
  endfacet
  facet normal 0 -1 -0
    outer loop
      vertex 116.05 12.6 91.2
      vertex 115 12.6 24
      vertex 116.05 12.6 24
    endloop
  endfacet
  facet normal -0 0 1
    outer loop
      vertex 115 69.72 38.54
      vertex 116.05 56.54 38.54
      vertex 116.05 69.72 38.54
    endloop
  endfacet
  facet normal 0 0 1
    outer loop
      vertex 116.05 56.54 38.54
      vertex 115 69.72 38.54
      vertex 115 56.54 38.54
    endloop
  endfacet
  facet normal -0 0 1
    outer loop
      vertex 115 41.16 38.54
      vertex 116.05 27.98 38.54
      vertex 116.05 41.16 38.54
    endloop
  endfacet
  facet normal 0 0 1
    outer loop
      vertex 116.05 27.98 38.54
      vertex 115 41.16 38.54
      vertex 115 27.98 38.54
    endloop
  endfacet
  facet normal -0 0 1
    outer loop
      vertex 115 26.88 38.54
      vertex 116.05 13.7 38.54
      vertex 116.05 26.88 38.54
    endloop
  endfacet
  facet normal 0 0 1
    outer loop
      vertex 116.05 13.7 38.54
      vertex 115 26.88 38.54
      vertex 115 13.7 38.54
    endloop
  endfacet
  facet normal -0 0 1
    outer loop
      vertex 115 55.44 38.54
      vertex 116.05 42.26 38.54
      vertex 116.05 55.44 38.54
    endloop
  endfacet
  facet normal 0 0 1
    outer loop
      vertex 116.05 42.26 38.54
      vertex 115 55.44 38.54
      vertex 115 42.26 38.54
    endloop
  endfacet
  facet normal 0 0 -1
    outer loop
      vertex 115 56.54 37.44
      vertex 116.05 69.72 37.44
      vertex 116.05 56.54 37.44
    endloop
  endfacet
  facet normal -0 0 -1
    outer loop
      vertex 116.05 69.72 37.44
      vertex 115 56.54 37.44
      vertex 115 69.72 37.44
    endloop
  endfacet
  facet normal 0 0 -1
    outer loop
      vertex 115 27.98 37.44
      vertex 116.05 41.16 37.44
      vertex 116.05 27.98 37.44
    endloop
  endfacet
  facet normal -0 0 -1
    outer loop
      vertex 116.05 41.16 37.44
      vertex 115 27.98 37.44
      vertex 115 41.16 37.44
    endloop
  endfacet
  facet normal 0 0 -1
    outer loop
      vertex 115 13.7 37.44
      vertex 116.05 26.88 37.44
      vertex 116.05 13.7 37.44
    endloop
  endfacet
  facet normal -0 0 -1
    outer loop
      vertex 116.05 26.88 37.44
      vertex 115 13.7 37.44
      vertex 115 26.88 37.44
    endloop
  endfacet
  facet normal 0 0 -1
    outer loop
      vertex 115 42.26 37.44
      vertex 116.05 55.44 37.44
      vertex 116.05 42.26 37.44
    endloop
  endfacet
  facet normal -0 0 -1
    outer loop
      vertex 116.05 55.44 37.44
      vertex 115 42.26 37.44
      vertex 115 55.44 37.44
    endloop
  endfacet
  facet normal -0 0 1
    outer loop
      vertex 115 69.72 51.98
      vertex 116.05 56.54 51.98
      vertex 116.05 69.72 51.98
    endloop
  endfacet
  facet normal 0 0 1
    outer loop
      vertex 116.05 56.54 51.98
      vertex 115 69.72 51.98
      vertex 115 56.54 51.98
    endloop
  endfacet
  facet normal -0 0 1
    outer loop
      vertex 115 41.16 51.98
      vertex 116.05 27.98 51.98
      vertex 116.05 41.16 51.98
    endloop
  endfacet
  facet normal 0 0 1
    outer loop
      vertex 116.05 27.98 51.98
      vertex 115 41.16 51.98
      vertex 115 27.98 51.98
    endloop
  endfacet
  facet normal -0 0 1
    outer loop
      vertex 115 26.88 51.98
      vertex 116.05 13.7 51.98
      vertex 116.05 26.88 51.98
    endloop
  endfacet
  facet normal 0 0 1
    outer loop
      vertex 116.05 13.7 51.98
      vertex 115 26.88 51.98
      vertex 115 13.7 51.98
    endloop
  endfacet
  facet normal -0 0 1
    outer loop
      vertex 115 55.44 51.98
      vertex 116.05 42.26 51.98
      vertex 116.05 55.44 51.98
    endloop
  endfacet
  facet normal 0 0 1
    outer loop
      vertex 116.05 42.26 51.98
      vertex 115 55.44 51.98
      vertex 115 42.26 51.98
    endloop
  endfacet
  facet normal 0 0 -1
    outer loop
      vertex 115 56.54 50.88
      vertex 116.05 69.72 50.88
      vertex 116.05 56.54 50.88
    endloop
  endfacet
  facet normal -0 0 -1
    outer loop
      vertex 116.05 69.72 50.88
      vertex 115 56.54 50.88
      vertex 115 69.72 50.88
    endloop
  endfacet
  facet normal 0 0 -1
    outer loop
      vertex 115 27.98 50.88
      vertex 116.05 41.16 50.88
      vertex 116.05 27.98 50.88
    endloop
  endfacet
  facet normal -0 0 -1
    outer loop
      vertex 116.05 41.16 50.88
      vertex 115 27.98 50.88
      vertex 115 41.16 50.88
    endloop
  endfacet
  facet normal 0 0 -1
    outer loop
      vertex 115 13.7 50.88
      vertex 116.05 26.88 50.88
      vertex 116.05 13.7 50.88
    endloop
  endfacet
  facet normal -0 0 -1
    outer loop
      vertex 116.05 26.88 50.88
      vertex 115 13.7 50.88
      vertex 115 26.88 50.88
    endloop
  endfacet
  facet normal 0 0 -1
    outer loop
      vertex 115 42.26 50.88
      vertex 116.05 55.44 50.88
      vertex 116.05 42.26 50.88
    endloop
  endfacet
  facet normal -0 0 -1
    outer loop
      vertex 116.05 55.44 50.88
      vertex 115 42.26 50.88
      vertex 115 55.44 50.88
    endloop
  endfacet
  facet normal -0 0 1
    outer loop
      vertex 115 69.72 65.42
      vertex 116.05 56.54 65.42
      vertex 116.05 69.72 65.42
    endloop
  endfacet
  facet normal 0 0 1
    outer loop
      vertex 116.05 56.54 65.42
      vertex 115 69.72 65.42
      vertex 115 56.54 65.42
    endloop
  endfacet
  facet normal -0 0 1
    outer loop
      vertex 115 41.16 65.42
      vertex 116.05 27.98 65.42
      vertex 116.05 41.16 65.42
    endloop
  endfacet
  facet normal 0 0 1
    outer loop
      vertex 116.05 27.98 65.42
      vertex 115 41.16 65.42
      vertex 115 27.98 65.42
    endloop
  endfacet
  facet normal -0 0 1
    outer loop
      vertex 115 26.88 65.42
      vertex 116.05 13.7 65.42
      vertex 116.05 26.88 65.42
    endloop
  endfacet
  facet normal 0 0 1
    outer loop
      vertex 116.05 13.7 65.42
      vertex 115 26.88 65.42
      vertex 115 13.7 65.42
    endloop
  endfacet
  facet normal -0 0 1
    outer loop
      vertex 115 55.44 65.42
      vertex 116.05 42.26 65.42
      vertex 116.05 55.44 65.42
    endloop
  endfacet
  facet normal 0 0 1
    outer loop
      vertex 116.05 42.26 65.42
      vertex 115 55.44 65.42
      vertex 115 42.26 65.42
    endloop
  endfacet
  facet normal 0 0 -1
    outer loop
      vertex 115 56.54 64.32
      vertex 116.05 69.72 64.32
      vertex 116.05 56.54 64.32
    endloop
  endfacet
  facet normal -0 0 -1
    outer loop
      vertex 116.05 69.72 64.32
      vertex 115 56.54 64.32
      vertex 115 69.72 64.32
    endloop
  endfacet
  facet normal 0 0 -1
    outer loop
      vertex 115 27.98 64.32
      vertex 116.05 41.16 64.32
      vertex 116.05 27.98 64.32
    endloop
  endfacet
  facet normal -0 0 -1
    outer loop
      vertex 116.05 41.16 64.32
      vertex 115 27.98 64.32
      vertex 115 41.16 64.32
    endloop
  endfacet
  facet normal 0 0 -1
    outer loop
      vertex 115 13.7 64.32
      vertex 116.05 26.88 64.32
      vertex 116.05 13.7 64.32
    endloop
  endfacet
  facet normal -0 0 -1
    outer loop
      vertex 116.05 26.88 64.32
      vertex 115 13.7 64.32
      vertex 115 26.88 64.32
    endloop
  endfacet
  facet normal 0 0 -1
    outer loop
      vertex 115 42.26 64.32
      vertex 116.05 55.44 64.32
      vertex 116.05 42.26 64.32
    endloop
  endfacet
  facet normal -0 0 -1
    outer loop
      vertex 116.05 55.44 64.32
      vertex 115 42.26 64.32
      vertex 115 55.44 64.32
    endloop
  endfacet
  facet normal -0 0 1
    outer loop
      vertex 115 69.72 78.86
      vertex 116.05 56.54 78.86
      vertex 116.05 69.72 78.86
    endloop
  endfacet
  facet normal 0 0 1
    outer loop
      vertex 116.05 56.54 78.86
      vertex 115 69.72 78.86
      vertex 115 56.54 78.86
    endloop
  endfacet
  facet normal -0 0 1
    outer loop
      vertex 115 55.44 78.86
      vertex 116.05 42.26 78.86
      vertex 116.05 55.44 78.86
    endloop
  endfacet
  facet normal 0 0 1
    outer loop
      vertex 116.05 42.26 78.86
      vertex 115 55.44 78.86
      vertex 115 42.26 78.86
    endloop
  endfacet
  facet normal -0 0 1
    outer loop
      vertex 115 41.16 78.86
      vertex 116.05 27.98 78.86
      vertex 116.05 41.16 78.86
    endloop
  endfacet
  facet normal 0 0 1
    outer loop
      vertex 116.05 27.98 78.86
      vertex 115 41.16 78.86
      vertex 115 27.98 78.86
    endloop
  endfacet
  facet normal -0 0 1
    outer loop
      vertex 115 26.88 78.86
      vertex 116.05 13.7 78.86
      vertex 116.05 26.88 78.86
    endloop
  endfacet
  facet normal 0 0 1
    outer loop
      vertex 116.05 13.7 78.86
      vertex 115 26.88 78.86
      vertex 115 13.7 78.86
    endloop
  endfacet
  facet normal 0 0 -1
    outer loop
      vertex 115 56.54 77.76
      vertex 116.05 69.72 77.76
      vertex 116.05 56.54 77.76
    endloop
  endfacet
  facet normal -0 0 -1
    outer loop
      vertex 116.05 69.72 77.76
      vertex 115 56.54 77.76
      vertex 115 69.72 77.76
    endloop
  endfacet
  facet normal 0 0 -1
    outer loop
      vertex 115 42.26 77.76
      vertex 116.05 55.44 77.76
      vertex 116.05 42.26 77.76
    endloop
  endfacet
  facet normal -0 0 -1
    outer loop
      vertex 116.05 55.44 77.76
      vertex 115 42.26 77.76
      vertex 115 55.44 77.76
    endloop
  endfacet
  facet normal 0 0 -1
    outer loop
      vertex 115 27.98 77.76
      vertex 116.05 41.16 77.76
      vertex 116.05 27.98 77.76
    endloop
  endfacet
  facet normal -0 0 -1
    outer loop
      vertex 116.05 41.16 77.76
      vertex 115 27.98 77.76
      vertex 115 41.16 77.76
    endloop
  endfacet
  facet normal 0 0 -1
    outer loop
      vertex 115 13.7 77.76
      vertex 116.05 26.88 77.76
      vertex 116.05 13.7 77.76
    endloop
  endfacet
  facet normal -0 0 -1
    outer loop
      vertex 116.05 26.88 77.76
      vertex 115 13.7 77.76
      vertex 115 26.88 77.76
    endloop
  endfacet
  facet normal 0 1 -0
    outer loop
      vertex 116.05 13.7 78.86
      vertex 115 13.7 91.2
      vertex 116.05 13.7 91.2
    endloop
  endfacet
  facet normal 0 1 0
    outer loop
      vertex 115 13.7 91.2
      vertex 116.05 13.7 78.86
      vertex 115 13.7 78.86
    endloop
  endfacet
  facet normal 0 1 -0
    outer loop
      vertex 116.05 13.7 38.54
      vertex 115 13.7 50.88
      vertex 116.05 13.7 50.88
    endloop
  endfacet
  facet normal 0 1 0
    outer loop
      vertex 115 13.7 50.88
      vertex 116.05 13.7 38.54
      vertex 115 13.7 38.54
    endloop
  endfacet
  facet normal 0 1 -0
    outer loop
      vertex 116.05 13.7 25.1
      vertex 115 13.7 37.44
      vertex 116.05 13.7 37.44
    endloop
  endfacet
  facet normal 0 1 0
    outer loop
      vertex 115 13.7 37.44
      vertex 116.05 13.7 25.1
      vertex 115 13.7 25.1
    endloop
  endfacet
  facet normal 0 1 -0
    outer loop
      vertex 116.05 13.7 65.42
      vertex 115 13.7 77.76
      vertex 116.05 13.7 77.76
    endloop
  endfacet
  facet normal 0 1 0
    outer loop
      vertex 115 13.7 77.76
      vertex 116.05 13.7 65.42
      vertex 115 13.7 65.42
    endloop
  endfacet
  facet normal 0 1 -0
    outer loop
      vertex 116.05 13.7 51.98
      vertex 115 13.7 64.32
      vertex 116.05 13.7 64.32
    endloop
  endfacet
  facet normal 0 1 0
    outer loop
      vertex 115 13.7 64.32
      vertex 116.05 13.7 51.98
      vertex 115 13.7 51.98
    endloop
  endfacet
  facet normal 0 1 -0
    outer loop
      vertex 116.05 27.98 78.86
      vertex 115 27.98 91.2
      vertex 116.05 27.98 91.2
    endloop
  endfacet
  facet normal 0 1 0
    outer loop
      vertex 115 27.98 91.2
      vertex 116.05 27.98 78.86
      vertex 115 27.98 78.86
    endloop
  endfacet
  facet normal 0 1 -0
    outer loop
      vertex 116.05 27.98 38.54
      vertex 115 27.98 50.88
      vertex 116.05 27.98 50.88
    endloop
  endfacet
  facet normal 0 1 0
    outer loop
      vertex 115 27.98 50.88
      vertex 116.05 27.98 38.54
      vertex 115 27.98 38.54
    endloop
  endfacet
  facet normal 0 1 -0
    outer loop
      vertex 116.05 27.98 25.1
      vertex 115 27.98 37.44
      vertex 116.05 27.98 37.44
    endloop
  endfacet
  facet normal 0 1 0
    outer loop
      vertex 115 27.98 37.44
      vertex 116.05 27.98 25.1
      vertex 115 27.98 25.1
    endloop
  endfacet
  facet normal 0 1 -0
    outer loop
      vertex 116.05 27.98 65.42
      vertex 115 27.98 77.76
      vertex 116.05 27.98 77.76
    endloop
  endfacet
  facet normal 0 1 0
    outer loop
      vertex 115 27.98 77.76
      vertex 116.05 27.98 65.42
      vertex 115 27.98 65.42
    endloop
  endfacet
  facet normal 0 1 -0
    outer loop
      vertex 116.05 27.98 51.98
      vertex 115 27.98 64.32
      vertex 116.05 27.98 64.32
    endloop
  endfacet
  facet normal 0 1 0
    outer loop
      vertex 115 27.98 64.32
      vertex 116.05 27.98 51.98
      vertex 115 27.98 51.98
    endloop
  endfacet
  facet normal 0 -1 0
    outer loop
      vertex 115 26.88 78.86
      vertex 116.05 26.88 91.2
      vertex 115 26.88 91.2
    endloop
  endfacet
  facet normal 0 -1 -0
    outer loop
      vertex 116.05 26.88 91.2
      vertex 115 26.88 78.86
      vertex 116.05 26.88 78.86
    endloop
  endfacet
  facet normal 0 -1 0
    outer loop
      vertex 115 26.88 38.54
      vertex 116.05 26.88 50.88
      vertex 115 26.88 50.88
    endloop
  endfacet
  facet normal 0 -1 -0
    outer loop
      vertex 116.05 26.88 50.88
      vertex 115 26.88 38.54
      vertex 116.05 26.88 38.54
    endloop
  endfacet
  facet normal 0 -1 0
    outer loop
      vertex 115 26.88 25.1
      vertex 116.05 26.88 37.44
      vertex 115 26.88 37.44
    endloop
  endfacet
  facet normal 0 -1 -0
    outer loop
      vertex 116.05 26.88 37.44
      vertex 115 26.88 25.1
      vertex 116.05 26.88 25.1
    endloop
  endfacet
  facet normal 0 -1 0
    outer loop
      vertex 115 26.88 65.42
      vertex 116.05 26.88 77.76
      vertex 115 26.88 77.76
    endloop
  endfacet
  facet normal 0 -1 -0
    outer loop
      vertex 116.05 26.88 77.76
      vertex 115 26.88 65.42
      vertex 116.05 26.88 65.42
    endloop
  endfacet
  facet normal 0 -1 0
    outer loop
      vertex 115 26.88 51.98
      vertex 116.05 26.88 64.32
      vertex 115 26.88 64.32
    endloop
  endfacet
  facet normal 0 -1 -0
    outer loop
      vertex 116.05 26.88 64.32
      vertex 115 26.88 51.98
      vertex 116.05 26.88 51.98
    endloop
  endfacet
  facet normal 0 1 -0
    outer loop
      vertex 116.05 42.26 78.86
      vertex 115 42.26 91.2
      vertex 116.05 42.26 91.2
    endloop
  endfacet
  facet normal 0 1 0
    outer loop
      vertex 115 42.26 91.2
      vertex 116.05 42.26 78.86
      vertex 115 42.26 78.86
    endloop
  endfacet
  facet normal 0 1 -0
    outer loop
      vertex 116.05 42.26 38.54
      vertex 115 42.26 50.88
      vertex 116.05 42.26 50.88
    endloop
  endfacet
  facet normal 0 1 0
    outer loop
      vertex 115 42.26 50.88
      vertex 116.05 42.26 38.54
      vertex 115 42.26 38.54
    endloop
  endfacet
  facet normal 0 1 -0
    outer loop
      vertex 116.05 42.26 25.1
      vertex 115 42.26 37.44
      vertex 116.05 42.26 37.44
    endloop
  endfacet
  facet normal 0 1 0
    outer loop
      vertex 115 42.26 37.44
      vertex 116.05 42.26 25.1
      vertex 115 42.26 25.1
    endloop
  endfacet
  facet normal 0 1 -0
    outer loop
      vertex 116.05 42.26 65.42
      vertex 115 42.26 77.76
      vertex 116.05 42.26 77.76
    endloop
  endfacet
  facet normal 0 1 0
    outer loop
      vertex 115 42.26 77.76
      vertex 116.05 42.26 65.42
      vertex 115 42.26 65.42
    endloop
  endfacet
  facet normal 0 1 -0
    outer loop
      vertex 116.05 42.26 51.98
      vertex 115 42.26 64.32
      vertex 116.05 42.26 64.32
    endloop
  endfacet
  facet normal 0 1 0
    outer loop
      vertex 115 42.26 64.32
      vertex 116.05 42.26 51.98
      vertex 115 42.26 51.98
    endloop
  endfacet
  facet normal 0 -1 0
    outer loop
      vertex 115 41.16 78.86
      vertex 116.05 41.16 91.2
      vertex 115 41.16 91.2
    endloop
  endfacet
  facet normal 0 -1 -0
    outer loop
      vertex 116.05 41.16 91.2
      vertex 115 41.16 78.86
      vertex 116.05 41.16 78.86
    endloop
  endfacet
  facet normal 0 -1 0
    outer loop
      vertex 115 41.16 38.54
      vertex 116.05 41.16 50.88
      vertex 115 41.16 50.88
    endloop
  endfacet
  facet normal 0 -1 -0
    outer loop
      vertex 116.05 41.16 50.88
      vertex 115 41.16 38.54
      vertex 116.05 41.16 38.54
    endloop
  endfacet
  facet normal 0 -1 0
    outer loop
      vertex 115 41.16 25.1
      vertex 116.05 41.16 37.44
      vertex 115 41.16 37.44
    endloop
  endfacet
  facet normal 0 -1 -0
    outer loop
      vertex 116.05 41.16 37.44
      vertex 115 41.16 25.1
      vertex 116.05 41.16 25.1
    endloop
  endfacet
  facet normal 0 -1 0
    outer loop
      vertex 115 41.16 65.42
      vertex 116.05 41.16 77.76
      vertex 115 41.16 77.76
    endloop
  endfacet
  facet normal 0 -1 -0
    outer loop
      vertex 116.05 41.16 77.76
      vertex 115 41.16 65.42
      vertex 116.05 41.16 65.42
    endloop
  endfacet
  facet normal 0 -1 0
    outer loop
      vertex 115 41.16 51.98
      vertex 116.05 41.16 64.32
      vertex 115 41.16 64.32
    endloop
  endfacet
  facet normal 0 -1 -0
    outer loop
      vertex 116.05 41.16 64.32
      vertex 115 41.16 51.98
      vertex 116.05 41.16 51.98
    endloop
  endfacet
  facet normal 0 1 -0
    outer loop
      vertex 116.05 56.54 78.86
      vertex 115 56.54 91.2
      vertex 116.05 56.54 91.2
    endloop
  endfacet
  facet normal 0 1 0
    outer loop
      vertex 115 56.54 91.2
      vertex 116.05 56.54 78.86
      vertex 115 56.54 78.86
    endloop
  endfacet
  facet normal 0 1 -0
    outer loop
      vertex 116.05 56.54 38.54
      vertex 115 56.54 50.88
      vertex 116.05 56.54 50.88
    endloop
  endfacet
  facet normal 0 1 0
    outer loop
      vertex 115 56.54 50.88
      vertex 116.05 56.54 38.54
      vertex 115 56.54 38.54
    endloop
  endfacet
  facet normal 0 1 -0
    outer loop
      vertex 116.05 56.54 25.1
      vertex 115 56.54 37.44
      vertex 116.05 56.54 37.44
    endloop
  endfacet
  facet normal 0 1 0
    outer loop
      vertex 115 56.54 37.44
      vertex 116.05 56.54 25.1
      vertex 115 56.54 25.1
    endloop
  endfacet
  facet normal 0 1 -0
    outer loop
      vertex 116.05 56.54 65.42
      vertex 115 56.54 77.76
      vertex 116.05 56.54 77.76
    endloop
  endfacet
  facet normal 0 1 0
    outer loop
      vertex 115 56.54 77.76
      vertex 116.05 56.54 65.42
      vertex 115 56.54 65.42
    endloop
  endfacet
  facet normal 0 1 -0
    outer loop
      vertex 116.05 56.54 51.98
      vertex 115 56.54 64.32
      vertex 116.05 56.54 64.32
    endloop
  endfacet
  facet normal 0 1 0
    outer loop
      vertex 115 56.54 64.32
      vertex 116.05 56.54 51.98
      vertex 115 56.54 51.98
    endloop
  endfacet
  facet normal 0 -1 0
    outer loop
      vertex 115 55.44 78.86
      vertex 116.05 55.44 91.2
      vertex 115 55.44 91.2
    endloop
  endfacet
  facet normal 0 -1 -0
    outer loop
      vertex 116.05 55.44 91.2
      vertex 115 55.44 78.86
      vertex 116.05 55.44 78.86
    endloop
  endfacet
  facet normal 0 -1 0
    outer loop
      vertex 115 55.44 38.54
      vertex 116.05 55.44 50.88
      vertex 115 55.44 50.88
    endloop
  endfacet
  facet normal 0 -1 -0
    outer loop
      vertex 116.05 55.44 50.88
      vertex 115 55.44 38.54
      vertex 116.05 55.44 38.54
    endloop
  endfacet
  facet normal 0 -1 0
    outer loop
      vertex 115 55.44 25.1
      vertex 116.05 55.44 37.44
      vertex 115 55.44 37.44
    endloop
  endfacet
  facet normal 0 -1 -0
    outer loop
      vertex 116.05 55.44 37.44
      vertex 115 55.44 25.1
      vertex 116.05 55.44 25.1
    endloop
  endfacet
  facet normal 0 -1 0
    outer loop
      vertex 115 55.44 65.42
      vertex 116.05 55.44 77.76
      vertex 115 55.44 77.76
    endloop
  endfacet
  facet normal 0 -1 -0
    outer loop
      vertex 116.05 55.44 77.76
      vertex 115 55.44 65.42
      vertex 116.05 55.44 65.42
    endloop
  endfacet
  facet normal 0 -1 0
    outer loop
      vertex 115 55.44 51.98
      vertex 116.05 55.44 64.32
      vertex 115 55.44 64.32
    endloop
  endfacet
  facet normal 0 -1 -0
    outer loop
      vertex 116.05 55.44 64.32
      vertex 115 55.44 51.98
      vertex 116.05 55.44 51.98
    endloop
  endfacet
endsolid OpenSCAD_Model
